2025-05-02 12:05:45,236 - INFO - Thread 23400 - Iniciando extração de boletos
2025-05-02 12:05:45,241 - INFO - Thread 23400 - 🔄 Iniciando o processamento de boletos Hapvida
2025-05-02 12:05:45,245 - INFO - Thread 23400 - Backup do Excel criado: uploads\SINTICLEPEMPa.xlsx.bak
2025-05-02 12:05:45,245 - INFO - Thread 23400 - ✅ Backup do arquivo Excel criado com sucesso
2025-05-02 12:05:45,349 - ERROR - Thread 23400 - ❌ Data de vencimento inválida: 20/5/2025
2025-05-02 12:05:45,349 - ERROR - Thread 23400 - Erro na extração de boletos: Data de vencimento inválida: 20/5/2025
2025-05-02 12:09:17,261 - INFO - Thread 31908 - Iniciando extração de boletos
2025-05-02 12:09:17,262 - INFO - Thread 31908 - 🔄 Iniciando o processamento de boletos Hapvida
2025-05-02 12:09:17,264 - INFO - Thread 31908 - Backup do Excel criado: uploads\SINTICLEPEMP.xlsx.bak
2025-05-02 12:09:17,265 - INFO - Thread 31908 - ✅ Backup do arquivo Excel criado com sucesso
2025-05-02 12:09:17,513 - INFO - Thread 31908 - 🔍 Processando 213 empresas para boletos com vencimento em 20/04/2025
2025-05-02 12:09:17,537 - DEBUG - Thread 10580 - Using proactor: IocpProactor
2025-05-02 12:09:17,538 - DEBUG - Thread 24096 - Using proactor: IocpProactor
2025-05-02 12:09:17,539 - DEBUG - Thread 10792 - Using proactor: IocpProactor
2025-05-02 12:09:17,540 - DEBUG - Thread 22700 - Using proactor: IocpProactor
2025-05-02 12:09:17,545 - DEBUG - Thread 25612 - Using proactor: IocpProactor
2025-05-02 12:09:17,547 - DEBUG - Thread 27032 - Using proactor: IocpProactor
2025-05-02 12:09:17,553 - DEBUG - Thread 14376 - Using proactor: IocpProactor
2025-05-02 12:09:17,558 - DEBUG - Thread 1952 - Using proactor: IocpProactor
2025-05-02 12:09:17,560 - DEBUG - Thread 29820 - Using proactor: IocpProactor
2025-05-02 12:09:17,562 - DEBUG - Thread 10644 - Using proactor: IocpProactor
2025-05-02 12:09:17,580 - DEBUG - Thread 5352 - Using proactor: IocpProactor
2025-05-02 12:09:17,587 - DEBUG - Thread 19824 - Using proactor: IocpProactor
2025-05-02 12:09:17,830 - DEBUG - Thread 33800 - Using proactor: IocpProactor
2025-05-02 12:09:17,831 - DEBUG - Thread 32624 - Using proactor: IocpProactor
2025-05-02 12:09:17,869 - DEBUG - Thread 32220 - Using proactor: IocpProactor
2025-05-02 12:09:29,458 - INFO - Thread 19824 - Worker 11: Navegador inicializado
2025-05-02 12:09:29,459 - INFO - Thread 19824 - Worker 11: Processando 0DTY7 (37.233.759 MARIA GENEROZA H SECUNDES)
2025-05-02 12:09:29,461 - INFO - Thread 24096 - Worker 1: Navegador inicializado
2025-05-02 12:09:29,461 - INFO - Thread 24096 - Worker 1: Processando 0CPDD (44.537.597 EVANIA FERREIRA DA SILVA)
2025-05-02 12:09:29,463 - INFO - Thread 5352 - Worker 10: Navegador inicializado
2025-05-02 12:09:29,463 - INFO - Thread 5352 - Worker 10: Processando 0CIX1 (49.086.988 LUAN DE SOUSA FREIRE)
2025-05-02 12:09:29,468 - DEBUG - Thread 19824 - Starting new HTTPS connection (1): webhap.hapvida.com.br:443
2025-05-02 12:09:29,469 - INFO - Thread 27032 - Worker 5: Navegador inicializado
2025-05-02 12:09:29,470 - INFO - Thread 32220 - Worker 14: Navegador inicializado
2025-05-02 12:09:29,470 - INFO - Thread 10580 - Worker 0: Navegador inicializado
2025-05-02 12:09:29,471 - DEBUG - Thread 5352 - Starting new HTTPS connection (1): webhap.hapvida.com.br:443
2025-05-02 12:09:29,472 - INFO - Thread 25612 - Worker 4: Navegador inicializado
2025-05-02 12:09:29,475 - INFO - Thread 25612 - Worker 4: Processando 0FNP9 (AC SERVIÇOS LTDA)
2025-05-02 12:09:29,472 - INFO - Thread 32220 - Worker 14: Processando 0GEA0 (A E GAIO DESENHOS TECNICOS LTDA)
2025-05-02 12:09:29,473 - INFO - Thread 10792 - Worker 2: Navegador inicializado
2025-05-02 12:09:29,475 - INFO - Thread 10644 - Worker 9: Navegador inicializado
2025-05-02 12:09:29,475 - INFO - Thread 10580 - Worker 0: Processando 0H6N8 (A&J - PROJETOS DE ENGENHARIA LTDA)
2025-05-02 12:09:29,472 - INFO - Thread 27032 - Worker 5: Processando 0DVCA (49.303.481 KAMILLA COSTA DA S MATOS)
2025-05-02 12:09:29,476 - INFO - Thread 10792 - Worker 2: Processando 0DNK0 (ADRIELLE BORGES FERREIRA)
2025-05-02 12:09:29,476 - INFO - Thread 10644 - Worker 9: Processando 0H5N0 (AESIR CONSULTORIA E GEOLOGIA LTDA)
2025-05-02 12:09:29,481 - DEBUG - Thread 32220 - Starting new HTTPS connection (1): webhap.hapvida.com.br:443
2025-05-02 12:09:29,481 - DEBUG - Thread 25612 - Starting new HTTPS connection (1): webhap.hapvida.com.br:443
2025-05-02 12:09:29,481 - DEBUG - Thread 27032 - Starting new HTTPS connection (1): webhap.hapvida.com.br:443
2025-05-02 12:09:29,483 - DEBUG - Thread 10580 - Starting new HTTPS connection (1): webhap.hapvida.com.br:443
2025-05-02 12:09:29,484 - DEBUG - Thread 10792 - Starting new HTTPS connection (1): webhap.hapvida.com.br:443
2025-05-02 12:09:29,487 - DEBUG - Thread 10644 - Starting new HTTPS connection (1): webhap.hapvida.com.br:443
2025-05-02 12:09:29,488 - DEBUG - Thread 24096 - Starting new HTTPS connection (1): webhap.hapvida.com.br:443
2025-05-02 12:09:29,500 - INFO - Thread 33800 - Worker 12: Navegador inicializado
2025-05-02 12:09:29,500 - INFO - Thread 33800 - Worker 12: Processando 0H4WK (AGENCIA CONFORME CONSULT FORM E EMPREGOS)
2025-05-02 12:09:29,502 - DEBUG - Thread 33800 - Starting new HTTPS connection (1): webhap.hapvida.com.br:443
2025-05-02 12:09:29,518 - INFO - Thread 1952 - Worker 7: Navegador inicializado
2025-05-02 12:09:29,519 - INFO - Thread 1952 - Worker 7: Processando 06ZWT (ALBUQUERQUE SOLUCOES ELETRICAS LTDA)
2025-05-02 12:09:29,521 - DEBUG - Thread 1952 - Starting new HTTPS connection (1): webhap.hapvida.com.br:443
2025-05-02 12:09:29,522 - INFO - Thread 32624 - Worker 13: Navegador inicializado
2025-05-02 12:09:29,523 - INFO - Thread 32624 - Worker 13: Processando 0I36X (ALEX SANDRO GOMES MORAIS)
2025-05-02 12:09:29,525 - INFO - Thread 29820 - Worker 8: Navegador inicializado
2025-05-02 12:09:29,526 - INFO - Thread 29820 - Worker 8: Processando 0FY48 (AMAZONIA MANUT E SERV ELETRICOS LTDA)
2025-05-02 12:09:29,527 - DEBUG - Thread 32624 - Starting new HTTPS connection (1): webhap.hapvida.com.br:443
2025-05-02 12:09:29,528 - DEBUG - Thread 29820 - Starting new HTTPS connection (1): webhap.hapvida.com.br:443
2025-05-02 12:09:30,588 - INFO - Thread 14376 - Worker 6: Navegador inicializado
2025-05-02 12:09:30,589 - INFO - Thread 14376 - Worker 6: Processando 04FZ6 (AMAZONIA MANUTENCAO E SERVIC ELETRICOS EIRELI)
2025-05-02 12:09:30,590 - DEBUG - Thread 14376 - Starting new HTTPS connection (1): webhap.hapvida.com.br:443
2025-05-02 12:09:30,593 - INFO - Thread 22700 - Worker 3: Navegador inicializado
2025-05-02 12:09:30,593 - INFO - Thread 22700 - Worker 3: Processando 0ICHD (ANA PAULA NUNES PARRIAO)
2025-05-02 12:09:30,598 - DEBUG - Thread 22700 - Starting new HTTPS connection (1): webhap.hapvida.com.br:443
2025-05-02 12:09:33,294 - DEBUG - Thread 10580 - https://webhap.hapvida.com.br:443 "GET /pls/webhap/webNewBoletoEmpresa.login HTTP/11" 200 None
2025-05-02 12:09:33,371 - DEBUG - Thread 25612 - https://webhap.hapvida.com.br:443 "GET /pls/webhap/webNewBoletoEmpresa.login HTTP/11" 200 None
2025-05-02 12:09:33,433 - DEBUG - Thread 27032 - https://webhap.hapvida.com.br:443 "GET /pls/webhap/webNewBoletoEmpresa.login HTTP/11" 200 None
2025-05-02 12:09:33,453 - DEBUG - Thread 10580 - https://webhap.hapvida.com.br:443 "POST /pls/webhap/webNewBoletoEmpresa.loginValidacao HTTP/11" 302 2
2025-05-02 12:09:33,487 - DEBUG - Thread 19824 - https://webhap.hapvida.com.br:443 "GET /pls/webhap/webNewBoletoEmpresa.login HTTP/11" 200 None
2025-05-02 12:09:33,532 - DEBUG - Thread 25612 - https://webhap.hapvida.com.br:443 "POST /pls/webhap/webNewBoletoEmpresa.loginValidacao HTTP/11" 302 2
2025-05-02 12:09:33,562 - DEBUG - Thread 24096 - https://webhap.hapvida.com.br:443 "GET /pls/webhap/webNewBoletoEmpresa.login HTTP/11" 200 None
2025-05-02 12:09:33,617 - DEBUG - Thread 27032 - https://webhap.hapvida.com.br:443 "POST /pls/webhap/webNewBoletoEmpresa.loginValidacao HTTP/11" 302 2
2025-05-02 12:09:33,693 - DEBUG - Thread 14376 - https://webhap.hapvida.com.br:443 "GET /pls/webhap/webNewBoletoEmpresa.login HTTP/11" 200 None
2025-05-02 12:09:33,704 - DEBUG - Thread 19824 - https://webhap.hapvida.com.br:443 "POST /pls/webhap/webNewBoletoEmpresa.loginValidacao HTTP/11" 302 2
2025-05-02 12:09:33,724 - DEBUG - Thread 24096 - https://webhap.hapvida.com.br:443 "POST /pls/webhap/webNewBoletoEmpresa.loginValidacao HTTP/11" 302 2
2025-05-02 12:09:33,872 - DEBUG - Thread 14376 - https://webhap.hapvida.com.br:443 "POST /pls/webhap/webNewBoletoEmpresa.loginValidacao HTTP/11" 302 2
2025-05-02 12:09:33,895 - DEBUG - Thread 10580 - https://webhap.hapvida.com.br:443 "GET /pls/webhap/webNewBoletoEmpresa.obrigacaoLista?pPessoa=255151945&pNoCache=1202092534&pIdSessao=Vnlm/ge3KGYr8mwGqe1iSTpm8XQqNfZm HTTP/11" 200 None
2025-05-02 12:09:33,905 - INFO - Thread 10580 - Worker 0: ❌ Fatura com vencimento em 20/04/2025 não encontrada.
2025-05-02 12:09:34,006 - INFO - Thread 10580 - Worker 0: Processando 0ICGG (ANDERSON CASTRO SAMPAIO)
2025-05-02 12:09:34,010 - DEBUG - Thread 25612 - https://webhap.hapvida.com.br:443 "GET /pls/webhap/webNewBoletoEmpresa.obrigacaoLista?pPessoa=228442314&pNoCache=1202092534&pIdSessao=Vnlm/ge3KGYr8mwGqe1iSZOFriFuVkkV HTTP/11" 200 None
2025-05-02 12:09:34,019 - INFO - Thread 25612 - Worker 4: ❌ Fatura com vencimento em 20/04/2025 não encontrada.
2025-05-02 12:09:34,089 - DEBUG - Thread 27032 - https://webhap.hapvida.com.br:443 "GET /pls/webhap/webNewBoletoEmpresa.obrigacaoLista?pPessoa=215597349&pNoCache=1202092534&pIdSessao=Vnlm/ge3KGYr8mwGqe1iSdbWLUrMmUSW HTTP/11" 200 None
2025-05-02 12:09:34,098 - INFO - Thread 27032 - Worker 5: ❌ Fatura com vencimento em 20/04/2025 não encontrada.
2025-05-02 12:09:34,111 - DEBUG - Thread 10580 - https://webhap.hapvida.com.br:443 "GET /pls/webhap/webNewBoletoEmpresa.login HTTP/11" 200 None
2025-05-02 12:09:34,120 - INFO - Thread 25612 - Worker 4: Processando 0ICFO (ANDREIA DE ALMEIDA VICENTE)
2025-05-02 12:09:34,199 - INFO - Thread 27032 - Worker 5: Processando 0F9JD (ANDREIA GOMES RODRIGUES DE LIMA)
2025-05-02 12:09:34,216 - DEBUG - Thread 25612 - https://webhap.hapvida.com.br:443 "GET /pls/webhap/webNewBoletoEmpresa.login HTTP/11" 200 None
2025-05-02 12:09:34,231 - DEBUG - Thread 19824 - https://webhap.hapvida.com.br:443 "GET /pls/webhap/webNewBoletoEmpresa.obrigacaoLista?pPessoa=215114402&pNoCache=1202092534&pIdSessao=Vnlm/ge3KGYr8mwGqe1iSZ4hbfWiE9bC HTTP/11" 200 None
2025-05-02 12:09:34,240 - INFO - Thread 19824 - Worker 11: ❌ Fatura com vencimento em 20/04/2025 não encontrada.
2025-05-02 12:09:34,268 - DEBUG - Thread 24096 - https://webhap.hapvida.com.br:443 "GET /pls/webhap/webNewBoletoEmpresa.obrigacaoLista?pPessoa=206960770&pNoCache=1202092534&pIdSessao=Vnlm/ge3KGYr8mwGqe1iSTfX9toFVeBPPP HTTP/11" 200 None
2025-05-02 12:09:34,278 - INFO - Thread 24096 - Worker 1: ❌ Fatura com vencimento em 20/04/2025 não encontrada.
2025-05-02 12:09:34,314 - DEBUG - Thread 27032 - https://webhap.hapvida.com.br:443 "GET /pls/webhap/webNewBoletoEmpresa.login HTTP/11" 200 None
2025-05-02 12:09:34,316 - DEBUG - Thread 10580 - https://webhap.hapvida.com.br:443 "POST /pls/webhap/webNewBoletoEmpresa.loginValidacao HTTP/11" 302 2
2025-05-02 12:09:34,341 - INFO - Thread 19824 - Worker 11: Processando 08Q43 (ANDRESA SOUSA SANTOS FERREIRA)
2025-05-02 12:09:34,349 - DEBUG - Thread 14376 - https://webhap.hapvida.com.br:443 "GET /pls/webhap/webNewBoletoEmpresa.obrigacaoLista?pPessoa=126950578&pNoCache=1202092535&pIdSessao=Vnlm/ge3KGaOdR8zVcJadXoUkKn8YOPp HTTP/11" 200 None
2025-05-02 12:09:34,358 - INFO - Thread 14376 - Worker 6: ❌ Fatura com vencimento em 20/04/2025 não encontrada.
2025-05-02 12:09:34,359 - DEBUG - Thread 33800 - https://webhap.hapvida.com.br:443 "GET /pls/webhap/webNewBoletoEmpresa.login HTTP/11" 200 None
2025-05-02 12:09:34,367 - DEBUG - Thread 25612 - https://webhap.hapvida.com.br:443 "POST /pls/webhap/webNewBoletoEmpresa.loginValidacao HTTP/11" 302 2
2025-05-02 12:09:34,378 - INFO - Thread 24096 - Worker 1: Processando 0DY8R (ANDREW SERVIÇOS LTDA)
2025-05-02 12:09:34,391 - DEBUG - Thread 32624 - https://webhap.hapvida.com.br:443 "GET /pls/webhap/webNewBoletoEmpresa.login HTTP/11" 200 None
2025-05-02 12:09:34,456 - DEBUG - Thread 19824 - https://webhap.hapvida.com.br:443 "GET /pls/webhap/webNewBoletoEmpresa.login HTTP/11" 200 None
2025-05-02 12:09:34,459 - INFO - Thread 14376 - Worker 6: Processando 0J99X (ARMAC LOCACAO, LOGISTICA E SERVICOS S.A)
2025-05-02 12:09:34,557 - DEBUG - Thread 32220 - https://webhap.hapvida.com.br:443 "GET /pls/webhap/webNewBoletoEmpresa.login HTTP/11" 200 None
2025-05-02 12:09:34,557 - DEBUG - Thread 27032 - https://webhap.hapvida.com.br:443 "POST /pls/webhap/webNewBoletoEmpresa.loginValidacao HTTP/11" 302 2
2025-05-02 12:09:34,562 - DEBUG - Thread 24096 - https://webhap.hapvida.com.br:443 "GET /pls/webhap/webNewBoletoEmpresa.login HTTP/11" 200 None
2025-05-02 12:09:34,563 - DEBUG - Thread 33800 - https://webhap.hapvida.com.br:443 "POST /pls/webhap/webNewBoletoEmpresa.loginValidacao HTTP/11" 302 2
2025-05-02 12:09:34,564 - DEBUG - Thread 10644 - https://webhap.hapvida.com.br:443 "GET /pls/webhap/webNewBoletoEmpresa.login HTTP/11" 200 None
2025-05-02 12:09:34,564 - DEBUG - Thread 32624 - https://webhap.hapvida.com.br:443 "POST /pls/webhap/webNewBoletoEmpresa.loginValidacao HTTP/11" 302 2
2025-05-02 12:09:34,568 - DEBUG - Thread 14376 - https://webhap.hapvida.com.br:443 "GET /pls/webhap/webNewBoletoEmpresa.login HTTP/11" 200 None
2025-05-02 12:09:34,654 - DEBUG - Thread 19824 - https://webhap.hapvida.com.br:443 "POST /pls/webhap/webNewBoletoEmpresa.loginValidacao HTTP/11" 302 2
2025-05-02 12:09:34,873 - DEBUG - Thread 25612 - https://webhap.hapvida.com.br:443 "GET /pls/webhap/webNewBoletoEmpresa.obrigacaoLista?pPessoa=263594796&pNoCache=1202092535&pIdSessao=Vnlm/ge3KGaOdR8zVcJadQj5ZlZ7ZB4K HTTP/11" 200 None
2025-05-02 12:09:34,885 - DEBUG - Thread 10580 - https://webhap.hapvida.com.br:443 "GET /pls/webhap/webNewBoletoEmpresa.obrigacaoLista?pPessoa=263601385&pNoCache=1202092535&pIdSessao=Vnlm/ge3KGaOdR8zVcJadU3x72iAhp3s HTTP/11" 200 None
2025-05-02 12:09:34,894 - INFO - Thread 10580 - Worker 0: ❌ Fatura com vencimento em 20/04/2025 não encontrada.
2025-05-02 12:09:34,995 - INFO - Thread 10580 - Worker 0: Processando 056Y2 (ARTCON ARTEFATOS DE CONCRETO EIRELI)
2025-05-02 12:09:35,083 - DEBUG - Thread 1952 - https://webhap.hapvida.com.br:443 "GET /pls/webhap/webNewBoletoEmpresa.login HTTP/11" 200 None
2025-05-02 12:09:35,087 - DEBUG - Thread 25612 - https://webhap.hapvida.com.br:443 "POST /pls/webhap/webNewBoletoEmpresa.obrigacaoDados HTTP/11" 200 None
2025-05-02 12:09:35,096 - DEBUG - Thread 10580 - https://webhap.hapvida.com.br:443 "GET /pls/webhap/webNewBoletoEmpresa.login HTTP/11" 200 None
2025-05-02 12:09:35,131 - DEBUG - Thread 10644 - https://webhap.hapvida.com.br:443 "POST /pls/webhap/webNewBoletoEmpresa.loginValidacao HTTP/11" 302 2
2025-05-02 12:09:35,142 - DEBUG - Thread 32220 - https://webhap.hapvida.com.br:443 "POST /pls/webhap/webNewBoletoEmpresa.loginValidacao HTTP/11" 302 2
2025-05-02 12:09:35,144 - DEBUG - Thread 14376 - https://webhap.hapvida.com.br:443 "POST /pls/webhap/webNewBoletoEmpresa.loginValidacao HTTP/11" 302 2
2025-05-02 12:09:35,157 - DEBUG - Thread 24096 - https://webhap.hapvida.com.br:443 "POST /pls/webhap/webNewBoletoEmpresa.loginValidacao HTTP/11" 302 2
2025-05-02 12:09:35,166 - DEBUG - Thread 22700 - https://webhap.hapvida.com.br:443 "GET /pls/webhap/webNewBoletoEmpresa.login HTTP/11" 200 None
2025-05-02 12:09:35,169 - DEBUG - Thread 10792 - https://webhap.hapvida.com.br:443 "GET /pls/webhap/webNewBoletoEmpresa.login HTTP/11" 200 None
2025-05-02 12:09:35,183 - DEBUG - Thread 25612 - https://webhap.hapvida.com.br:443 "POST /pls/webhap/webNewBoletoEmpresa.validaObrigacao HTTP/11" 302 None
2025-05-02 12:09:35,234 - DEBUG - Thread 5352 - https://webhap.hapvida.com.br:443 "GET /pls/webhap/webNewBoletoEmpresa.login HTTP/11" 200 None
2025-05-02 12:09:35,237 - DEBUG - Thread 1952 - https://webhap.hapvida.com.br:443 "POST /pls/webhap/webNewBoletoEmpresa.loginValidacao HTTP/11" 302 2
2025-05-02 12:09:35,242 - DEBUG - Thread 10580 - https://webhap.hapvida.com.br:443 "POST /pls/webhap/webNewBoletoEmpresa.loginValidacao HTTP/11" 302 2
2025-05-02 12:09:35,310 - DEBUG - Thread 25612 - https://webhap.hapvida.com.br:443 "GET /pls/webhap/webNewBoletoEmpresa.boleto_cc?pIdSessao=Vnlm/ge3KGaOdR8zVcJadQj5ZlZ7ZB4K&pNoCache=1202092535&pPessoa=263594796&pObrigacao=3046769694 HTTP/11" 200 None
2025-05-02 12:09:35,322 - DEBUG - Thread 10792 - https://webhap.hapvida.com.br:443 "POST /pls/webhap/webNewBoletoEmpresa.loginValidacao HTTP/11" 302 2
2025-05-02 12:09:35,347 - DEBUG - Thread 22700 - https://webhap.hapvida.com.br:443 "POST /pls/webhap/webNewBoletoEmpresa.loginValidacao HTTP/11" 302 2
2025-05-02 12:09:35,421 - DEBUG - Thread 33800 - https://webhap.hapvida.com.br:443 "GET /pls/webhap/webNewBoletoEmpresa.obrigacaoLista?pPessoa=254900340&pNoCache=1202092535&pIdSessao=Vnlm/ge3KGaOdR8zVcJadfnTCkUvOmIL HTTP/11" 200 None
2025-05-02 12:09:35,431 - INFO - Thread 33800 - Worker 12: ❌ Fatura com vencimento em 20/04/2025 não encontrada.
2025-05-02 12:09:35,451 - DEBUG - Thread 32624 - https://webhap.hapvida.com.br:443 "GET /pls/webhap/webNewBoletoEmpresa.obrigacaoLista?pPessoa=259015744&pNoCache=1202092535&pIdSessao=Vnlm/ge3KGaOdR8zVcJadSZ8vxpqvYAm HTTP/11" 200 None
2025-05-02 12:09:35,526 - DEBUG - Thread 27032 - https://webhap.hapvida.com.br:443 "GET /pls/webhap/webNewBoletoEmpresa.obrigacaoLista?pPessoa=225791300&pNoCache=1202092535&pIdSessao=Vnlm/ge3KGaOdR8zVcJadaCJPgwLYxRh HTTP/11" 200 None
2025-05-02 12:09:35,536 - INFO - Thread 33800 - Worker 12: Processando 0520W (ARTCON ARTEFATOS DE CONCRETO EIRELI_2)
2025-05-02 12:09:35,544 - DEBUG - Thread 19824 - https://webhap.hapvida.com.br:443 "GET /pls/webhap/webNewBoletoEmpresa.obrigacaoLista?pPessoa=202321439&pNoCache=1202092535&pIdSessao=Vnlm/ge3KGaOdR8zVcJadZUJq2Hq4CEn HTTP/11" 200 None
2025-05-02 12:09:35,560 - INFO - Thread 19824 - Worker 11: ❌ Fatura com vencimento em 20/04/2025 não encontrada.
2025-05-02 12:09:35,577 - DEBUG - Thread 32624 - https://webhap.hapvida.com.br:443 "POST /pls/webhap/webNewBoletoEmpresa.obrigacaoDados HTTP/11" 200 None
2025-05-02 12:09:35,603 - DEBUG - Thread 32220 - https://webhap.hapvida.com.br:443 "GET /pls/webhap/webNewBoletoEmpresa.obrigacaoLista?pPessoa=249513016&pNoCache=1202092536&pIdSessao=Vnlm/ge3KGYGhKstnjCZ1gs5fKPupy7f HTTP/11" 200 None
2025-05-02 12:09:35,616 - INFO - Thread 32220 - Worker 14: ❌ Fatura com vencimento em 20/04/2025 não encontrada.
2025-05-02 12:09:35,645 - DEBUG - Thread 33800 - https://webhap.hapvida.com.br:443 "GET /pls/webhap/webNewBoletoEmpresa.login HTTP/11" 200 None
2025-05-02 12:09:35,653 - DEBUG - Thread 27032 - https://webhap.hapvida.com.br:443 "POST /pls/webhap/webNewBoletoEmpresa.obrigacaoDados HTTP/11" 200 None
2025-05-02 12:09:35,661 - INFO - Thread 19824 - Worker 11: Processando 0FCHA (ASS REPRESENTAÇÕES E SERV LTDA)
2025-05-02 12:09:35,666 - DEBUG - Thread 24096 - https://webhap.hapvida.com.br:443 "GET /pls/webhap/webNewBoletoEmpresa.obrigacaoLista?pPessoa=215964970&pNoCache=1202092536&pIdSessao=Vnlm/ge3KGYGhKstnjCZ1gpzqgbowVIr HTTP/11" 200 None
2025-05-02 12:09:35,676 - DEBUG - Thread 32624 - https://webhap.hapvida.com.br:443 "POST /pls/webhap/webNewBoletoEmpresa.validaObrigacao HTTP/11" 302 None
2025-05-02 12:09:35,689 - DEBUG - Thread 10644 - https://webhap.hapvida.com.br:443 "GET /pls/webhap/webNewBoletoEmpresa.obrigacaoLista?pPessoa=255030706&pNoCache=1202092536&pIdSessao=Vnlm/ge3KGYGhKstnjCZ1vDUcq9jU8NL HTTP/11" 200 None
2025-05-02 12:09:35,699 - INFO - Thread 10644 - Worker 9: ❌ Fatura com vencimento em 20/04/2025 não encontrada.
2025-05-02 12:09:35,700 - DEBUG - Thread 1952 - https://webhap.hapvida.com.br:443 "GET /pls/webhap/webNewBoletoEmpresa.obrigacaoLista?pPessoa=185640822&pNoCache=1202092536&pIdSessao=Vnlm/ge3KGYGhKstnjCZ1hJOZlHqL7RT HTTP/11" 200 None
2025-05-02 12:09:35,710 - INFO - Thread 1952 - Worker 7: ❌ Fatura com vencimento em 20/04/2025 não encontrada.
2025-05-02 12:09:35,717 - INFO - Thread 32220 - Worker 14: Processando 0FJ59 (ATHOBIM CONSTRUÇÃO E TECNOLOGIA LTDA)
2025-05-02 12:09:35,728 - DEBUG - Thread 10580 - https://webhap.hapvida.com.br:443 "GET /pls/webhap/webNewBoletoEmpresa.obrigacaoLista?pPessoa=138553439&pNoCache=1202092536&pIdSessao=Vnlm/ge3KGYGhKstnjCZ1g7kf1TTZb7F HTTP/11" 200 None
2025-05-02 12:09:35,738 - INFO - Thread 10580 - Worker 0: ❌ Fatura com vencimento em 20/04/2025 não encontrada.
2025-05-02 12:09:35,754 - DEBUG - Thread 14376 - https://webhap.hapvida.com.br:443 "GET /pls/webhap/webNewBoletoEmpresa.obrigacaoLista?pPessoa=144879685&pNoCache=1202092536&pIdSessao=Vnlm/ge3KGYGhKstnjCZ1n37aosdnnG0 HTTP/11" 200 None
2025-05-02 12:09:35,764 - INFO - Thread 14376 - Worker 6: ❌ Fatura com vencimento em 20/04/2025 não encontrada.
2025-05-02 12:09:35,765 - DEBUG - Thread 27032 - https://webhap.hapvida.com.br:443 "POST /pls/webhap/webNewBoletoEmpresa.validaObrigacao HTTP/11" 302 None
2025-05-02 12:09:35,781 - DEBUG - Thread 19824 - https://webhap.hapvida.com.br:443 "GET /pls/webhap/webNewBoletoEmpresa.login HTTP/11" 200 None
2025-05-02 12:09:35,785 - DEBUG - Thread 10792 - https://webhap.hapvida.com.br:443 "GET /pls/webhap/webNewBoletoEmpresa.obrigacaoLista?pPessoa=214050907&pNoCache=1202092536&pIdSessao=Vnlm/ge3KGYGhKstnjCZ1un89THzw5vM HTTP/11" 200 None
2025-05-02 12:09:35,796 - INFO - Thread 10792 - Worker 2: ❌ Fatura com vencimento em 20/04/2025 não encontrada.
2025-05-02 12:09:35,796 - DEBUG - Thread 24096 - https://webhap.hapvida.com.br:443 "POST /pls/webhap/webNewBoletoEmpresa.obrigacaoDados HTTP/11" 200 None
2025-05-02 12:09:35,800 - INFO - Thread 10644 - Worker 9: Processando 05VU7 (BARROS COM VAREJISTA E SERV LTDA)
2025-05-02 12:09:35,801 - DEBUG - Thread 33800 - https://webhap.hapvida.com.br:443 "POST /pls/webhap/webNewBoletoEmpresa.loginValidacao HTTP/11" 302 2
2025-05-02 12:09:35,811 - INFO - Thread 1952 - Worker 7: Processando 0FIPE (BIOMA-MEIO AMBIENTE LTDA)
2025-05-02 12:09:35,817 - DEBUG - Thread 32220 - https://webhap.hapvida.com.br:443 "GET /pls/webhap/webNewBoletoEmpresa.login HTTP/11" 200 None
2025-05-02 12:09:35,825 - DEBUG - Thread 32624 - https://webhap.hapvida.com.br:443 "GET /pls/webhap/webNewBoletoEmpresa.boleto_cc?pIdSessao=Vnlm/ge3KGaOdR8zVcJadSZ8vxpqvYAm&pNoCache=1202092535&pPessoa=259015744&pObrigacao=3046767322 HTTP/11" 200 None
2025-05-02 12:09:35,841 - INFO - Thread 10580 - Worker 0: Processando 0I3R8 (BRASI - NOX - MINERACAO E EXPO DE METAIS LTDA)
2025-05-02 12:09:35,866 - INFO - Thread 14376 - Worker 6: Processando 0F3NA (C. C. C. DOS SANTOS COMERCIO)
2025-05-02 12:09:35,891 - DEBUG - Thread 27032 - https://webhap.hapvida.com.br:443 "GET /pls/webhap/webNewBoletoEmpresa.boleto_cc?pIdSessao=Vnlm/ge3KGaOdR8zVcJadaCJPgwLYxRh&pNoCache=1202092535&pPessoa=225791300&pObrigacao=3046741382 HTTP/11" 200 None
2025-05-02 12:09:35,894 - DEBUG - Thread 24096 - https://webhap.hapvida.com.br:443 "POST /pls/webhap/webNewBoletoEmpresa.validaObrigacao HTTP/11" 302 None
2025-05-02 12:09:35,898 - INFO - Thread 10792 - Worker 2: Processando 0ICNK (C. S. DA SILVA COMERCIO DE TINTAS)
2025-05-02 12:09:35,915 - DEBUG - Thread 10644 - https://webhap.hapvida.com.br:443 "GET /pls/webhap/webNewBoletoEmpresa.login HTTP/11" 200 None
2025-05-02 12:09:35,919 - DEBUG - Thread 1952 - https://webhap.hapvida.com.br:443 "GET /pls/webhap/webNewBoletoEmpresa.login HTTP/11" 200 None
2025-05-02 12:09:35,946 - DEBUG - Thread 10580 - https://webhap.hapvida.com.br:443 "GET /pls/webhap/webNewBoletoEmpresa.login HTTP/11" 200 None
2025-05-02 12:09:35,952 - DEBUG - Thread 19824 - https://webhap.hapvida.com.br:443 "POST /pls/webhap/webNewBoletoEmpresa.loginValidacao HTTP/11" 302 2
2025-05-02 12:09:35,954 - DEBUG - Thread 22700 - https://webhap.hapvida.com.br:443 "GET /pls/webhap/webNewBoletoEmpresa.obrigacaoLista?pPessoa=263609645&pNoCache=1202092536&pIdSessao=Vnlm/ge3KGYGhKstnjCZ1qtH8PPPvZaHwu HTTP/11" 200 None
2025-05-02 12:09:35,968 - INFO - Thread 22700 - Worker 3: ❌ Fatura com vencimento em 20/04/2025 não encontrada.
2025-05-02 12:09:35,981 - DEBUG - Thread 14376 - https://webhap.hapvida.com.br:443 "GET /pls/webhap/webNewBoletoEmpresa.login HTTP/11" 200 None
2025-05-02 12:09:35,981 - DEBUG - Thread 32220 - https://webhap.hapvida.com.br:443 "POST /pls/webhap/webNewBoletoEmpresa.loginValidacao HTTP/11" 302 2
2025-05-02 12:09:36,002 - DEBUG - Thread 10792 - https://webhap.hapvida.com.br:443 "GET /pls/webhap/webNewBoletoEmpresa.login HTTP/11" 200 None
2025-05-02 12:09:36,036 - DEBUG - Thread 24096 - https://webhap.hapvida.com.br:443 "GET /pls/webhap/webNewBoletoEmpresa.boleto_cc?pIdSessao=Vnlm/ge3KGYGhKstnjCZ1gpzqgbowVIr&pNoCache=1202092536&pPessoa=215964970&pObrigacao=3046644093 HTTP/11" 200 None
2025-05-02 12:09:36,069 - INFO - Thread 22700 - Worker 3: Processando 0FINW (CARINES DIAS MIRANDA)
2025-05-02 12:09:36,071 - DEBUG - Thread 10644 - https://webhap.hapvida.com.br:443 "POST /pls/webhap/webNewBoletoEmpresa.loginValidacao HTTP/11" 302 2
2025-05-02 12:09:36,078 - DEBUG - Thread 1952 - https://webhap.hapvida.com.br:443 "POST /pls/webhap/webNewBoletoEmpresa.loginValidacao HTTP/11" 302 2
2025-05-02 12:09:36,119 - DEBUG - Thread 10580 - https://webhap.hapvida.com.br:443 "POST /pls/webhap/webNewBoletoEmpresa.loginValidacao HTTP/11" 302 2
2025-05-02 12:09:36,133 - DEBUG - Thread 5352 - https://webhap.hapvida.com.br:443 "POST /pls/webhap/webNewBoletoEmpresa.loginValidacao HTTP/11" 302 2
2025-05-02 12:09:36,155 - DEBUG - Thread 14376 - https://webhap.hapvida.com.br:443 "POST /pls/webhap/webNewBoletoEmpresa.loginValidacao HTTP/11" 302 2
2025-05-02 12:09:36,167 - DEBUG - Thread 22700 - https://webhap.hapvida.com.br:443 "GET /pls/webhap/webNewBoletoEmpresa.login HTTP/11" 200 None
2025-05-02 12:09:36,168 - DEBUG - Thread 10792 - https://webhap.hapvida.com.br:443 "POST /pls/webhap/webNewBoletoEmpresa.loginValidacao HTTP/11" 302 2
2025-05-02 12:09:36,301 - DEBUG - Thread 33800 - https://webhap.hapvida.com.br:443 "GET /pls/webhap/webNewBoletoEmpresa.obrigacaoLista?pPessoa=137061036&pNoCache=1202092537&pIdSessao=Vnlm/ge3KGYGhKstnjCZ1oJAY4L6TdXf HTTP/11" 200 None
2025-05-02 12:09:36,310 - INFO - Thread 33800 - Worker 12: ❌ Fatura com vencimento em 20/04/2025 não encontrada.
2025-05-02 12:09:36,334 - DEBUG - Thread 22700 - https://webhap.hapvida.com.br:443 "POST /pls/webhap/webNewBoletoEmpresa.loginValidacao HTTP/11" 302 2
2025-05-02 12:09:36,411 - INFO - Thread 33800 - Worker 12: Processando 0F8MR (CARVALHO AMORIN CONST DE EST E TELECO LTDA)
2025-05-02 12:09:36,441 - DEBUG - Thread 19824 - https://webhap.hapvida.com.br:443 "GET /pls/webhap/webNewBoletoEmpresa.obrigacaoLista?pPessoa=226163965&pNoCache=1202092537&pIdSessao=Vnlm/ge3KGZLpJuH3WCC1EIM8PPPUqUNjX HTTP/11" 200 None
2025-05-02 12:09:36,451 - INFO - Thread 19824 - Worker 11: ❌ Fatura com vencimento em 20/04/2025 não encontrada.
2025-05-02 12:09:36,510 - DEBUG - Thread 32220 - https://webhap.hapvida.com.br:443 "GET /pls/webhap/webNewBoletoEmpresa.obrigacaoLista?pPessoa=227558866&pNoCache=1202092537&pIdSessao=Vnlm/ge3KGZLpJuH3WCC1KSgWwXRFHY6 HTTP/11" 200 None
2025-05-02 12:09:36,521 - DEBUG - Thread 33800 - https://webhap.hapvida.com.br:443 "GET /pls/webhap/webNewBoletoEmpresa.login HTTP/11" 200 None
2025-05-02 12:09:36,552 - INFO - Thread 19824 - Worker 11: Processando 06N4A (CASA GRANDE COMERCIAL VAREJISTA LTDA)
2025-05-02 12:09:36,573 - DEBUG - Thread 10644 - https://webhap.hapvida.com.br:443 "GET /pls/webhap/webNewBoletoEmpresa.obrigacaoLista?pPessoa=144370103&pNoCache=1202092537&pIdSessao=Vnlm/ge3KGZLpJuH3WCC1B1iHXby050c HTTP/11" 200 None
2025-05-02 12:09:36,583 - INFO - Thread 10644 - Worker 9: ❌ Fatura com vencimento em 20/04/2025 não encontrada.
2025-05-02 12:09:36,609 - DEBUG - Thread 10580 - https://webhap.hapvida.com.br:443 "GET /pls/webhap/webNewBoletoEmpresa.obrigacaoLista?pPessoa=259088199&pNoCache=1202092537&pIdSessao=Vnlm/ge3KGZLpJuH3WCC1LAlKNxRrNu/ HTTP/11" 200 None
2025-05-02 12:09:36,619 - INFO - Thread 10580 - Worker 0: ❌ Fatura com vencimento em 20/04/2025 não encontrada.
2025-05-02 12:09:36,624 - DEBUG - Thread 32220 - https://webhap.hapvida.com.br:443 "POST /pls/webhap/webNewBoletoEmpresa.obrigacaoDados HTTP/11" 200 None
2025-05-02 12:09:36,627 - DEBUG - Thread 14376 - https://webhap.hapvida.com.br:443 "GET /pls/webhap/webNewBoletoEmpresa.obrigacaoLista?pPessoa=224825758&pNoCache=1202092537&pIdSessao=Vnlm/ge3KGZLpJuH3WCC1C41ZVVpkjck HTTP/11" 200 None
2025-05-02 12:09:36,638 - INFO - Thread 14376 - Worker 6: ❌ Fatura com vencimento em 20/04/2025 não encontrada.
2025-05-02 12:09:36,644 - DEBUG - Thread 10792 - https://webhap.hapvida.com.br:443 "GET /pls/webhap/webNewBoletoEmpresa.obrigacaoLista?pPessoa=263623710&pNoCache=1202092537&pIdSessao=Vnlm/ge3KGZLpJuH3WCC1MEMABjiQMI6 HTTP/11" 200 None
2025-05-02 12:09:36,655 - INFO - Thread 10792 - Worker 2: ❌ Fatura com vencimento em 20/04/2025 não encontrada.
2025-05-02 12:09:36,671 - DEBUG - Thread 1952 - https://webhap.hapvida.com.br:443 "GET /pls/webhap/webNewBoletoEmpresa.obrigacaoLista?pPessoa=188951071&pNoCache=1202092537&pIdSessao=Vnlm/ge3KGZLpJuH3WCC1E6FRPPP4oEhGy HTTP/11" 200 None
2025-05-02 12:09:36,679 - INFO - Thread 1952 - Worker 7: ❌ Fatura com vencimento em 20/04/2025 não encontrada.
2025-05-02 12:09:36,680 - DEBUG - Thread 19824 - https://webhap.hapvida.com.br:443 "GET /pls/webhap/webNewBoletoEmpresa.login HTTP/11" 200 None
2025-05-02 12:09:36,684 - INFO - Thread 10644 - Worker 9: Processando 0G15L (CEREALISTA SANTA CLARA LTDA)
2025-05-02 12:09:36,692 - DEBUG - Thread 33800 - https://webhap.hapvida.com.br:443 "POST /pls/webhap/webNewBoletoEmpresa.loginValidacao HTTP/11" 302 2
2025-05-02 12:09:36,720 - INFO - Thread 10580 - Worker 0: Processando 04ISV (CHEUMO EUGENIO MENDES EIRELI)
2025-05-02 12:09:36,722 - DEBUG - Thread 32220 - https://webhap.hapvida.com.br:443 "POST /pls/webhap/webNewBoletoEmpresa.validaObrigacao HTTP/11" 302 None
2025-05-02 12:09:36,739 - INFO - Thread 14376 - Worker 6: Processando 0H8QT (CINDERTECH GESTAO DE RESID PERIG LTDA)
2025-05-02 12:09:36,756 - INFO - Thread 10792 - Worker 2: Processando 07S92 (CIPERPRAG CONTR DE PRAG E SERV EIRELI)
2025-05-02 12:09:36,781 - INFO - Thread 1952 - Worker 7: Processando 0JRG8 (CKS BRASIL ENGENHARIA LTDA)
2025-05-02 12:09:36,781 - DEBUG - Thread 5352 - https://webhap.hapvida.com.br:443 "GET /pls/webhap/webNewBoletoEmpresa.obrigacaoLista?pPessoa=206229677&pNoCache=1202092537&pIdSessao=Vnlm/ge3KGZLpJuH3WCC1H6OCL87q0qc HTTP/11" 200 None
2025-05-02 12:09:36,805 - DEBUG - Thread 10644 - https://webhap.hapvida.com.br:443 "GET /pls/webhap/webNewBoletoEmpresa.login HTTP/11" 200 None
2025-05-02 12:09:36,846 - DEBUG - Thread 22700 - https://webhap.hapvida.com.br:443 "GET /pls/webhap/webNewBoletoEmpresa.obrigacaoLista?pPessoa=227467569&pNoCache=1202092537&pIdSessao=Vnlm/ge3KGZLpJuH3WCC1GkBPQQIjlBf HTTP/11" 200 None
2025-05-02 12:09:36,856 - INFO - Thread 22700 - Worker 3: ❌ Fatura com vencimento em 20/04/2025 não encontrada.
2025-05-02 12:09:36,857 - DEBUG - Thread 19824 - https://webhap.hapvida.com.br:443 "POST /pls/webhap/webNewBoletoEmpresa.loginValidacao HTTP/11" 302 2
2025-05-02 12:09:36,857 - DEBUG - Thread 14376 - https://webhap.hapvida.com.br:443 "GET /pls/webhap/webNewBoletoEmpresa.login HTTP/11" 200 None
2025-05-02 12:09:36,858 - DEBUG - Thread 10580 - https://webhap.hapvida.com.br:443 "GET /pls/webhap/webNewBoletoEmpresa.login HTTP/11" 200 None
2025-05-02 12:09:36,862 - DEBUG - Thread 32220 - https://webhap.hapvida.com.br:443 "GET /pls/webhap/webNewBoletoEmpresa.boleto_cc?pIdSessao=Vnlm/ge3KGZLpJuH3WCC1KSgWwXRFHY6&pNoCache=1202092537&pPessoa=227558866&pObrigacao=3046745183 HTTP/11" 200 None
2025-05-02 12:09:36,864 - DEBUG - Thread 10792 - https://webhap.hapvida.com.br:443 "GET /pls/webhap/webNewBoletoEmpresa.login HTTP/11" 200 None
2025-05-02 12:09:36,909 - DEBUG - Thread 1952 - https://webhap.hapvida.com.br:443 "GET /pls/webhap/webNewBoletoEmpresa.login HTTP/11" 200 None
2025-05-02 12:09:36,958 - INFO - Thread 22700 - Worker 3: Processando 0G3PD (CLINICA MEDICA E ODONTOL SAUDE IDEAL LTDA)
2025-05-02 12:09:36,969 - DEBUG - Thread 10644 - https://webhap.hapvida.com.br:443 "POST /pls/webhap/webNewBoletoEmpresa.loginValidacao HTTP/11" 302 2
2025-05-02 12:09:37,017 - DEBUG - Thread 14376 - https://webhap.hapvida.com.br:443 "POST /pls/webhap/webNewBoletoEmpresa.loginValidacao HTTP/11" 302 2
2025-05-02 12:09:37,018 - DEBUG - Thread 5352 - https://webhap.hapvida.com.br:443 "POST /pls/webhap/webNewBoletoEmpresa.obrigacaoDados HTTP/11" 200 None
2025-05-02 12:09:37,047 - DEBUG - Thread 10792 - https://webhap.hapvida.com.br:443 "POST /pls/webhap/webNewBoletoEmpresa.loginValidacao HTTP/11" 302 2
2025-05-02 12:09:37,058 - DEBUG - Thread 22700 - https://webhap.hapvida.com.br:443 "GET /pls/webhap/webNewBoletoEmpresa.login HTTP/11" 200 None
2025-05-02 12:09:37,058 - DEBUG - Thread 1952 - https://webhap.hapvida.com.br:443 "POST /pls/webhap/webNewBoletoEmpresa.loginValidacao HTTP/11" 302 2
2025-05-02 12:09:37,079 - DEBUG - Thread 10580 - https://webhap.hapvida.com.br:443 "POST /pls/webhap/webNewBoletoEmpresa.loginValidacao HTTP/11" 302 2
2025-05-02 12:09:37,119 - DEBUG - Thread 5352 - https://webhap.hapvida.com.br:443 "POST /pls/webhap/webNewBoletoEmpresa.validaObrigacao HTTP/11" 302 None
2025-05-02 12:09:37,174 - DEBUG - Thread 33800 - https://webhap.hapvida.com.br:443 "GET /pls/webhap/webNewBoletoEmpresa.obrigacaoLista?pPessoa=225584703&pNoCache=1202092537&pIdSessao=Vnlm/ge3KGZLpJuH3WCC1EghwRrySwpD HTTP/11" 200 None
2025-05-02 12:09:37,185 - INFO - Thread 33800 - Worker 12: ❌ Fatura com vencimento em 20/04/2025 não encontrada.
2025-05-02 12:09:37,206 - DEBUG - Thread 22700 - https://webhap.hapvida.com.br:443 "POST /pls/webhap/webNewBoletoEmpresa.loginValidacao HTTP/11" 302 2
2025-05-02 12:09:37,264 - DEBUG - Thread 5352 - https://webhap.hapvida.com.br:443 "GET /pls/webhap/webNewBoletoEmpresa.boleto_cc?pIdSessao=Vnlm/ge3KGZLpJuH3WCC1H6OCL87q0qc&pNoCache=1202092537&pPessoa=206229677&pObrigacao=3046733371 HTTP/11" 200 None
2025-05-02 12:09:37,286 - INFO - Thread 33800 - Worker 12: Processando 0IZHM (COMERCIO DE TINTAS LTDA)
2025-05-02 12:09:37,390 - DEBUG - Thread 33800 - https://webhap.hapvida.com.br:443 "GET /pls/webhap/webNewBoletoEmpresa.login HTTP/11" 200 None
2025-05-02 12:09:37,438 - DEBUG - Thread 19824 - https://webhap.hapvida.com.br:443 "GET /pls/webhap/webNewBoletoEmpresa.obrigacaoLista?pPessoa=135175239&pNoCache=1202092538&pIdSessao=Vnlm/ge3KGZCkJfp3YrXyMn06UY9cJ48 HTTP/11" 200 None
2025-05-02 12:09:37,467 - INFO - Thread 19824 - Worker 11: ❌ Fatura com vencimento em 20/04/2025 não encontrada.
2025-05-02 12:09:37,468 - DEBUG - Thread 10644 - https://webhap.hapvida.com.br:443 "GET /pls/webhap/webNewBoletoEmpresa.obrigacaoLista?pPessoa=245173938&pNoCache=1202092538&pIdSessao=Vnlm/ge3KGZCkJfp3YrXyPjZyFKvC0PPPh HTTP/11" 200 None
2025-05-02 12:09:37,495 - INFO - Thread 10644 - Worker 9: ❌ Fatura com vencimento em 20/04/2025 não encontrada.
2025-05-02 12:09:37,504 - DEBUG - Thread 10792 - https://webhap.hapvida.com.br:443 "GET /pls/webhap/webNewBoletoEmpresa.obrigacaoLista?pPessoa=189164936&pNoCache=1202092538&pIdSessao=Vnlm/ge3KGZCkJfp3YrXyGRgoWkZchA/ HTTP/11" 200 None
2025-05-02 12:09:37,527 - INFO - Thread 10792 - Worker 2: ❌ Fatura com vencimento em 20/04/2025 não encontrada.
2025-05-02 12:09:37,527 - DEBUG - Thread 14376 - https://webhap.hapvida.com.br:443 "GET /pls/webhap/webNewBoletoEmpresa.obrigacaoLista?pPessoa=255461456&pNoCache=1202092538&pIdSessao=Vnlm/ge3KGZCkJfp3YrXyMo7yW0/W7SPPP HTTP/11" 200 None
2025-05-02 12:09:37,536 - INFO - Thread 14376 - Worker 6: ❌ Fatura com vencimento em 20/04/2025 não encontrada.
2025-05-02 12:09:37,567 - INFO - Thread 19824 - Worker 11: Processando 04YXP (CONCRETTA SERVICE CONSTRUTORA CIVIL LTDA)
2025-05-02 12:09:37,573 - DEBUG - Thread 33800 - https://webhap.hapvida.com.br:443 "POST /pls/webhap/webNewBoletoEmpresa.loginValidacao HTTP/11" 302 2
2025-05-02 12:09:37,592 - DEBUG - Thread 1952 - https://webhap.hapvida.com.br:443 "GET /pls/webhap/webNewBoletoEmpresa.obrigacaoLista?pPessoa=293861180&pNoCache=1202092538&pIdSessao=Vnlm/ge3KGZCkJfp3YrXyKmCzZ6GVkRO HTTP/11" 200 None
2025-05-02 12:09:37,605 - INFO - Thread 1952 - Worker 7: ❌ Fatura com vencimento em 20/04/2025 não encontrada.
2025-05-02 12:09:37,607 - INFO - Thread 10644 - Worker 9: Processando 0G3R2 (CONSERVE QUALITY LTDA)
2025-05-02 12:09:37,628 - INFO - Thread 10792 - Worker 2: Processando 0I2K9 (CONSTR RODRIGUES PUBLIC E EVENTOS LTDA)
2025-05-02 12:09:37,637 - INFO - Thread 14376 - Worker 6: Processando 08CTR (CONSTRUFOX CONSTRUCOES E INCORPORACOES LTDA)
2025-05-02 12:09:37,671 - DEBUG - Thread 19824 - https://webhap.hapvida.com.br:443 "GET /pls/webhap/webNewBoletoEmpresa.login HTTP/11" 200 None
2025-05-02 12:09:37,705 - DEBUG - Thread 10580 - https://webhap.hapvida.com.br:443 "GET /pls/webhap/webNewBoletoEmpresa.obrigacaoLista?pPessoa=128006745&pNoCache=1202092538&pIdSessao=Vnlm/ge3KGZCkJfp3YrXyB2ZK7E39yvO HTTP/11" 200 None
2025-05-02 12:09:37,718 - INFO - Thread 10580 - Worker 0: ❌ Fatura com vencimento em 20/04/2025 não encontrada.
2025-05-02 12:09:37,718 - INFO - Thread 1952 - Worker 7: Processando 06LX2 (CONSTRUTORA TERRACO LTDA)
2025-05-02 12:09:37,719 - DEBUG - Thread 10644 - https://webhap.hapvida.com.br:443 "GET /pls/webhap/webNewBoletoEmpresa.login HTTP/11" 200 None
2025-05-02 12:09:37,728 - DEBUG - Thread 10792 - https://webhap.hapvida.com.br:443 "GET /pls/webhap/webNewBoletoEmpresa.login HTTP/11" 200 None
2025-05-02 12:09:37,742 - DEBUG - Thread 14376 - https://webhap.hapvida.com.br:443 "GET /pls/webhap/webNewBoletoEmpresa.login HTTP/11" 200 None
2025-05-02 12:09:37,748 - DEBUG - Thread 22700 - https://webhap.hapvida.com.br:443 "GET /pls/webhap/webNewBoletoEmpresa.obrigacaoLista?pPessoa=245823614&pNoCache=1202092538&pIdSessao=Vnlm/ge3KGZCkJfp3YrXyA31gYDdG2X3 HTTP/11" 200 None
2025-05-02 12:09:37,779 - INFO - Thread 22700 - Worker 3: ❌ Fatura com vencimento em 20/04/2025 não encontrada.
2025-05-02 12:09:37,785 - DEBUG - Thread 29820 - https://webhap.hapvida.com.br:443 "GET /pls/webhap/webNewBoletoEmpresa.login HTTP/11" 200 None
2025-05-02 12:09:37,819 - INFO - Thread 10580 - Worker 0: Processando 0GEAP (CONSULT ENG LTDA)
2025-05-02 12:09:37,830 - DEBUG - Thread 1952 - https://webhap.hapvida.com.br:443 "GET /pls/webhap/webNewBoletoEmpresa.login HTTP/11" 200 None
2025-05-02 12:09:37,832 - DEBUG - Thread 19824 - https://webhap.hapvida.com.br:443 "POST /pls/webhap/webNewBoletoEmpresa.loginValidacao HTTP/11" 302 2
2025-05-02 12:09:37,880 - INFO - Thread 22700 - Worker 3: Processando 05ZLC (CVTEC SERVICOS ELETRICOS EIRELI)
2025-05-02 12:09:37,896 - DEBUG - Thread 10792 - https://webhap.hapvida.com.br:443 "POST /pls/webhap/webNewBoletoEmpresa.loginValidacao HTTP/11" 302 2
2025-05-02 12:09:37,901 - DEBUG - Thread 10644 - https://webhap.hapvida.com.br:443 "POST /pls/webhap/webNewBoletoEmpresa.loginValidacao HTTP/11" 302 2
2025-05-02 12:09:37,926 - DEBUG - Thread 10580 - https://webhap.hapvida.com.br:443 "GET /pls/webhap/webNewBoletoEmpresa.login HTTP/11" 200 None
2025-05-02 12:09:37,940 - DEBUG - Thread 29820 - https://webhap.hapvida.com.br:443 "POST /pls/webhap/webNewBoletoEmpresa.loginValidacao HTTP/11" 302 2
2025-05-02 12:09:37,944 - DEBUG - Thread 1952 - https://webhap.hapvida.com.br:443 "POST /pls/webhap/webNewBoletoEmpresa.loginValidacao HTTP/11" 302 2
2025-05-02 12:09:37,953 - DEBUG - Thread 14376 - https://webhap.hapvida.com.br:443 "POST /pls/webhap/webNewBoletoEmpresa.loginValidacao HTTP/11" 302 2
2025-05-02 12:09:37,985 - DEBUG - Thread 22700 - https://webhap.hapvida.com.br:443 "GET /pls/webhap/webNewBoletoEmpresa.login HTTP/11" 200 None
2025-05-02 12:09:38,076 - DEBUG - Thread 10580 - https://webhap.hapvida.com.br:443 "POST /pls/webhap/webNewBoletoEmpresa.loginValidacao HTTP/11" 302 2
2025-05-02 12:09:38,127 - DEBUG - Thread 33800 - https://webhap.hapvida.com.br:443 "GET /pls/webhap/webNewBoletoEmpresa.obrigacaoLista?pPessoa=266081846&pNoCache=1202092538&pIdSessao=Vnlm/ge3KGZCkJfp3YrXyBKcsFasGu9T HTTP/11" 200 None
2025-05-02 12:09:38,136 - INFO - Thread 33800 - Worker 12: ❌ Fatura com vencimento em 20/04/2025 não encontrada.
2025-05-02 12:09:38,237 - INFO - Thread 33800 - Worker 12: Processando 0G9YM (D I NEVES COMERCIO E SERVICOS LTDA)
2025-05-02 12:09:38,288 - DEBUG - Thread 22700 - https://webhap.hapvida.com.br:443 "POST /pls/webhap/webNewBoletoEmpresa.loginValidacao HTTP/11" 302 2
2025-05-02 12:09:38,307 - DEBUG - Thread 19824 - https://webhap.hapvida.com.br:443 "GET /pls/webhap/webNewBoletoEmpresa.obrigacaoLista?pPessoa=135253787&pNoCache=1202092539&pIdSessao=Vnlm/ge3KGZePPPlhJjyNL/nfWpq/oeoH6 HTTP/11" 200 None
2025-05-02 12:09:38,316 - INFO - Thread 19824 - Worker 11: ❌ Fatura com vencimento em 20/04/2025 não encontrada.
2025-05-02 12:09:38,344 - DEBUG - Thread 10792 - https://webhap.hapvida.com.br:443 "GET /pls/webhap/webNewBoletoEmpresa.obrigacaoLista?pPessoa=258906262&pNoCache=1202092539&pIdSessao=Vnlm/ge3KGZePPPlhJjyNL/oesjMe/OV5l HTTP/11" 200 None
2025-05-02 12:09:38,355 - DEBUG - Thread 33800 - https://webhap.hapvida.com.br:443 "GET /pls/webhap/webNewBoletoEmpresa.login HTTP/11" 200 None
2025-05-02 12:09:38,375 - DEBUG - Thread 1952 - https://webhap.hapvida.com.br:443 "GET /pls/webhap/webNewBoletoEmpresa.obrigacaoLista?pPessoa=79217290&pNoCache=1202092539&pIdSessao=Vnlm/ge3KGZePPPlhJjyNL/gw4ITB3FzYo HTTP/11" 200 None
2025-05-02 12:09:38,388 - INFO - Thread 1952 - Worker 7: ❌ Fatura com vencimento em 20/04/2025 não encontrada.
2025-05-02 12:09:38,388 - DEBUG - Thread 10644 - https://webhap.hapvida.com.br:443 "GET /pls/webhap/webNewBoletoEmpresa.obrigacaoLista?pPessoa=245862377&pNoCache=1202092539&pIdSessao=Vnlm/ge3KGZePPPlhJjyNL/kkADVEAiivm HTTP/11" 200 None
2025-05-02 12:09:38,417 - INFO - Thread 19824 - Worker 11: Processando 0IZJ1 (D M SERVICOS E SEGURANCA LTDA)
2025-05-02 12:09:38,463 - DEBUG - Thread 10792 - https://webhap.hapvida.com.br:443 "POST /pls/webhap/webNewBoletoEmpresa.obrigacaoDados HTTP/11" 200 None
2025-05-02 12:09:38,466 - DEBUG - Thread 14376 - https://webhap.hapvida.com.br:443 "GET /pls/webhap/webNewBoletoEmpresa.obrigacaoLista?pPessoa=43037119&pNoCache=1202092539&pIdSessao=Vnlm/ge3KGZePPPlhJjyNL/hn0Wk8TpNUR HTTP/11" 200 None
2025-05-02 12:09:38,478 - INFO - Thread 14376 - Worker 6: ❌ Fatura com vencimento em 20/04/2025 não encontrada.
2025-05-02 12:09:38,489 - INFO - Thread 1952 - Worker 7: Processando 0H64X (D. NERY COM. E SERVICOS LTDA)
2025-05-02 12:09:38,516 - DEBUG - Thread 33800 - https://webhap.hapvida.com.br:443 "POST /pls/webhap/webNewBoletoEmpresa.loginValidacao HTTP/11" 302 2
2025-05-02 12:09:38,516 - DEBUG - Thread 10644 - https://webhap.hapvida.com.br:443 "POST /pls/webhap/webNewBoletoEmpresa.obrigacaoDados HTTP/11" 200 None
2025-05-02 12:09:38,519 - DEBUG - Thread 19824 - https://webhap.hapvida.com.br:443 "GET /pls/webhap/webNewBoletoEmpresa.login HTTP/11" 200 None
2025-05-02 12:09:38,562 - DEBUG - Thread 10792 - https://webhap.hapvida.com.br:443 "POST /pls/webhap/webNewBoletoEmpresa.validaObrigacao HTTP/11" 302 None
2025-05-02 12:09:38,564 - DEBUG - Thread 10580 - https://webhap.hapvida.com.br:443 "GET /pls/webhap/webNewBoletoEmpresa.obrigacaoLista?pPessoa=249519669&pNoCache=1202092539&pIdSessao=Vnlm/ge3KGZePPPlhJjyNL/t2RqQJyM0aa HTTP/11" 200 None
2025-05-02 12:09:38,578 - INFO - Thread 10580 - Worker 0: ❌ Fatura com vencimento em 20/04/2025 não encontrada.
2025-05-02 12:09:38,580 - INFO - Thread 14376 - Worker 6: Processando 0ICGF (DAIANE NOGUEIRA DE SOUSA)
2025-05-02 12:09:38,599 - DEBUG - Thread 1952 - https://webhap.hapvida.com.br:443 "GET /pls/webhap/webNewBoletoEmpresa.login HTTP/11" 200 None
2025-05-02 12:09:38,615 - DEBUG - Thread 10644 - https://webhap.hapvida.com.br:443 "POST /pls/webhap/webNewBoletoEmpresa.validaObrigacao HTTP/11" 302 None
2025-05-02 12:09:38,680 - INFO - Thread 10580 - Worker 0: Processando 050E5 (DE PAULA MANUTENCAO E CALDEIRARIA LTDA)
2025-05-02 12:09:38,680 - DEBUG - Thread 10792 - https://webhap.hapvida.com.br:443 "GET /pls/webhap/webNewBoletoEmpresa.boleto_cc?pIdSessao=Vnlm/ge3KGZePPPlhJjyNL/oesjMe/OV5l&pNoCache=1202092539&pPessoa=258906262&pObrigacao=3046767217 HTTP/11" 200 None
2025-05-02 12:09:38,692 - DEBUG - Thread 19824 - https://webhap.hapvida.com.br:443 "POST /pls/webhap/webNewBoletoEmpresa.loginValidacao HTTP/11" 302 2
2025-05-02 12:09:38,718 - DEBUG - Thread 14376 - https://webhap.hapvida.com.br:443 "GET /pls/webhap/webNewBoletoEmpresa.login HTTP/11" 200 None
2025-05-02 12:09:38,774 - DEBUG - Thread 1952 - https://webhap.hapvida.com.br:443 "POST /pls/webhap/webNewBoletoEmpresa.loginValidacao HTTP/11" 302 2
2025-05-02 12:09:38,784 - DEBUG - Thread 10580 - https://webhap.hapvida.com.br:443 "GET /pls/webhap/webNewBoletoEmpresa.login HTTP/11" 200 None
2025-05-02 12:09:38,797 - DEBUG - Thread 10644 - https://webhap.hapvida.com.br:443 "GET /pls/webhap/webNewBoletoEmpresa.boleto_cc?pIdSessao=Vnlm/ge3KGZePPPlhJjyNL/kkADVEAiivm&pNoCache=1202092539&pPessoa=245862377&pObrigacao=3046752040 HTTP/11" 200 None
2025-05-02 12:09:38,846 - DEBUG - Thread 29820 - https://webhap.hapvida.com.br:443 "GET /pls/webhap/webNewBoletoEmpresa.obrigacaoLista?pPessoa=113875262&pNoCache=1202092539&pIdSessao=Vnlm/ge3KGZePPPlhJjyNL/qt5semjxr25 HTTP/11" 200 None
2025-05-02 12:09:38,867 - INFO - Thread 29820 - Worker 8: ❌ Fatura com vencimento em 20/04/2025 não encontrada.
2025-05-02 12:09:38,900 - DEBUG - Thread 14376 - https://webhap.hapvida.com.br:443 "POST /pls/webhap/webNewBoletoEmpresa.loginValidacao HTTP/11" 302 2
2025-05-02 12:09:38,951 - DEBUG - Thread 10580 - https://webhap.hapvida.com.br:443 "POST /pls/webhap/webNewBoletoEmpresa.loginValidacao HTTP/11" 302 2
2025-05-02 12:09:38,967 - INFO - Thread 29820 - Worker 8: Processando 0IE3K (DEPAULA MANUTENCAO LTDA)
2025-05-02 12:09:39,007 - DEBUG - Thread 33800 - https://webhap.hapvida.com.br:443 "GET /pls/webhap/webNewBoletoEmpresa.obrigacaoLista?pPessoa=247961895&pNoCache=1202092539&pIdSessao=Vnlm/ge3KGZePPPlhJjyNL/sGyDMbxjGvz HTTP/11" 200 None
2025-05-02 12:09:39,082 - INFO - Thread 33800 - Worker 12: ❌ Fatura com vencimento em 20/04/2025 não encontrada.
2025-05-02 12:09:39,158 - DEBUG - Thread 29820 - https://webhap.hapvida.com.br:443 "GET /pls/webhap/webNewBoletoEmpresa.login HTTP/11" 200 None
2025-05-02 12:09:39,183 - INFO - Thread 33800 - Worker 12: Processando 063W8 (DEPAULA USINAGEM E JATEAMENTO LTDA)
2025-05-02 12:09:39,286 - DEBUG - Thread 1952 - https://webhap.hapvida.com.br:443 "GET /pls/webhap/webNewBoletoEmpresa.obrigacaoLista?pPessoa=190042598&pNoCache=1202092540&pIdSessao=Vnlm/ge3KGZePPPlhJjyNL/tx7xtfmImpa HTTP/11" 200 None
2025-05-02 12:09:39,296 - INFO - Thread 1952 - Worker 7: ❌ Fatura com vencimento em 20/04/2025 não encontrada.
2025-05-02 12:09:39,297 - DEBUG - Thread 33800 - https://webhap.hapvida.com.br:443 "GET /pls/webhap/webNewBoletoEmpresa.login HTTP/11" 200 None
2025-05-02 12:09:39,333 - DEBUG - Thread 29820 - https://webhap.hapvida.com.br:443 "POST /pls/webhap/webNewBoletoEmpresa.loginValidacao HTTP/11" 302 2
2025-05-02 12:09:39,391 - DEBUG - Thread 19824 - https://webhap.hapvida.com.br:443 "GET /pls/webhap/webNewBoletoEmpresa.obrigacaoLista?pPessoa=266097106&pNoCache=1202092539&pIdSessao=Vnlm/ge3KGZePPPlhJjyNL/sWPPPa0so/x6/ HTTP/11" 200 None
2025-05-02 12:09:39,400 - INFO - Thread 19824 - Worker 11: ❌ Fatura com vencimento em 20/04/2025 não encontrada.
2025-05-02 12:09:39,401 - INFO - Thread 1952 - Worker 7: Processando 08KHZ (DESENHART PROJETOS LTDA)
2025-05-02 12:09:39,424 - DEBUG - Thread 22700 - https://webhap.hapvida.com.br:443 "GET /pls/webhap/webNewBoletoEmpresa.obrigacaoLista?pPessoa=129389621&pNoCache=1202092539&pIdSessao=Vnlm/ge3KGZePPPlhJjyNL/gLTZT7l1O7y HTTP/11" 200 None
2025-05-02 12:09:39,435 - INFO - Thread 22700 - Worker 3: ❌ Fatura com vencimento em 20/04/2025 não encontrada.
2025-05-02 12:09:39,501 - INFO - Thread 19824 - Worker 11: Processando 06PGM (DIAMANTE LOG E REP COMERCIAL LTDA)
2025-05-02 12:09:39,511 - DEBUG - Thread 33800 - https://webhap.hapvida.com.br:443 "POST /pls/webhap/webNewBoletoEmpresa.loginValidacao HTTP/11" 302 2
2025-05-02 12:09:39,519 - DEBUG - Thread 10580 - https://webhap.hapvida.com.br:443 "GET /pls/webhap/webNewBoletoEmpresa.obrigacaoLista?pPessoa=136546516&pNoCache=1202092540&pIdSessao=Vnlm/ge3KGZB9ifYMlbZp6UDxa9qArcw HTTP/11" 200 None
2025-05-02 12:09:39,542 - INFO - Thread 22700 - Worker 3: Processando 04J91 (DISTRIBUIDORA SARANDI LTDA)
2025-05-02 12:09:39,545 - DEBUG - Thread 1952 - https://webhap.hapvida.com.br:443 "GET /pls/webhap/webNewBoletoEmpresa.login HTTP/11" 200 None
2025-05-02 12:09:39,557 - DEBUG - Thread 14376 - https://webhap.hapvida.com.br:443 "GET /pls/webhap/webNewBoletoEmpresa.obrigacaoLista?pPessoa=263600281&pNoCache=1202092540&pIdSessao=Vnlm/ge3KGZB9ifYMlbZp7wNy11DI1fA HTTP/11" 200 None
2025-05-02 12:09:39,567 - INFO - Thread 14376 - Worker 6: ❌ Fatura com vencimento em 20/04/2025 não encontrada.
2025-05-02 12:09:39,644 - DEBUG - Thread 10580 - https://webhap.hapvida.com.br:443 "POST /pls/webhap/webNewBoletoEmpresa.obrigacaoDados HTTP/11" 200 None
2025-05-02 12:09:39,668 - INFO - Thread 14376 - Worker 6: Processando 04MRQ (DURANS ENGENHARIA EIRELI)
2025-05-02 12:09:39,707 - DEBUG - Thread 22700 - https://webhap.hapvida.com.br:443 "GET /pls/webhap/webNewBoletoEmpresa.login HTTP/11" 200 None
2025-05-02 12:09:39,740 - DEBUG - Thread 1952 - https://webhap.hapvida.com.br:443 "POST /pls/webhap/webNewBoletoEmpresa.loginValidacao HTTP/11" 302 2
2025-05-02 12:09:39,755 - DEBUG - Thread 10580 - https://webhap.hapvida.com.br:443 "POST /pls/webhap/webNewBoletoEmpresa.validaObrigacao HTTP/11" 302 None
2025-05-02 12:09:39,770 - DEBUG - Thread 14376 - https://webhap.hapvida.com.br:443 "GET /pls/webhap/webNewBoletoEmpresa.login HTTP/11" 200 None
2025-05-02 12:09:39,897 - DEBUG - Thread 29820 - https://webhap.hapvida.com.br:443 "GET /pls/webhap/webNewBoletoEmpresa.obrigacaoLista?pPessoa=264002558&pNoCache=1202092540&pIdSessao=Vnlm/ge3KGZB9ifYMlbZp3NCpl6O6sxx HTTP/11" 200 None
2025-05-02 12:09:39,898 - DEBUG - Thread 22700 - https://webhap.hapvida.com.br:443 "POST /pls/webhap/webNewBoletoEmpresa.loginValidacao HTTP/11" 302 2
2025-05-02 12:09:39,909 - INFO - Thread 29820 - Worker 8: ❌ Fatura com vencimento em 20/04/2025 não encontrada.
2025-05-02 12:09:39,922 - DEBUG - Thread 10580 - https://webhap.hapvida.com.br:443 "GET /pls/webhap/webNewBoletoEmpresa.boleto_cc?pIdSessao=Vnlm/ge3KGZB9ifYMlbZp6UDxa9qArcw&pNoCache=1202092540&pPessoa=136546516&pObrigacao=3046689534 HTTP/11" 200 None
2025-05-02 12:09:39,946 - DEBUG - Thread 14376 - https://webhap.hapvida.com.br:443 "POST /pls/webhap/webNewBoletoEmpresa.loginValidacao HTTP/11" 302 2
2025-05-02 12:09:40,012 - INFO - Thread 29820 - Worker 8: Processando 0FIKK (E&C ENGENHARIA E CON LTDA)
2025-05-02 12:09:40,171 - DEBUG - Thread 29820 - https://webhap.hapvida.com.br:443 "GET /pls/webhap/webNewBoletoEmpresa.login HTTP/11" 200 None
2025-05-02 12:09:40,201 - DEBUG - Thread 33800 - https://webhap.hapvida.com.br:443 "GET /pls/webhap/webNewBoletoEmpresa.obrigacaoLista?pPessoa=176282471&pNoCache=1202092540&pIdSessao=Vnlm/ge3KGZB9ifYMlbZp/NLYjd7jQLC HTTP/11" 200 None
2025-05-02 12:09:40,283 - DEBUG - Thread 19824 - https://webhap.hapvida.com.br:443 "GET /pls/webhap/webNewBoletoEmpresa.login HTTP/11" 200 None
2025-05-02 12:09:40,377 - DEBUG - Thread 33800 - https://webhap.hapvida.com.br:443 "POST /pls/webhap/webNewBoletoEmpresa.obrigacaoDados HTTP/11" 200 None
2025-05-02 12:09:40,383 - DEBUG - Thread 1952 - https://webhap.hapvida.com.br:443 "GET /pls/webhap/webNewBoletoEmpresa.obrigacaoLista?pPessoa=192364576&pNoCache=1202092540&pIdSessao=Vnlm/ge3KGZB9ifYMlbZp3xgjuCpxvMv HTTP/11" 200 None
2025-05-02 12:09:40,384 - DEBUG - Thread 29820 - https://webhap.hapvida.com.br:443 "POST /pls/webhap/webNewBoletoEmpresa.loginValidacao HTTP/11" 302 2
2025-05-02 12:09:40,395 - INFO - Thread 1952 - Worker 7: ❌ Fatura com vencimento em 20/04/2025 não encontrada.
2025-05-02 12:09:40,460 - DEBUG - Thread 14376 - https://webhap.hapvida.com.br:443 "GET /pls/webhap/webNewBoletoEmpresa.obrigacaoLista?pPessoa=128946136&pNoCache=1202092541&pIdSessao=Vnlm/ge3KGb6Xu3ja8D8zCq4YB0p/zEI HTTP/11" 200 None
2025-05-02 12:09:40,495 - INFO - Thread 14376 - Worker 6: ❌ Fatura com vencimento em 20/04/2025 não encontrada.
2025-05-02 12:09:40,497 - INFO - Thread 1952 - Worker 7: Processando 04EYU (E. R. DE OLIVEIRA EIRELI)
2025-05-02 12:09:40,559 - DEBUG - Thread 33800 - https://webhap.hapvida.com.br:443 "POST /pls/webhap/webNewBoletoEmpresa.validaObrigacao HTTP/11" 302 None
2025-05-02 12:09:40,600 - INFO - Thread 14376 - Worker 6: Processando 0F3MP (EDIVANES GOMES DOS SANTOS)
2025-05-02 12:09:40,619 - DEBUG - Thread 1952 - https://webhap.hapvida.com.br:443 "GET /pls/webhap/webNewBoletoEmpresa.login HTTP/11" 200 None
2025-05-02 12:09:40,736 - DEBUG - Thread 33800 - https://webhap.hapvida.com.br:443 "GET /pls/webhap/webNewBoletoEmpresa.boleto_cc?pIdSessao=Vnlm/ge3KGZB9ifYMlbZp/NLYjd7jQLC&pNoCache=1202092540&pPessoa=176282471&pObrigacao=3046704550 HTTP/11" 200 None
2025-05-02 12:09:40,750 - DEBUG - Thread 14376 - https://webhap.hapvida.com.br:443 "GET /pls/webhap/webNewBoletoEmpresa.login HTTP/11" 200 None
2025-05-02 12:09:40,795 - DEBUG - Thread 19824 - https://webhap.hapvida.com.br:443 "POST /pls/webhap/webNewBoletoEmpresa.loginValidacao HTTP/11" 302 2
2025-05-02 12:09:40,796 - DEBUG - Thread 1952 - https://webhap.hapvida.com.br:443 "POST /pls/webhap/webNewBoletoEmpresa.loginValidacao HTTP/11" 302 2
2025-05-02 12:09:40,813 - DEBUG - Thread 22700 - https://webhap.hapvida.com.br:443 "GET /pls/webhap/webNewBoletoEmpresa.obrigacaoLista?pPessoa=128142673&pNoCache=1202092541&pIdSessao=Vnlm/ge3KGb6Xu3ja8D8zMhDFIgTioQv HTTP/11" 200 None
2025-05-02 12:09:40,836 - INFO - Thread 22700 - Worker 3: ❌ Fatura com vencimento em 20/04/2025 não encontrada.
2025-05-02 12:09:40,900 - DEBUG - Thread 29820 - https://webhap.hapvida.com.br:443 "GET /pls/webhap/webNewBoletoEmpresa.obrigacaoLista?pPessoa=227457229&pNoCache=1202092541&pIdSessao=Vnlm/ge3KGb6Xu3ja8D8zFXxKiiS/DUPPP HTTP/11" 200 None
2025-05-02 12:09:40,910 - INFO - Thread 29820 - Worker 8: ❌ Fatura com vencimento em 20/04/2025 não encontrada.
2025-05-02 12:09:40,938 - INFO - Thread 22700 - Worker 3: Processando 0J3IV (ELETRICA MTI LTDA)
2025-05-02 12:09:41,013 - INFO - Thread 29820 - Worker 8: Processando 0DNKY (ELISANGELA SOUZA DE JESUS LTDA)
2025-05-02 12:09:41,076 - DEBUG - Thread 14376 - https://webhap.hapvida.com.br:443 "POST /pls/webhap/webNewBoletoEmpresa.loginValidacao HTTP/11" 302 2
2025-05-02 12:09:41,129 - DEBUG - Thread 22700 - https://webhap.hapvida.com.br:443 "GET /pls/webhap/webNewBoletoEmpresa.login HTTP/11" 200 None
2025-05-02 12:09:41,285 - DEBUG - Thread 29820 - https://webhap.hapvida.com.br:443 "GET /pls/webhap/webNewBoletoEmpresa.login HTTP/11" 200 None
2025-05-02 12:09:41,420 - DEBUG - Thread 1952 - https://webhap.hapvida.com.br:443 "GET /pls/webhap/webNewBoletoEmpresa.obrigacaoLista?pPessoa=126699220&pNoCache=1202092542&pIdSessao=Vnlm/ge3KGb6Xu3ja8D8zJcFPR0X17f6 HTTP/11" 200 None
2025-05-02 12:09:41,433 - INFO - Thread 1952 - Worker 7: ❌ Fatura com vencimento em 20/04/2025 não encontrada.
2025-05-02 12:09:41,452 - DEBUG - Thread 29820 - https://webhap.hapvida.com.br:443 "POST /pls/webhap/webNewBoletoEmpresa.loginValidacao HTTP/11" 302 2
2025-05-02 12:09:41,534 - INFO - Thread 1952 - Worker 7: Processando 0I2MG (ELIZANGELA SANTOS NASCIMENTO)
2025-05-02 12:09:41,673 - DEBUG - Thread 14376 - https://webhap.hapvida.com.br:443 "GET /pls/webhap/webNewBoletoEmpresa.obrigacaoLista?pPessoa=224820780&pNoCache=1202092542&pIdSessao=Vnlm/ge3KGabeHYuoUPJ4uARNA7gLcB8 HTTP/11" 200 None
2025-05-02 12:09:41,688 - INFO - Thread 14376 - Worker 6: ❌ Fatura com vencimento em 20/04/2025 não encontrada.
2025-05-02 12:09:41,729 - DEBUG - Thread 1952 - https://webhap.hapvida.com.br:443 "GET /pls/webhap/webNewBoletoEmpresa.login HTTP/11" 200 None
2025-05-02 12:09:41,738 - DEBUG - Thread 19824 - https://webhap.hapvida.com.br:443 "GET /pls/webhap/webNewBoletoEmpresa.obrigacaoLista?pPessoa=183367576&pNoCache=1202092542&pIdSessao=Vnlm/ge3KGb6Xu3ja8D8zD6WOwvI7V14 HTTP/11" 200 None
2025-05-02 12:09:41,750 - INFO - Thread 19824 - Worker 11: ❌ Fatura com vencimento em 20/04/2025 não encontrada.
2025-05-02 12:09:41,789 - INFO - Thread 14376 - Worker 6: Processando 0DTPK (ELIZARDO RODRIGUES DA CUNHA JUNIOR)
2025-05-02 12:09:41,851 - INFO - Thread 19824 - Worker 11: Processando 08VG3 (ELLINTON REIS MOCHEL 80457754320)
2025-05-02 12:09:41,862 - DEBUG - Thread 22700 - https://webhap.hapvida.com.br:443 "POST /pls/webhap/webNewBoletoEmpresa.loginValidacao HTTP/11" 302 2
2025-05-02 12:09:41,954 - DEBUG - Thread 1952 - https://webhap.hapvida.com.br:443 "POST /pls/webhap/webNewBoletoEmpresa.loginValidacao HTTP/11" 302 2
2025-05-02 12:09:41,965 - DEBUG - Thread 14376 - https://webhap.hapvida.com.br:443 "GET /pls/webhap/webNewBoletoEmpresa.login HTTP/11" 200 None
2025-05-02 12:09:42,047 - DEBUG - Thread 19824 - https://webhap.hapvida.com.br:443 "GET /pls/webhap/webNewBoletoEmpresa.login HTTP/11" 200 None
2025-05-02 12:09:42,061 - DEBUG - Thread 29820 - https://webhap.hapvida.com.br:443 "GET /pls/webhap/webNewBoletoEmpresa.obrigacaoLista?pPessoa=214055461&pNoCache=1202092542&pIdSessao=Vnlm/ge3KGabeHYuoUPJ4pTk6Cpl6SqQ HTTP/11" 200 None
2025-05-02 12:09:42,072 - INFO - Thread 29820 - Worker 8: ❌ Fatura com vencimento em 20/04/2025 não encontrada.
2025-05-02 12:09:42,173 - INFO - Thread 29820 - Worker 8: Processando 05HV6 (ELVIS RUBRESSON BENTES GUIMARAES)
2025-05-02 12:09:42,365 - DEBUG - Thread 29820 - https://webhap.hapvida.com.br:443 "GET /pls/webhap/webNewBoletoEmpresa.login HTTP/11" 200 None
2025-05-02 12:09:42,411 - DEBUG - Thread 19824 - https://webhap.hapvida.com.br:443 "POST /pls/webhap/webNewBoletoEmpresa.loginValidacao HTTP/11" 302 2
2025-05-02 12:09:42,438 - DEBUG - Thread 1952 - https://webhap.hapvida.com.br:443 "GET /pls/webhap/webNewBoletoEmpresa.obrigacaoLista?pPessoa=258918252&pNoCache=1202092543&pIdSessao=Vnlm/ge3KGZl8yPPPHt1PPPZO7ZZ1J7PPPXeqA HTTP/11" 200 None
2025-05-02 12:09:42,450 - INFO - Thread 1952 - Worker 7: ❌ Fatura com vencimento em 20/04/2025 não encontrada.
2025-05-02 12:09:42,551 - INFO - Thread 1952 - Worker 7: Processando 0FC69 (EM MATERIAIS DE CONSTRUÇÃO LTDA)
2025-05-02 12:09:42,574 - DEBUG - Thread 29820 - https://webhap.hapvida.com.br:443 "POST /pls/webhap/webNewBoletoEmpresa.loginValidacao HTTP/11" 302 2
2025-05-02 12:09:42,648 - DEBUG - Thread 14376 - https://webhap.hapvida.com.br:443 "POST /pls/webhap/webNewBoletoEmpresa.loginValidacao HTTP/11" 302 2
2025-05-02 12:09:42,653 - DEBUG - Thread 1952 - https://webhap.hapvida.com.br:443 "GET /pls/webhap/webNewBoletoEmpresa.login HTTP/11" 200 None
2025-05-02 12:09:42,731 - DEBUG - Thread 22700 - https://webhap.hapvida.com.br:443 "GET /pls/webhap/webNewBoletoEmpresa.obrigacaoLista?pPessoa=114302487&pNoCache=1202092543&pIdSessao=Vnlm/ge3KGZl8yPPPHt1PPPZOwOUz9PPPu9OJw HTTP/11" 200 None
2025-05-02 12:09:42,746 - INFO - Thread 22700 - Worker 3: ❌ Fatura com vencimento em 20/04/2025 não encontrada.
2025-05-02 12:09:42,821 - DEBUG - Thread 1952 - https://webhap.hapvida.com.br:443 "POST /pls/webhap/webNewBoletoEmpresa.loginValidacao HTTP/11" 302 2
2025-05-02 12:09:42,847 - INFO - Thread 22700 - Worker 3: Processando 076EZ (ENGETTA CONSULTORIA AMBIENTAL GEOLOGICA LTDA)
2025-05-02 12:09:42,976 - DEBUG - Thread 19824 - https://webhap.hapvida.com.br:443 "GET /pls/webhap/webNewBoletoEmpresa.obrigacaoLista?pPessoa=204811778&pNoCache=1202092543&pIdSessao=Vnlm/ge3KGZl8yPPPHt1PPPZO/0dzLbiTTML HTTP/11" 200 None
2025-05-02 12:09:42,987 - DEBUG - Thread 22700 - https://webhap.hapvida.com.br:443 "GET /pls/webhap/webNewBoletoEmpresa.login HTTP/11" 200 None
2025-05-02 12:09:43,060 - DEBUG - Thread 29820 - https://webhap.hapvida.com.br:443 "GET /pls/webhap/webNewBoletoEmpresa.obrigacaoLista?pPessoa=141512047&pNoCache=1202092543&pIdSessao=Vnlm/ge3KGZl8yPPPHt1PPPZO0RL73UA/pDq HTTP/11" 200 None
2025-05-02 12:09:43,072 - INFO - Thread 29820 - Worker 8: ❌ Fatura com vencimento em 20/04/2025 não encontrada.
2025-05-02 12:09:43,105 - DEBUG - Thread 14376 - https://webhap.hapvida.com.br:443 "GET /pls/webhap/webNewBoletoEmpresa.obrigacaoLista?pPessoa=215076837&pNoCache=1202092543&pIdSessao=Vnlm/ge3KGZl8yPPPHt1PPPZOwPPPkqFaHetQc HTTP/11" 200 None
2025-05-02 12:09:43,118 - INFO - Thread 14376 - Worker 6: ❌ Fatura com vencimento em 20/04/2025 não encontrada.
2025-05-02 12:09:43,124 - DEBUG - Thread 19824 - https://webhap.hapvida.com.br:443 "POST /pls/webhap/webNewBoletoEmpresa.obrigacaoDados HTTP/11" 200 None
2025-05-02 12:09:43,166 - DEBUG - Thread 22700 - https://webhap.hapvida.com.br:443 "POST /pls/webhap/webNewBoletoEmpresa.loginValidacao HTTP/11" 302 2
2025-05-02 12:09:43,173 - INFO - Thread 29820 - Worker 8: Processando 0F92Y (ESFERA SOLUÇÕES EM GESTÃO EMP LTDA)
2025-05-02 12:09:43,220 - INFO - Thread 14376 - Worker 6: Processando 0FTV3 (ESTEVAO SILVA PEREIRA)
2025-05-02 12:09:43,225 - DEBUG - Thread 19824 - https://webhap.hapvida.com.br:443 "POST /pls/webhap/webNewBoletoEmpresa.validaObrigacao HTTP/11" 302 None
2025-05-02 12:09:43,275 - DEBUG - Thread 29820 - https://webhap.hapvida.com.br:443 "GET /pls/webhap/webNewBoletoEmpresa.login HTTP/11" 200 None
2025-05-02 12:09:43,330 - DEBUG - Thread 14376 - https://webhap.hapvida.com.br:443 "GET /pls/webhap/webNewBoletoEmpresa.login HTTP/11" 200 None
2025-05-02 12:09:43,349 - DEBUG - Thread 1952 - https://webhap.hapvida.com.br:443 "GET /pls/webhap/webNewBoletoEmpresa.obrigacaoLista?pPessoa=226119451&pNoCache=1202092544&pIdSessao=Vnlm/ge3KGZl8yPPPHt1PPPZOycBMeWRPPPzPPP5 HTTP/11" 200 None
2025-05-02 12:09:43,381 - INFO - Thread 1952 - Worker 7: ❌ Fatura com vencimento em 20/04/2025 não encontrada.
2025-05-02 12:09:43,381 - DEBUG - Thread 19824 - https://webhap.hapvida.com.br:443 "GET /pls/webhap/webNewBoletoEmpresa.boleto_cc?pIdSessao=Vnlm/ge3KGZl8yPPPHt1PPPZO/0dzLbiTTML&pNoCache=1202092543&pPessoa=204811778&pObrigacao=3046729439 HTTP/11" 200 None
2025-05-02 12:09:43,426 - DEBUG - Thread 29820 - https://webhap.hapvida.com.br:443 "POST /pls/webhap/webNewBoletoEmpresa.loginValidacao HTTP/11" 302 2
2025-05-02 12:09:43,486 - INFO - Thread 1952 - Worker 7: Processando 07LXH (EUD SISTEMS LTDA)
2025-05-02 12:09:43,508 - DEBUG - Thread 14376 - https://webhap.hapvida.com.br:443 "POST /pls/webhap/webNewBoletoEmpresa.loginValidacao HTTP/11" 302 2
2025-05-02 12:09:43,597 - DEBUG - Thread 1952 - https://webhap.hapvida.com.br:443 "GET /pls/webhap/webNewBoletoEmpresa.login HTTP/11" 200 None
2025-05-02 12:09:43,611 - DEBUG - Thread 22700 - https://webhap.hapvida.com.br:443 "GET /pls/webhap/webNewBoletoEmpresa.obrigacaoLista?pPessoa=186435637&pNoCache=1202092544&pIdSessao=Vnlm/ge3KGZGcABmEKPOPoECw5kecHfK HTTP/11" 200 None
2025-05-02 12:09:43,621 - INFO - Thread 22700 - Worker 3: ❌ Fatura com vencimento em 20/04/2025 não encontrada.
2025-05-02 12:09:43,722 - INFO - Thread 22700 - Worker 3: Processando 0IHBS (EVALDO CARDOSO)
2025-05-02 12:09:43,763 - DEBUG - Thread 1952 - https://webhap.hapvida.com.br:443 "POST /pls/webhap/webNewBoletoEmpresa.loginValidacao HTTP/11" 302 2
2025-05-02 12:09:43,835 - DEBUG - Thread 22700 - https://webhap.hapvida.com.br:443 "GET /pls/webhap/webNewBoletoEmpresa.login HTTP/11" 200 None
2025-05-02 12:09:44,000 - DEBUG - Thread 22700 - https://webhap.hapvida.com.br:443 "POST /pls/webhap/webNewBoletoEmpresa.loginValidacao HTTP/11" 302 2
2025-05-02 12:09:44,011 - DEBUG - Thread 14376 - https://webhap.hapvida.com.br:443 "GET /pls/webhap/webNewBoletoEmpresa.obrigacaoLista?pPessoa=229406699&pNoCache=1202092544&pIdSessao=Vnlm/ge3KGZGcABmEKPOPhYpFX0qoCr6 HTTP/11" 200 None
2025-05-02 12:09:44,020 - INFO - Thread 14376 - Worker 6: ❌ Fatura com vencimento em 20/04/2025 não encontrada.
2025-05-02 12:09:44,121 - INFO - Thread 14376 - Worker 6: Processando 06QPO (F F ROLIM COMERCIO EIRELI)
2025-05-02 12:09:44,210 - DEBUG - Thread 29820 - https://webhap.hapvida.com.br:443 "GET /pls/webhap/webNewBoletoEmpresa.obrigacaoLista?pPessoa=225664995&pNoCache=1202092544&pIdSessao=Vnlm/ge3KGZGcABmEKPOPhHOHqT5FKwm HTTP/11" 200 None
2025-05-02 12:09:44,219 - INFO - Thread 29820 - Worker 8: ❌ Fatura com vencimento em 20/04/2025 não encontrada.
2025-05-02 12:09:44,224 - DEBUG - Thread 14376 - https://webhap.hapvida.com.br:443 "GET /pls/webhap/webNewBoletoEmpresa.login HTTP/11" 200 None
2025-05-02 12:09:44,277 - DEBUG - Thread 1952 - https://webhap.hapvida.com.br:443 "GET /pls/webhap/webNewBoletoEmpresa.obrigacaoLista?pPessoa=106689114&pNoCache=1202092545&pIdSessao=Vnlm/ge3KGZGcABmEKPOPrltA4pcBsPPPe HTTP/11" 200 None
2025-05-02 12:09:44,288 - INFO - Thread 1952 - Worker 7: ❌ Fatura com vencimento em 20/04/2025 não encontrada.
2025-05-02 12:09:44,319 - INFO - Thread 29820 - Worker 8: Processando 0H64Q (F L SERVICOS DE ENGENHARIA LTDA)
2025-05-02 12:09:44,389 - INFO - Thread 1952 - Worker 7: Processando 08VSM (FACULDADE PARA O DESENVOLVIMENTO SUSTENTAVEL)
2025-05-02 12:09:44,411 - DEBUG - Thread 14376 - https://webhap.hapvida.com.br:443 "POST /pls/webhap/webNewBoletoEmpresa.loginValidacao HTTP/11" 302 2
2025-05-02 12:09:44,419 - DEBUG - Thread 29820 - https://webhap.hapvida.com.br:443 "GET /pls/webhap/webNewBoletoEmpresa.login HTTP/11" 200 None
2025-05-02 12:09:44,466 - DEBUG - Thread 22700 - https://webhap.hapvida.com.br:443 "GET /pls/webhap/webNewBoletoEmpresa.obrigacaoLista?pPessoa=264671700&pNoCache=1202092545&pIdSessao=Vnlm/ge3KGb6Kfr1H3A0xSKZswoM8/UZ HTTP/11" 200 None
2025-05-02 12:09:44,480 - INFO - Thread 22700 - Worker 3: ❌ Fatura com vencimento em 20/04/2025 não encontrada.
2025-05-02 12:09:44,493 - DEBUG - Thread 1952 - https://webhap.hapvida.com.br:443 "GET /pls/webhap/webNewBoletoEmpresa.login HTTP/11" 200 None
2025-05-02 12:09:44,562 - DEBUG - Thread 29820 - https://webhap.hapvida.com.br:443 "POST /pls/webhap/webNewBoletoEmpresa.loginValidacao HTTP/11" 302 2
2025-05-02 12:09:44,580 - INFO - Thread 22700 - Worker 3: Processando 0DWKP (FALCON HOTEIS LTDA)
2025-05-02 12:09:44,664 - DEBUG - Thread 1952 - https://webhap.hapvida.com.br:443 "POST /pls/webhap/webNewBoletoEmpresa.loginValidacao HTTP/11" 302 2
2025-05-02 12:09:44,689 - DEBUG - Thread 22700 - https://webhap.hapvida.com.br:443 "GET /pls/webhap/webNewBoletoEmpresa.login HTTP/11" 200 None
2025-05-02 12:09:44,881 - DEBUG - Thread 22700 - https://webhap.hapvida.com.br:443 "POST /pls/webhap/webNewBoletoEmpresa.loginValidacao HTTP/11" 302 2
2025-05-02 12:09:44,896 - DEBUG - Thread 14376 - https://webhap.hapvida.com.br:443 "GET /pls/webhap/webNewBoletoEmpresa.obrigacaoLista?pPessoa=184639138&pNoCache=1202092545&pIdSessao=Vnlm/ge3KGb6Kfr1H3A0xflliFLuv2bPPP HTTP/11" 200 None
2025-05-02 12:09:44,907 - INFO - Thread 14376 - Worker 6: ❌ Fatura com vencimento em 20/04/2025 não encontrada.
2025-05-02 12:09:45,013 - INFO - Thread 14376 - Worker 6: Processando 06TTV (FERREIRA GONDIM MATERIAIS ELETRICOS LTDA)
2025-05-02 12:09:45,025 - DEBUG - Thread 29820 - https://webhap.hapvida.com.br:443 "GET /pls/webhap/webNewBoletoEmpresa.obrigacaoLista?pPessoa=255053650&pNoCache=1202092545&pIdSessao=Vnlm/ge3KGb6Kfr1H3A0xdh/cMG8goPPPa HTTP/11" 200 None
2025-05-02 12:09:45,035 - INFO - Thread 29820 - Worker 8: ❌ Fatura com vencimento em 20/04/2025 não encontrada.
2025-05-02 12:09:45,114 - DEBUG - Thread 14376 - https://webhap.hapvida.com.br:443 "GET /pls/webhap/webNewBoletoEmpresa.login HTTP/11" 200 None
2025-05-02 12:09:45,136 - INFO - Thread 29820 - Worker 8: Processando 04N06 (FIBER CONSTRUTORA LTDA)
2025-05-02 12:09:45,236 - DEBUG - Thread 29820 - https://webhap.hapvida.com.br:443 "GET /pls/webhap/webNewBoletoEmpresa.login HTTP/11" 200 None
2025-05-02 12:09:45,269 - DEBUG - Thread 14376 - https://webhap.hapvida.com.br:443 "POST /pls/webhap/webNewBoletoEmpresa.loginValidacao HTTP/11" 302 2
2025-05-02 12:09:45,404 - DEBUG - Thread 29820 - https://webhap.hapvida.com.br:443 "POST /pls/webhap/webNewBoletoEmpresa.loginValidacao HTTP/11" 302 2
2025-05-02 12:09:45,410 - DEBUG - Thread 1952 - https://webhap.hapvida.com.br:443 "GET /pls/webhap/webNewBoletoEmpresa.obrigacaoLista?pPessoa=204838633&pNoCache=1202092545&pIdSessao=Vnlm/ge3KGb6Kfr1H3A0xUz50ohERmnO HTTP/11" 200 None
2025-05-02 12:09:45,423 - INFO - Thread 1952 - Worker 7: ❌ Fatura com vencimento em 20/04/2025 não encontrada.
2025-05-02 12:09:45,528 - INFO - Thread 1952 - Worker 7: Processando 0F3Y4 (FRANCISCO DAS CHAGAS MESQUITA DUTRA JUNIOR)
2025-05-02 12:09:45,631 - DEBUG - Thread 1952 - https://webhap.hapvida.com.br:443 "GET /pls/webhap/webNewBoletoEmpresa.login HTTP/11" 200 None
2025-05-02 12:09:45,682 - DEBUG - Thread 22700 - https://webhap.hapvida.com.br:443 "GET /pls/webhap/webNewBoletoEmpresa.obrigacaoLista?pPessoa=215858959&pNoCache=1202092546&pIdSessao=Vnlm/ge3KGZV1tczHofgKF5vqMFfAksh HTTP/11" 200 None
2025-05-02 12:09:45,694 - INFO - Thread 22700 - Worker 3: ❌ Fatura com vencimento em 20/04/2025 não encontrada.
2025-05-02 12:09:45,696 - INFO - Thread 24096 - Worker 1: ✅ ANDREW SERVIÇOS LTDA.pdf gerado com sucesso
2025-05-02 12:09:45,786 - INFO - Thread 10792 - Worker 2: ✅ CONSTR RODRIGUES PUBLIC E EVENTOS LTDA.pdf gerado com sucesso
2025-05-02 12:09:45,786 - DEBUG - Thread 1952 - https://webhap.hapvida.com.br:443 "POST /pls/webhap/webNewBoletoEmpresa.loginValidacao HTTP/11" 302 2
2025-05-02 12:09:45,796 - INFO - Thread 22700 - Worker 3: Processando 0FQES (FREITAS BARRETO MAQUINAS E SERV LTDA)
2025-05-02 12:09:45,801 - INFO - Thread 24096 - Worker 1: Processando 0IZIS (G.C.S. FABRICACAO E SERVICOS LTDA)
2025-05-02 12:09:45,812 - DEBUG - Thread 14376 - https://webhap.hapvida.com.br:443 "GET /pls/webhap/webNewBoletoEmpresa.obrigacaoLista?pPessoa=184650883&pNoCache=1202092546&pIdSessao=Vnlm/ge3KGZV1tczHofgKCWMcDKV2emn HTTP/11" 200 None
2025-05-02 12:09:45,826 - INFO - Thread 14376 - Worker 6: ❌ Fatura com vencimento em 20/04/2025 não encontrada.
2025-05-02 12:09:45,845 - INFO - Thread 32624 - Worker 13: ✅ ALEX SANDRO GOMES MORAIS.pdf gerado com sucesso
2025-05-02 12:09:45,856 - INFO - Thread 32220 - Worker 14: ✅ ATHOBIM CONSTRUÇÃO E TECNOLOGIA LTDA.pdf gerado com sucesso
2025-05-02 12:09:45,861 - DEBUG - Thread 29820 - https://webhap.hapvida.com.br:443 "GET /pls/webhap/webNewBoletoEmpresa.obrigacaoLista?pPessoa=129039647&pNoCache=1202092546&pIdSessao=Vnlm/ge3KGZV1tczHofgKLxx1F/5Kwjj HTTP/11" 200 None
2025-05-02 12:09:45,874 - INFO - Thread 29820 - Worker 8: ❌ Fatura com vencimento em 20/04/2025 não encontrada.
2025-05-02 12:09:45,890 - INFO - Thread 25612 - Worker 4: ✅ ANDREIA DE ALMEIDA VICENTE.pdf gerado com sucesso
2025-05-02 12:09:45,893 - INFO - Thread 10644 - Worker 9: ✅ CONSERVE QUALITY LTDA.pdf gerado com sucesso
2025-05-02 12:09:45,895 - INFO - Thread 10792 - Worker 2: Processando 0H16Y (GAMA ELETROTECNICA E TELECOMUNICACOES LTDA)
2025-05-02 12:09:45,927 - DEBUG - Thread 22700 - https://webhap.hapvida.com.br:443 "GET /pls/webhap/webNewBoletoEmpresa.login HTTP/11" 200 None
2025-05-02 12:09:45,934 - INFO - Thread 14376 - Worker 6: Processando 0DTZ9 (GEOROCHA SOND CIRCUL REV LTDA)
2025-05-02 12:09:45,945 - INFO - Thread 32624 - Worker 13: Processando 06BLX (GRUPO RUGIDO EIRELI)
2025-05-02 12:09:45,954 - DEBUG - Thread 24096 - https://webhap.hapvida.com.br:443 "GET /pls/webhap/webNewBoletoEmpresa.login HTTP/11" 200 None
2025-05-02 12:09:45,957 - INFO - Thread 32220 - Worker 14: Processando 05XS2 (HARPIA MANUTENCAO DE EQUIPAMENTOS EIRELI)
2025-05-02 12:09:45,977 - INFO - Thread 29820 - Worker 8: Processando 0HKW0 (HIGRA MINING SERVICOS LTDA)
2025-05-02 12:09:45,990 - INFO - Thread 25612 - Worker 4: Processando 0CLLA (I M R NETO MIMA MEU PET LTDA)
2025-05-02 12:09:45,994 - INFO - Thread 10644 - Worker 9: Processando 07EIW (IMPERIAL CONSTRUCAO DE EDIFICIOS EIRELI)
2025-05-02 12:09:46,009 - INFO - Thread 27032 - Worker 5: ✅ ANDREIA GOMES RODRIGUES DE LIMA.pdf gerado com sucesso
2025-05-02 12:09:46,091 - DEBUG - Thread 10792 - https://webhap.hapvida.com.br:443 "GET /pls/webhap/webNewBoletoEmpresa.login HTTP/11" 200 None
2025-05-02 12:09:46,094 - DEBUG - Thread 14376 - https://webhap.hapvida.com.br:443 "GET /pls/webhap/webNewBoletoEmpresa.login HTTP/11" 200 None
2025-05-02 12:09:46,098 - DEBUG - Thread 32220 - https://webhap.hapvida.com.br:443 "GET /pls/webhap/webNewBoletoEmpresa.login HTTP/11" 200 None
2025-05-02 12:09:46,110 - INFO - Thread 27032 - Worker 5: Processando 04MVG (INDUSTRIA E COMERCIO DE MOVEIS CAETANO LTDA)
2025-05-02 12:09:46,113 - DEBUG - Thread 32624 - https://webhap.hapvida.com.br:443 "GET /pls/webhap/webNewBoletoEmpresa.login HTTP/11" 200 None
2025-05-02 12:09:46,199 - DEBUG - Thread 29820 - https://webhap.hapvida.com.br:443 "GET /pls/webhap/webNewBoletoEmpresa.login HTTP/11" 200 None
2025-05-02 12:09:46,211 - DEBUG - Thread 22700 - https://webhap.hapvida.com.br:443 "POST /pls/webhap/webNewBoletoEmpresa.loginValidacao HTTP/11" 302 2
2025-05-02 12:09:46,212 - DEBUG - Thread 25612 - https://webhap.hapvida.com.br:443 "GET /pls/webhap/webNewBoletoEmpresa.login HTTP/11" 200 None
2025-05-02 12:09:46,213 - DEBUG - Thread 24096 - https://webhap.hapvida.com.br:443 "POST /pls/webhap/webNewBoletoEmpresa.loginValidacao HTTP/11" 302 2
2025-05-02 12:09:46,261 - DEBUG - Thread 1952 - https://webhap.hapvida.com.br:443 "GET /pls/webhap/webNewBoletoEmpresa.obrigacaoLista?pPessoa=224888962&pNoCache=1202092547&pIdSessao=Vnlm/ge3KGZV1tczHofgKPNB6RsZO06o HTTP/11" 200 None
2025-05-02 12:09:46,281 - INFO - Thread 1952 - Worker 7: ❌ Fatura com vencimento em 20/04/2025 não encontrada.
2025-05-02 12:09:46,281 - DEBUG - Thread 10792 - https://webhap.hapvida.com.br:443 "POST /pls/webhap/webNewBoletoEmpresa.loginValidacao HTTP/11" 302 2
2025-05-02 12:09:46,344 - DEBUG - Thread 14376 - https://webhap.hapvida.com.br:443 "POST /pls/webhap/webNewBoletoEmpresa.loginValidacao HTTP/11" 302 2
2025-05-02 12:09:46,379 - DEBUG - Thread 27032 - https://webhap.hapvida.com.br:443 "GET /pls/webhap/webNewBoletoEmpresa.login HTTP/11" 200 None
2025-05-02 12:09:46,382 - INFO - Thread 1952 - Worker 7: Processando 0IZIL (INTRANORTH ENGENHARIA E TRANSPORTE LTDA)
2025-05-02 12:09:46,414 - INFO - Thread 5352 - Worker 10: ✅ 49.086.988 LUAN DE SOUSA FREIRE.pdf gerado com sucesso
2025-05-02 12:09:46,430 - DEBUG - Thread 32220 - https://webhap.hapvida.com.br:443 "POST /pls/webhap/webNewBoletoEmpresa.loginValidacao HTTP/11" 302 2
2025-05-02 12:09:46,492 - DEBUG - Thread 32624 - https://webhap.hapvida.com.br:443 "POST /pls/webhap/webNewBoletoEmpresa.loginValidacao HTTP/11" 302 2
2025-05-02 12:09:46,515 - INFO - Thread 5352 - Worker 10: Processando 0D4H5 (INVIOLAVEL PARAUAPEBAS COMERCIO E SERVICOS DE)
2025-05-02 12:09:46,519 - DEBUG - Thread 10644 - https://webhap.hapvida.com.br:443 "GET /pls/webhap/webNewBoletoEmpresa.login HTTP/11" 200 None
2025-05-02 12:09:46,522 - DEBUG - Thread 1952 - https://webhap.hapvida.com.br:443 "GET /pls/webhap/webNewBoletoEmpresa.login HTTP/11" 200 None
2025-05-02 12:09:46,523 - DEBUG - Thread 25612 - https://webhap.hapvida.com.br:443 "POST /pls/webhap/webNewBoletoEmpresa.loginValidacao HTTP/11" 302 2
2025-05-02 12:09:46,524 - DEBUG - Thread 29820 - https://webhap.hapvida.com.br:443 "POST /pls/webhap/webNewBoletoEmpresa.loginValidacao HTTP/11" 302 2
2025-05-02 12:09:46,547 - DEBUG - Thread 27032 - https://webhap.hapvida.com.br:443 "POST /pls/webhap/webNewBoletoEmpresa.loginValidacao HTTP/11" 302 2
2025-05-02 12:09:46,651 - INFO - Thread 10580 - Worker 0: ✅ DE PAULA MANUTENCAO E CALDEIRARIA LTDA.pdf gerado com sucesso
2025-05-02 12:09:46,684 - DEBUG - Thread 1952 - https://webhap.hapvida.com.br:443 "POST /pls/webhap/webNewBoletoEmpresa.loginValidacao HTTP/11" 302 2
2025-05-02 12:09:46,707 - DEBUG - Thread 10644 - https://webhap.hapvida.com.br:443 "POST /pls/webhap/webNewBoletoEmpresa.loginValidacao HTTP/11" 302 2
2025-05-02 12:09:46,751 - INFO - Thread 10580 - Worker 0: Processando 087H1 (IVANILDA DO NASC DE MIRANDA 03878323867)
2025-05-02 12:09:46,841 - DEBUG - Thread 24096 - https://webhap.hapvida.com.br:443 "GET /pls/webhap/webNewBoletoEmpresa.obrigacaoLista?pPessoa=266095774&pNoCache=1202092547&pIdSessao=Vnlm/ge3KGbJR10rGgUTM3hsDBWIO88L HTTP/11" 200 None
2025-05-02 12:09:46,852 - INFO - Thread 24096 - Worker 1: ❌ Fatura com vencimento em 20/04/2025 não encontrada.
2025-05-02 12:09:46,924 - DEBUG - Thread 10580 - https://webhap.hapvida.com.br:443 "GET /pls/webhap/webNewBoletoEmpresa.login HTTP/11" 200 None
2025-05-02 12:09:46,935 - DEBUG - Thread 10792 - https://webhap.hapvida.com.br:443 "GET /pls/webhap/webNewBoletoEmpresa.obrigacaoLista?pPessoa=253615189&pNoCache=1202092547&pIdSessao=Vnlm/ge3KGbJR10rGgUTM4vuFxzal9Iy HTTP/11" 200 None
2025-05-02 12:09:46,945 - INFO - Thread 10792 - Worker 2: ❌ Fatura com vencimento em 20/04/2025 não encontrada.
2025-05-02 12:09:46,945 - DEBUG - Thread 22700 - https://webhap.hapvida.com.br:443 "GET /pls/webhap/webNewBoletoEmpresa.obrigacaoLista?pPessoa=127003629&pNoCache=1202092547&pIdSessao=Vnlm/ge3KGbJR10rGgUTMwDTVXjD5vQI HTTP/11" 200 None
2025-05-02 12:09:46,955 - INFO - Thread 22700 - Worker 3: ❌ Fatura com vencimento em 20/04/2025 não encontrada.
2025-05-02 12:09:46,956 - INFO - Thread 24096 - Worker 1: Processando 04I5F (J O DA SILVA MATERIAIS DE CONSTRUCAO EIRELI)
2025-05-02 12:09:46,972 - DEBUG - Thread 25612 - https://webhap.hapvida.com.br:443 "GET /pls/webhap/webNewBoletoEmpresa.obrigacaoLista?pPessoa=206533449&pNoCache=1202092547&pIdSessao=Vnlm/ge3KGbJR10rGgUTMxuvPPPg12QDYx HTTP/11" 200 None
2025-05-02 12:09:46,987 - DEBUG - Thread 32220 - https://webhap.hapvida.com.br:443 "GET /pls/webhap/webNewBoletoEmpresa.obrigacaoLista?pPessoa=171608000&pNoCache=1202092547&pIdSessao=Vnlm/ge3KGbJR10rGgUTMyNc3CPfo239 HTTP/11" 200 None
2025-05-02 12:09:47,019 - DEBUG - Thread 29820 - https://webhap.hapvida.com.br:443 "GET /pls/webhap/webNewBoletoEmpresa.obrigacaoLista?pPessoa=258164770&pNoCache=1202092547&pIdSessao=Vnlm/ge3KGbJR10rGgUTMxDOJBNarqwM HTTP/11" 200 None
2025-05-02 12:09:47,029 - INFO - Thread 29820 - Worker 8: ❌ Fatura com vencimento em 20/04/2025 não encontrada.
2025-05-02 12:09:47,030 - DEBUG - Thread 14376 - https://webhap.hapvida.com.br:443 "GET /pls/webhap/webNewBoletoEmpresa.obrigacaoLista?pPessoa=215119676&pNoCache=1202092547&pIdSessao=Vnlm/ge3KGbJR10rGgUTM8Y3xjNkIANb HTTP/11" 200 None
2025-05-02 12:09:47,041 - INFO - Thread 14376 - Worker 6: ❌ Fatura com vencimento em 20/04/2025 não encontrada.
2025-05-02 12:09:47,042 - DEBUG - Thread 5352 - https://webhap.hapvida.com.br:443 "GET /pls/webhap/webNewBoletoEmpresa.login HTTP/11" 200 None
2025-05-02 12:09:47,046 - INFO - Thread 10792 - Worker 2: Processando 08DPW (J. DE FREITAS BARRETO COM. E SERVICO)
2025-05-02 12:09:47,052 - DEBUG - Thread 32624 - https://webhap.hapvida.com.br:443 "GET /pls/webhap/webNewBoletoEmpresa.obrigacaoLista?pPessoa=180704300&pNoCache=1202092547&pIdSessao=Vnlm/ge3KGbJR10rGgUTM40hibGGXII1 HTTP/11" 200 None
2025-05-02 12:09:47,063 - INFO - Thread 22700 - Worker 3: Processando 0FDGY (J. NORTE CONSTRUÇÕES E SERVIÇOS LTDA)
2025-05-02 12:09:47,079 - DEBUG - Thread 24096 - https://webhap.hapvida.com.br:443 "GET /pls/webhap/webNewBoletoEmpresa.login HTTP/11" 200 None
2025-05-02 12:09:47,099 - DEBUG - Thread 27032 - https://webhap.hapvida.com.br:443 "GET /pls/webhap/webNewBoletoEmpresa.obrigacaoLista?pPessoa=128963243&pNoCache=1202092547&pIdSessao=Vnlm/ge3KGbJR10rGgUTM743HLI0/8Ag HTTP/11" 200 None
2025-05-02 12:09:47,117 - DEBUG - Thread 25612 - https://webhap.hapvida.com.br:443 "POST /pls/webhap/webNewBoletoEmpresa.obrigacaoDados HTTP/11" 200 None
2025-05-02 12:09:47,117 - DEBUG - Thread 10580 - https://webhap.hapvida.com.br:443 "POST /pls/webhap/webNewBoletoEmpresa.loginValidacao HTTP/11" 302 2
2025-05-02 12:09:47,125 - DEBUG - Thread 32220 - https://webhap.hapvida.com.br:443 "POST /pls/webhap/webNewBoletoEmpresa.obrigacaoDados HTTP/11" 200 None
2025-05-02 12:09:47,131 - INFO - Thread 29820 - Worker 8: Processando 07DEY (J. O. BATISTA CONSTRUCAO DE EDIFICIOS EIRELI)
2025-05-02 12:09:47,142 - INFO - Thread 14376 - Worker 6: Processando 0DQQZ (J. P. MANUTENCAO DE EQUIPAMENTOS LTDA)
2025-05-02 12:09:47,162 - DEBUG - Thread 10792 - https://webhap.hapvida.com.br:443 "GET /pls/webhap/webNewBoletoEmpresa.login HTTP/11" 200 None
2025-05-02 12:09:47,175 - DEBUG - Thread 22700 - https://webhap.hapvida.com.br:443 "GET /pls/webhap/webNewBoletoEmpresa.login HTTP/11" 200 None
2025-05-02 12:09:47,181 - DEBUG - Thread 32624 - https://webhap.hapvida.com.br:443 "POST /pls/webhap/webNewBoletoEmpresa.obrigacaoDados HTTP/11" 200 None
2025-05-02 12:09:47,200 - INFO - Thread 33800 - Worker 12: ✅ DEPAULA USINAGEM E JATEAMENTO LTDA.pdf gerado com sucesso
2025-05-02 12:09:47,226 - DEBUG - Thread 25612 - https://webhap.hapvida.com.br:443 "POST /pls/webhap/webNewBoletoEmpresa.validaObrigacao HTTP/11" 302 None
2025-05-02 12:09:47,226 - DEBUG - Thread 32220 - https://webhap.hapvida.com.br:443 "POST /pls/webhap/webNewBoletoEmpresa.validaObrigacao HTTP/11" 302 None
2025-05-02 12:09:47,244 - DEBUG - Thread 29820 - https://webhap.hapvida.com.br:443 "GET /pls/webhap/webNewBoletoEmpresa.login HTTP/11" 200 None
2025-05-02 12:09:47,257 - DEBUG - Thread 27032 - https://webhap.hapvida.com.br:443 "POST /pls/webhap/webNewBoletoEmpresa.obrigacaoDados HTTP/11" 200 None
2025-05-02 12:09:47,279 - DEBUG - Thread 1952 - https://webhap.hapvida.com.br:443 "GET /pls/webhap/webNewBoletoEmpresa.obrigacaoLista?pPessoa=266094034&pNoCache=1202092547&pIdSessao=Vnlm/ge3KGbJR10rGgUTM1UvzSmYX0NT HTTP/11" 200 None
2025-05-02 12:09:47,289 - INFO - Thread 1952 - Worker 7: ❌ Fatura com vencimento em 20/04/2025 não encontrada.
2025-05-02 12:09:47,295 - DEBUG - Thread 14376 - https://webhap.hapvida.com.br:443 "GET /pls/webhap/webNewBoletoEmpresa.login HTTP/11" 200 None
2025-05-02 12:09:47,298 - DEBUG - Thread 24096 - https://webhap.hapvida.com.br:443 "POST /pls/webhap/webNewBoletoEmpresa.loginValidacao HTTP/11" 302 2
2025-05-02 12:09:47,298 - DEBUG - Thread 32624 - https://webhap.hapvida.com.br:443 "POST /pls/webhap/webNewBoletoEmpresa.validaObrigacao HTTP/11" 302 None
2025-05-02 12:09:47,301 - INFO - Thread 33800 - Worker 12: Processando 0G5WF (J. T. DA SILVA IND. E COM. DE ACO INOX LTDA)
2025-05-02 12:09:47,311 - DEBUG - Thread 10792 - https://webhap.hapvida.com.br:443 "POST /pls/webhap/webNewBoletoEmpresa.loginValidacao HTTP/11" 302 2
2025-05-02 12:09:47,359 - DEBUG - Thread 22700 - https://webhap.hapvida.com.br:443 "POST /pls/webhap/webNewBoletoEmpresa.loginValidacao HTTP/11" 302 2
2025-05-02 12:09:47,359 - DEBUG - Thread 27032 - https://webhap.hapvida.com.br:443 "POST /pls/webhap/webNewBoletoEmpresa.validaObrigacao HTTP/11" 302 None
2025-05-02 12:09:47,363 - DEBUG - Thread 32220 - https://webhap.hapvida.com.br:443 "GET /pls/webhap/webNewBoletoEmpresa.boleto_cc?pIdSessao=Vnlm/ge3KGbJR10rGgUTMyNc3CPfo239&pNoCache=1202092547&pPessoa=171608000&pObrigacao=3046702140 HTTP/11" 200 None
2025-05-02 12:09:47,378 - DEBUG - Thread 25612 - https://webhap.hapvida.com.br:443 "GET /pls/webhap/webNewBoletoEmpresa.boleto_cc?pIdSessao=Vnlm/ge3KGbJR10rGgUTMxuvPPPg12QDYx&pNoCache=1202092547&pPessoa=206533449&pObrigacao=3046734238 HTTP/11" 200 None
2025-05-02 12:09:47,385 - DEBUG - Thread 10644 - https://webhap.hapvida.com.br:443 "GET /pls/webhap/webNewBoletoEmpresa.obrigacaoLista?pPessoa=187730918&pNoCache=1202092547&pIdSessao=Vnlm/ge3KGbJR10rGgUTM97EiG2pE7vI HTTP/11" 200 None
2025-05-02 12:09:47,397 - INFO - Thread 10644 - Worker 9: ❌ Fatura com vencimento em 20/04/2025 não encontrada.
2025-05-02 12:09:47,398 - INFO - Thread 1952 - Worker 7: Processando 0H5UQ (JANAINA ALVES DE OLIVEIRA)
2025-05-02 12:09:47,414 - DEBUG - Thread 33800 - https://webhap.hapvida.com.br:443 "GET /pls/webhap/webNewBoletoEmpresa.login HTTP/11" 200 None
2025-05-02 12:09:47,420 - DEBUG - Thread 29820 - https://webhap.hapvida.com.br:443 "POST /pls/webhap/webNewBoletoEmpresa.loginValidacao HTTP/11" 302 2
2025-05-02 12:09:47,457 - DEBUG - Thread 32624 - https://webhap.hapvida.com.br:443 "GET /pls/webhap/webNewBoletoEmpresa.boleto_cc?pIdSessao=Vnlm/ge3KGbJR10rGgUTM40hibGGXII1&pNoCache=1202092547&pPessoa=180704300&pObrigacao=3046707087 HTTP/11" 200 None
2025-05-02 12:09:47,461 - DEBUG - Thread 14376 - https://webhap.hapvida.com.br:443 "POST /pls/webhap/webNewBoletoEmpresa.loginValidacao HTTP/11" 302 2
2025-05-02 12:09:47,499 - INFO - Thread 10644 - Worker 9: Processando 0FY4R (JANAINA ROSA N PANTOJA)
2025-05-02 12:09:47,528 - DEBUG - Thread 5352 - https://webhap.hapvida.com.br:443 "POST /pls/webhap/webNewBoletoEmpresa.loginValidacao HTTP/11" 302 2
2025-05-02 12:09:47,538 - DEBUG - Thread 27032 - https://webhap.hapvida.com.br:443 "GET /pls/webhap/webNewBoletoEmpresa.boleto_cc?pIdSessao=Vnlm/ge3KGbJR10rGgUTM743HLI0/8Ag&pNoCache=1202092547&pPessoa=128963243&pObrigacao=3046687442 HTTP/11" 200 None
2025-05-02 12:09:47,603 - DEBUG - Thread 10644 - https://webhap.hapvida.com.br:443 "GET /pls/webhap/webNewBoletoEmpresa.login HTTP/11" 200 None
2025-05-02 12:09:47,652 - DEBUG - Thread 10580 - https://webhap.hapvida.com.br:443 "GET /pls/webhap/webNewBoletoEmpresa.obrigacaoLista?pPessoa=190662219&pNoCache=1202092548&pIdSessao=Vnlm/ge3KGZXbDcsPPPbziJTaqOQfwPOGn HTTP/11" 200 None
2025-05-02 12:09:47,662 - INFO - Thread 10580 - Worker 0: ❌ Fatura com vencimento em 20/04/2025 não encontrada.
2025-05-02 12:09:47,703 - DEBUG - Thread 33800 - https://webhap.hapvida.com.br:443 "POST /pls/webhap/webNewBoletoEmpresa.loginValidacao HTTP/11" 302 2
2025-05-02 12:09:47,744 - DEBUG - Thread 24096 - https://webhap.hapvida.com.br:443 "GET /pls/webhap/webNewBoletoEmpresa.obrigacaoLista?pPessoa=127686700&pNoCache=1202092548&pIdSessao=Vnlm/ge3KGZXbDcsPPPbziJbFIbIRrK8Zd HTTP/11" 200 None
2025-05-02 12:09:47,755 - INFO - Thread 24096 - Worker 1: ❌ Fatura com vencimento em 20/04/2025 não encontrada.
2025-05-02 12:09:47,763 - INFO - Thread 10580 - Worker 0: Processando 0H3WC (JAX MACHINERY COM DE EQUIP LOC E TRANSP LTDA)
2025-05-02 12:09:47,798 - DEBUG - Thread 10644 - https://webhap.hapvida.com.br:443 "POST /pls/webhap/webNewBoletoEmpresa.loginValidacao HTTP/11" 302 2
2025-05-02 12:09:47,826 - DEBUG - Thread 10792 - https://webhap.hapvida.com.br:443 "GET /pls/webhap/webNewBoletoEmpresa.obrigacaoLista?pPessoa=127460680&pNoCache=1202092548&pIdSessao=Vnlm/ge3KGZXbDcsPPPbziJZ0b0zPM/Nje HTTP/11" 200 None
2025-05-02 12:09:47,842 - INFO - Thread 10792 - Worker 2: ❌ Fatura com vencimento em 20/04/2025 não encontrada.
2025-05-02 12:09:47,855 - INFO - Thread 24096 - Worker 1: Processando 06UX3 (JC LOCACOES DE CAMINHOES E SERVICOS LTDA)
2025-05-02 12:09:47,872 - DEBUG - Thread 10580 - https://webhap.hapvida.com.br:443 "GET /pls/webhap/webNewBoletoEmpresa.login HTTP/11" 200 None
2025-05-02 12:09:47,886 - DEBUG - Thread 22700 - https://webhap.hapvida.com.br:443 "GET /pls/webhap/webNewBoletoEmpresa.obrigacaoLista?pPessoa=226325248&pNoCache=1202092548&pIdSessao=Vnlm/ge3KGZXbDcsPPPbziJX6JHDKF9wgq HTTP/11" 200 None
2025-05-02 12:09:47,899 - INFO - Thread 22700 - Worker 3: ❌ Fatura com vencimento em 20/04/2025 não encontrada.
2025-05-02 12:09:47,900 - DEBUG - Thread 29820 - https://webhap.hapvida.com.br:443 "GET /pls/webhap/webNewBoletoEmpresa.obrigacaoLista?pPessoa=187375433&pNoCache=1202092548&pIdSessao=Vnlm/ge3KGZXbDcsPPPbziJdAbUz1pqAhM HTTP/11" 200 None
2025-05-02 12:09:47,919 - INFO - Thread 29820 - Worker 8: ❌ Fatura com vencimento em 20/04/2025 não encontrada.
2025-05-02 12:09:47,938 - DEBUG - Thread 14376 - https://webhap.hapvida.com.br:443 "GET /pls/webhap/webNewBoletoEmpresa.obrigacaoLista?pPessoa=214450026&pNoCache=1202092548&pIdSessao=Vnlm/ge3KGZXbDcsPPPbziJQMHyyqllmT/ HTTP/11" 200 None
2025-05-02 12:09:47,951 - INFO - Thread 14376 - Worker 6: ❌ Fatura com vencimento em 20/04/2025 não encontrada.
2025-05-02 12:09:47,958 - INFO - Thread 10792 - Worker 2: Processando 0CTP1 (JF SERVICOS LTDA)
2025-05-02 12:09:47,967 - DEBUG - Thread 24096 - https://webhap.hapvida.com.br:443 "GET /pls/webhap/webNewBoletoEmpresa.login HTTP/11" 200 None
2025-05-02 12:09:47,987 - DEBUG - Thread 5352 - https://webhap.hapvida.com.br:443 "GET /pls/webhap/webNewBoletoEmpresa.obrigacaoLista?pPessoa=209128723&pNoCache=1202092548&pIdSessao=Vnlm/ge3KGZXbDcsPPPbziJQ2pJ5Ol8/b0 HTTP/11" 200 None
2025-05-02 12:09:47,999 - INFO - Thread 5352 - Worker 10: ❌ Fatura com vencimento em 20/04/2025 não encontrada.
2025-05-02 12:09:48,000 - INFO - Thread 22700 - Worker 3: Processando 0JZLC (JG SUPRIMENTOS LTDA)
2025-05-02 12:09:48,019 - INFO - Thread 29820 - Worker 8: Processando 087S4 (JHEISON CRISTIAN QUEIROZ CARDOSO DA SILVA)
2025-05-02 12:09:48,038 - DEBUG - Thread 10580 - https://webhap.hapvida.com.br:443 "POST /pls/webhap/webNewBoletoEmpresa.loginValidacao HTTP/11" 302 2
2025-05-02 12:09:48,052 - INFO - Thread 14376 - Worker 6: Processando 0GEB9 (JLM CHACREAMENTO LAGOA PRETA EMPREEND LTDA)
2025-05-02 12:09:48,068 - DEBUG - Thread 10792 - https://webhap.hapvida.com.br:443 "GET /pls/webhap/webNewBoletoEmpresa.login HTTP/11" 200 None
2025-05-02 12:09:48,102 - INFO - Thread 5352 - Worker 10: Processando 0GE24 (JN LOCACOES EMPREENDIMENTOS E SERVICOS LTDA)
2025-05-02 12:09:48,120 - DEBUG - Thread 1952 - https://webhap.hapvida.com.br:443 "GET /pls/webhap/webNewBoletoEmpresa.login HTTP/11" 200 None
2025-05-02 12:09:48,125 - DEBUG - Thread 29820 - https://webhap.hapvida.com.br:443 "GET /pls/webhap/webNewBoletoEmpresa.login HTTP/11" 200 None
2025-05-02 12:09:48,158 - DEBUG - Thread 24096 - https://webhap.hapvida.com.br:443 "POST /pls/webhap/webNewBoletoEmpresa.loginValidacao HTTP/11" 302 2
2025-05-02 12:09:48,169 - DEBUG - Thread 14376 - https://webhap.hapvida.com.br:443 "GET /pls/webhap/webNewBoletoEmpresa.login HTTP/11" 200 None
2025-05-02 12:09:48,206 - DEBUG - Thread 5352 - https://webhap.hapvida.com.br:443 "GET /pls/webhap/webNewBoletoEmpresa.login HTTP/11" 200 None
2025-05-02 12:09:48,239 - DEBUG - Thread 10792 - https://webhap.hapvida.com.br:443 "POST /pls/webhap/webNewBoletoEmpresa.loginValidacao HTTP/11" 302 2
2025-05-02 12:09:48,255 - DEBUG - Thread 33800 - https://webhap.hapvida.com.br:443 "GET /pls/webhap/webNewBoletoEmpresa.obrigacaoLista?pPessoa=247174532&pNoCache=1202092548&pIdSessao=Vnlm/ge3KGZXbDcsPPPbziJae5/rw//VQy HTTP/11" 200 None
2025-05-02 12:09:48,268 - INFO - Thread 33800 - Worker 12: ❌ Fatura com vencimento em 20/04/2025 não encontrada.
2025-05-02 12:09:48,269 - DEBUG - Thread 10644 - https://webhap.hapvida.com.br:443 "GET /pls/webhap/webNewBoletoEmpresa.obrigacaoLista?pPessoa=229888456&pNoCache=1202092549&pIdSessao=Vnlm/ge3KGZXbDcsPPPbziJXyhKED62dtM HTTP/11" 200 None
2025-05-02 12:09:48,281 - INFO - Thread 10644 - Worker 9: ❌ Fatura com vencimento em 20/04/2025 não encontrada.
2025-05-02 12:09:48,282 - DEBUG - Thread 1952 - https://webhap.hapvida.com.br:443 "POST /pls/webhap/webNewBoletoEmpresa.loginValidacao HTTP/11" 302 2
2025-05-02 12:09:48,286 - DEBUG - Thread 29820 - https://webhap.hapvida.com.br:443 "POST /pls/webhap/webNewBoletoEmpresa.loginValidacao HTTP/11" 302 2
2025-05-02 12:09:48,341 - DEBUG - Thread 14376 - https://webhap.hapvida.com.br:443 "POST /pls/webhap/webNewBoletoEmpresa.loginValidacao HTTP/11" 302 2
2025-05-02 12:09:48,370 - INFO - Thread 33800 - Worker 12: Processando 0H8R8 (JOICY CHAVES DA SILVA COSTA)
2025-05-02 12:09:48,373 - DEBUG - Thread 5352 - https://webhap.hapvida.com.br:443 "POST /pls/webhap/webNewBoletoEmpresa.loginValidacao HTTP/11" 302 2
2025-05-02 12:09:48,382 - INFO - Thread 10644 - Worker 9: Processando 04GTH (JOSE ARNALDO ALVES DA SILVA)
2025-05-02 12:09:48,473 - DEBUG - Thread 33800 - https://webhap.hapvida.com.br:443 "GET /pls/webhap/webNewBoletoEmpresa.login HTTP/11" 200 None
2025-05-02 12:09:48,484 - DEBUG - Thread 10644 - https://webhap.hapvida.com.br:443 "GET /pls/webhap/webNewBoletoEmpresa.login HTTP/11" 200 None
2025-05-02 12:09:48,564 - DEBUG - Thread 10580 - https://webhap.hapvida.com.br:443 "GET /pls/webhap/webNewBoletoEmpresa.obrigacaoLista?pPessoa=254551591&pNoCache=1202092549&pIdSessao=Vnlm/ge3KGZZwSAOhKF6XaPPPfDd3AWbhE HTTP/11" 200 None
2025-05-02 12:09:48,589 - INFO - Thread 10580 - Worker 0: ❌ Fatura com vencimento em 20/04/2025 não encontrada.
2025-05-02 12:09:48,633 - DEBUG - Thread 24096 - https://webhap.hapvida.com.br:443 "GET /pls/webhap/webNewBoletoEmpresa.obrigacaoLista?pPessoa=184867106&pNoCache=1202092549&pIdSessao=Vnlm/ge3KGZZwSAOhKF6XZpoQ7tcSlR9 HTTP/11" 200 None
2025-05-02 12:09:48,643 - INFO - Thread 24096 - Worker 1: ❌ Fatura com vencimento em 20/04/2025 não encontrada.
2025-05-02 12:09:48,690 - INFO - Thread 10580 - Worker 0: Processando 0FBXY (JPX TRANSPORTE E LOCAÇÃO LTDA)
2025-05-02 12:09:48,691 - DEBUG - Thread 10644 - https://webhap.hapvida.com.br:443 "POST /pls/webhap/webNewBoletoEmpresa.loginValidacao HTTP/11" 302 2
2025-05-02 12:09:48,704 - DEBUG - Thread 33800 - https://webhap.hapvida.com.br:443 "POST /pls/webhap/webNewBoletoEmpresa.loginValidacao HTTP/11" 302 2
2025-05-02 12:09:48,707 - DEBUG - Thread 10792 - https://webhap.hapvida.com.br:443 "GET /pls/webhap/webNewBoletoEmpresa.obrigacaoLista?pPessoa=207594514&pNoCache=1202092549&pIdSessao=Vnlm/ge3KGZZwSAOhKF6XboDvbSzs1MR HTTP/11" 200 None
2025-05-02 12:09:48,716 - INFO - Thread 10792 - Worker 2: ❌ Fatura com vencimento em 20/04/2025 não encontrada.
2025-05-02 12:09:48,728 - DEBUG - Thread 22700 - https://webhap.hapvida.com.br:443 "GET /pls/webhap/webNewBoletoEmpresa.login HTTP/11" 200 None
2025-05-02 12:09:48,743 - INFO - Thread 24096 - Worker 1: Processando 0JT9S (JRX LOCACOES E SERVICOS LTDA)
2025-05-02 12:09:48,756 - DEBUG - Thread 29820 - https://webhap.hapvida.com.br:443 "GET /pls/webhap/webNewBoletoEmpresa.obrigacaoLista?pPessoa=190758186&pNoCache=1202092549&pIdSessao=Vnlm/ge3KGZZwSAOhKF6Xf1Ty2aobNmi HTTP/11" 200 None
2025-05-02 12:09:48,783 - INFO - Thread 29820 - Worker 8: ❌ Fatura com vencimento em 20/04/2025 não encontrada.
2025-05-02 12:09:48,784 - DEBUG - Thread 14376 - https://webhap.hapvida.com.br:443 "GET /pls/webhap/webNewBoletoEmpresa.obrigacaoLista?pPessoa=249525006&pNoCache=1202092549&pIdSessao=Vnlm/ge3KGZZwSAOhKF6XVPPP3G/sHMule HTTP/11" 200 None
2025-05-02 12:09:48,799 - INFO - Thread 14376 - Worker 6: ❌ Fatura com vencimento em 20/04/2025 não encontrada.
2025-05-02 12:09:48,799 - DEBUG - Thread 10580 - https://webhap.hapvida.com.br:443 "GET /pls/webhap/webNewBoletoEmpresa.login HTTP/11" 200 None
2025-05-02 12:09:48,817 - INFO - Thread 10792 - Worker 2: Processando 0FS1L (JS COM E SERV DE EVENTOS LTDA)
2025-05-02 12:09:48,857 - DEBUG - Thread 24096 - https://webhap.hapvida.com.br:443 "GET /pls/webhap/webNewBoletoEmpresa.login HTTP/11" 200 None
2025-05-02 12:09:48,873 - DEBUG - Thread 5352 - https://webhap.hapvida.com.br:443 "GET /pls/webhap/webNewBoletoEmpresa.obrigacaoLista?pPessoa=249452548&pNoCache=1202092549&pIdSessao=Vnlm/ge3KGZZwSAOhKF6XQBs/45i8o6O HTTP/11" 200 None
2025-05-02 12:09:48,885 - INFO - Thread 5352 - Worker 10: ❌ Fatura com vencimento em 20/04/2025 não encontrada.
2025-05-02 12:09:48,886 - INFO - Thread 29820 - Worker 8: Processando 08DMI (JSL PAIXAO COMERCIO E SERVICOS LTDA)
2025-05-02 12:09:48,894 - DEBUG - Thread 22700 - https://webhap.hapvida.com.br:443 "POST /pls/webhap/webNewBoletoEmpresa.loginValidacao HTTP/11" 302 2
2025-05-02 12:09:48,900 - INFO - Thread 14376 - Worker 6: Processando 07Y24 (JURAILSON MONTEIRO FERNANDES 60885424204)
2025-05-02 12:09:48,920 - DEBUG - Thread 10792 - https://webhap.hapvida.com.br:443 "GET /pls/webhap/webNewBoletoEmpresa.login HTTP/11" 200 None
2025-05-02 12:09:48,950 - DEBUG - Thread 10580 - https://webhap.hapvida.com.br:443 "POST /pls/webhap/webNewBoletoEmpresa.loginValidacao HTTP/11" 302 2
2025-05-02 12:09:48,986 - INFO - Thread 5352 - Worker 10: Processando 06X4U (KGR GESTAO DE RESIDUOS LTDA)
2025-05-02 12:09:48,989 - DEBUG - Thread 29820 - https://webhap.hapvida.com.br:443 "GET /pls/webhap/webNewBoletoEmpresa.login HTTP/11" 200 None
2025-05-02 12:09:49,001 - DEBUG - Thread 14376 - https://webhap.hapvida.com.br:443 "GET /pls/webhap/webNewBoletoEmpresa.login HTTP/11" 200 None
2025-05-02 12:09:49,017 - DEBUG - Thread 24096 - https://webhap.hapvida.com.br:443 "POST /pls/webhap/webNewBoletoEmpresa.loginValidacao HTTP/11" 302 2
2025-05-02 12:09:49,089 - DEBUG - Thread 5352 - https://webhap.hapvida.com.br:443 "GET /pls/webhap/webNewBoletoEmpresa.login HTTP/11" 200 None
2025-05-02 12:09:49,092 - DEBUG - Thread 10792 - https://webhap.hapvida.com.br:443 "POST /pls/webhap/webNewBoletoEmpresa.loginValidacao HTTP/11" 302 2
2025-05-02 12:09:49,143 - DEBUG - Thread 29820 - https://webhap.hapvida.com.br:443 "POST /pls/webhap/webNewBoletoEmpresa.loginValidacao HTTP/11" 302 2
2025-05-02 12:09:49,197 - DEBUG - Thread 14376 - https://webhap.hapvida.com.br:443 "POST /pls/webhap/webNewBoletoEmpresa.loginValidacao HTTP/11" 302 2
2025-05-02 12:09:49,260 - DEBUG - Thread 33800 - https://webhap.hapvida.com.br:443 "GET /pls/webhap/webNewBoletoEmpresa.obrigacaoLista?pPessoa=255475503&pNoCache=1202092549&pIdSessao=Vnlm/ge3KGZZwSAOhKF6XeBEWFhG2oBH HTTP/11" 200 None
2025-05-02 12:09:49,277 - INFO - Thread 33800 - Worker 12: ❌ Fatura com vencimento em 20/04/2025 não encontrada.
2025-05-02 12:09:49,277 - DEBUG - Thread 10644 - https://webhap.hapvida.com.br:443 "GET /pls/webhap/webNewBoletoEmpresa.obrigacaoLista?pPessoa=127249881&pNoCache=1202092549&pIdSessao=Vnlm/ge3KGZZwSAOhKF6XexhUk8Vy1Mi HTTP/11" 200 None
2025-05-02 12:09:49,287 - INFO - Thread 10644 - Worker 9: ❌ Fatura com vencimento em 20/04/2025 não encontrada.
2025-05-02 12:09:49,287 - DEBUG - Thread 5352 - https://webhap.hapvida.com.br:443 "POST /pls/webhap/webNewBoletoEmpresa.loginValidacao HTTP/11" 302 2
2025-05-02 12:09:49,378 - INFO - Thread 33800 - Worker 12: Processando 0FS0W (KIZAHY COMPANY ENGENHARIA LTDA)
2025-05-02 12:09:49,383 - DEBUG - Thread 1952 - https://webhap.hapvida.com.br:443 "GET /pls/webhap/webNewBoletoEmpresa.obrigacaoLista?pPessoa=255046092&pNoCache=1202092549&pIdSessao=Vnlm/ge3KGZZwSAOhKF6XR/xPPP2ueg95n HTTP/11" 200 None
2025-05-02 12:09:49,394 - INFO - Thread 1952 - Worker 7: ❌ Fatura com vencimento em 20/04/2025 não encontrada.
2025-05-02 12:09:49,395 - INFO - Thread 10644 - Worker 9: Processando 06PPI (KL ENERGIA LTDA)
2025-05-02 12:09:49,403 - DEBUG - Thread 10580 - https://webhap.hapvida.com.br:443 "GET /pls/webhap/webNewBoletoEmpresa.obrigacaoLista?pPessoa=226087568&pNoCache=1202092550&pIdSessao=Vnlm/ge3KGaUYFLI3Q7hDWdYfk2Iw9hD HTTP/11" 200 None
2025-05-02 12:09:49,411 - INFO - Thread 10580 - Worker 0: ❌ Fatura com vencimento em 20/04/2025 não encontrada.
2025-05-02 12:09:49,495 - INFO - Thread 1952 - Worker 7: Processando 08K7C (L O DE SOUSA MATERIAIS PARA CONSTRUCAO LTDA)
2025-05-02 12:09:49,512 - INFO - Thread 10580 - Worker 0: Processando 0CTPU (L O R BANDEIRA JUNIOR LTDA)
2025-05-02 12:09:49,589 - DEBUG - Thread 10792 - https://webhap.hapvida.com.br:443 "GET /pls/webhap/webNewBoletoEmpresa.obrigacaoLista?pPessoa=228973336&pNoCache=1202092550&pIdSessao=Vnlm/ge3KGaUYFLI3Q7hDbwDWTOVUE4N HTTP/11" 200 None
2025-05-02 12:09:49,599 - INFO - Thread 10792 - Worker 2: ❌ Fatura com vencimento em 20/04/2025 não encontrada.
2025-05-02 12:09:49,600 - DEBUG - Thread 1952 - https://webhap.hapvida.com.br:443 "GET /pls/webhap/webNewBoletoEmpresa.login HTTP/11" 200 None
2025-05-02 12:09:49,615 - DEBUG - Thread 10580 - https://webhap.hapvida.com.br:443 "GET /pls/webhap/webNewBoletoEmpresa.login HTTP/11" 200 None
2025-05-02 12:09:49,636 - DEBUG - Thread 29820 - https://webhap.hapvida.com.br:443 "GET /pls/webhap/webNewBoletoEmpresa.obrigacaoLista?pPessoa=176241880&pNoCache=1202092550&pIdSessao=Vnlm/ge3KGaUYFLI3Q7hDVpGwVfNYrK7 HTTP/11" 200 None
2025-05-02 12:09:49,645 - INFO - Thread 29820 - Worker 8: ❌ Fatura com vencimento em 20/04/2025 não encontrada.
2025-05-02 12:09:49,648 - DEBUG - Thread 24096 - https://webhap.hapvida.com.br:443 "GET /pls/webhap/webNewBoletoEmpresa.obrigacaoLista?pPessoa=345670220&pNoCache=1202092550&pIdSessao=Vnlm/ge3KGaUYFLI3Q7hDVDNhJFMAz8T HTTP/11" 200 None
2025-05-02 12:09:49,659 - INFO - Thread 24096 - Worker 1: ❌ Fatura com vencimento em 20/04/2025 não encontrada.
2025-05-02 12:09:49,700 - INFO - Thread 10792 - Worker 2: Processando 0FC8K (LIMEIRA & FERREIRA SERVIÇOS MECANICOS LTDA)
2025-05-02 12:09:49,745 - INFO - Thread 29820 - Worker 8: Processando 0DTEN (LJA COMERCIO E SERVICOS LTDA)
2025-05-02 12:09:49,746 - DEBUG - Thread 22700 - https://webhap.hapvida.com.br:443 "GET /pls/webhap/webNewBoletoEmpresa.obrigacaoLista?pPessoa=437713410&pNoCache=1202092550&pIdSessao=Vnlm/ge3KGaUYFLI3Q7hDbjCNXs70it5 HTTP/11" 200 None
2025-05-02 12:09:49,760 - INFO - Thread 22700 - Worker 3: ❌ Fatura com vencimento em 20/04/2025 não encontrada.
2025-05-02 12:09:49,760 - INFO - Thread 24096 - Worker 1: Processando 06C4E (LORETO & PIZON CORRETORA E CONSULT LTDA)
2025-05-02 12:09:49,762 - DEBUG - Thread 1952 - https://webhap.hapvida.com.br:443 "POST /pls/webhap/webNewBoletoEmpresa.loginValidacao HTTP/11" 302 2
2025-05-02 12:09:49,775 - DEBUG - Thread 10580 - https://webhap.hapvida.com.br:443 "POST /pls/webhap/webNewBoletoEmpresa.loginValidacao HTTP/11" 302 2
2025-05-02 12:09:49,787 - DEBUG - Thread 33800 - https://webhap.hapvida.com.br:443 "GET /pls/webhap/webNewBoletoEmpresa.login HTTP/11" 200 None
2025-05-02 12:09:49,803 - DEBUG - Thread 10792 - https://webhap.hapvida.com.br:443 "GET /pls/webhap/webNewBoletoEmpresa.login HTTP/11" 200 None
2025-05-02 12:09:49,807 - DEBUG - Thread 10644 - https://webhap.hapvida.com.br:443 "GET /pls/webhap/webNewBoletoEmpresa.login HTTP/11" 200 None
2025-05-02 12:09:49,811 - DEBUG - Thread 14376 - https://webhap.hapvida.com.br:443 "GET /pls/webhap/webNewBoletoEmpresa.obrigacaoLista?pPessoa=189397353&pNoCache=1202092550&pIdSessao=Vnlm/ge3KGaUYFLI3Q7hDaqjgqfPPPle8Q HTTP/11" 200 None
2025-05-02 12:09:49,844 - DEBUG - Thread 5352 - https://webhap.hapvida.com.br:443 "GET /pls/webhap/webNewBoletoEmpresa.obrigacaoLista?pPessoa=185198895&pNoCache=1202092550&pIdSessao=Vnlm/ge3KGaUYFLI3Q7hDbHEJ219ChdL HTTP/11" 200 None
2025-05-02 12:09:49,855 - INFO - Thread 5352 - Worker 10: ❌ Fatura com vencimento em 20/04/2025 não encontrada.
2025-05-02 12:09:49,860 - INFO - Thread 22700 - Worker 3: Processando 0G1TR (LUAN PEREIRA DOS SANTOS)
2025-05-02 12:09:49,866 - DEBUG - Thread 29820 - https://webhap.hapvida.com.br:443 "GET /pls/webhap/webNewBoletoEmpresa.login HTTP/11" 200 None
2025-05-02 12:09:49,927 - DEBUG - Thread 14376 - https://webhap.hapvida.com.br:443 "POST /pls/webhap/webNewBoletoEmpresa.obrigacaoDados HTTP/11" 200 None
2025-05-02 12:09:49,934 - DEBUG - Thread 33800 - https://webhap.hapvida.com.br:443 "POST /pls/webhap/webNewBoletoEmpresa.loginValidacao HTTP/11" 302 2
2025-05-02 12:09:49,956 - INFO - Thread 5352 - Worker 10: Processando 0F2W7 (LUCAS BATISTA SA)
2025-05-02 12:09:49,963 - DEBUG - Thread 22700 - https://webhap.hapvida.com.br:443 "GET /pls/webhap/webNewBoletoEmpresa.login HTTP/11" 200 None
2025-05-02 12:09:49,970 - DEBUG - Thread 10792 - https://webhap.hapvida.com.br:443 "POST /pls/webhap/webNewBoletoEmpresa.loginValidacao HTTP/11" 302 2
2025-05-02 12:09:50,024 - DEBUG - Thread 14376 - https://webhap.hapvida.com.br:443 "POST /pls/webhap/webNewBoletoEmpresa.validaObrigacao HTTP/11" 302 None
2025-05-02 12:09:50,034 - DEBUG - Thread 29820 - https://webhap.hapvida.com.br:443 "POST /pls/webhap/webNewBoletoEmpresa.loginValidacao HTTP/11" 302 2
2025-05-02 12:09:50,056 - DEBUG - Thread 5352 - https://webhap.hapvida.com.br:443 "GET /pls/webhap/webNewBoletoEmpresa.login HTTP/11" 200 None
2025-05-02 12:09:50,113 - DEBUG - Thread 22700 - https://webhap.hapvida.com.br:443 "POST /pls/webhap/webNewBoletoEmpresa.loginValidacao HTTP/11" 302 2
2025-05-02 12:09:50,153 - DEBUG - Thread 14376 - https://webhap.hapvida.com.br:443 "GET /pls/webhap/webNewBoletoEmpresa.boleto_cc?pIdSessao=Vnlm/ge3KGaUYFLI3Q7hDaqjgqfPPPle8Q&pNoCache=1202092550&pPessoa=189397353&pObrigacao=3046719913 HTTP/11" 200 None
2025-05-02 12:09:50,211 - DEBUG - Thread 5352 - https://webhap.hapvida.com.br:443 "POST /pls/webhap/webNewBoletoEmpresa.loginValidacao HTTP/11" 302 2
2025-05-02 12:09:50,233 - DEBUG - Thread 10580 - https://webhap.hapvida.com.br:443 "GET /pls/webhap/webNewBoletoEmpresa.obrigacaoLista?pPessoa=207601901&pNoCache=1202092551&pIdSessao=Vnlm/ge3KGaUYFLI3Q7hDekceeB2aa7A HTTP/11" 200 None
2025-05-02 12:09:50,246 - INFO - Thread 10580 - Worker 0: ❌ Fatura com vencimento em 20/04/2025 não encontrada.
2025-05-02 12:09:50,302 - DEBUG - Thread 1952 - https://webhap.hapvida.com.br:443 "GET /pls/webhap/webNewBoletoEmpresa.obrigacaoLista?pPessoa=191788755&pNoCache=1202092550&pIdSessao=Vnlm/ge3KGaUYFLI3Q7hDUAsPoeFQ4PPPo HTTP/11" 200 None
2025-05-02 12:09:50,314 - INFO - Thread 1952 - Worker 7: ❌ Fatura com vencimento em 20/04/2025 não encontrada.
2025-05-02 12:09:50,347 - INFO - Thread 10580 - Worker 0: Processando 0G7QT (LUCENA E LIMA MATERIAIS DE CONSTRUCAO LTDA)
2025-05-02 12:09:50,351 - DEBUG - Thread 10644 - https://webhap.hapvida.com.br:443 "POST /pls/webhap/webNewBoletoEmpresa.loginValidacao HTTP/11" 302 2
2025-05-02 12:09:50,415 - INFO - Thread 1952 - Worker 7: Processando 0DNKG (LUCIANE GONCALVES FERREIRA)
2025-05-02 12:09:50,424 - DEBUG - Thread 10792 - https://webhap.hapvida.com.br:443 "GET /pls/webhap/webNewBoletoEmpresa.obrigacaoLista?pPessoa=226130994&pNoCache=1202092551&pIdSessao=Vnlm/ge3KGaVxCvWpMD2FhAVTzvPn7HK HTTP/11" 200 None
2025-05-02 12:09:50,434 - INFO - Thread 10792 - Worker 2: ❌ Fatura com vencimento em 20/04/2025 não encontrada.
2025-05-02 12:09:50,449 - DEBUG - Thread 10580 - https://webhap.hapvida.com.br:443 "GET /pls/webhap/webNewBoletoEmpresa.login HTTP/11" 200 None
2025-05-02 12:09:50,462 - DEBUG - Thread 33800 - https://webhap.hapvida.com.br:443 "GET /pls/webhap/webNewBoletoEmpresa.obrigacaoLista?pPessoa=228970973&pNoCache=1202092551&pIdSessao=Vnlm/ge3KGaVxCvWpMD2FsYy7ccejvZL HTTP/11" 200 None
2025-05-02 12:09:50,472 - INFO - Thread 33800 - Worker 12: ❌ Fatura com vencimento em 20/04/2025 não encontrada.
2025-05-02 12:09:50,508 - DEBUG - Thread 29820 - https://webhap.hapvida.com.br:443 "GET /pls/webhap/webNewBoletoEmpresa.obrigacaoLista?pPessoa=215024110&pNoCache=1202092551&pIdSessao=Vnlm/ge3KGaVxCvWpMD2FvgqajAzzU0e HTTP/11" 200 None
2025-05-02 12:09:50,519 - INFO - Thread 29820 - Worker 8: ❌ Fatura com vencimento em 20/04/2025 não encontrada.
2025-05-02 12:09:50,536 - DEBUG - Thread 1952 - https://webhap.hapvida.com.br:443 "GET /pls/webhap/webNewBoletoEmpresa.login HTTP/11" 200 None
2025-05-02 12:09:50,541 - INFO - Thread 10792 - Worker 2: Processando 05TMQ (M & P SERVICOS ADMINISTRATIVOS LTDA)
2025-05-02 12:09:50,573 - INFO - Thread 33800 - Worker 12: Processando 06YUL (M C MATERIAIS PARA CONSTRUCAO EIRELI)
2025-05-02 12:09:50,620 - INFO - Thread 29820 - Worker 8: Processando 08FK1 (M DOS SANTOS INSTALACOES ELETRICAS EIRELI)
2025-05-02 12:09:50,632 - DEBUG - Thread 10580 - https://webhap.hapvida.com.br:443 "POST /pls/webhap/webNewBoletoEmpresa.loginValidacao HTTP/11" 302 2
2025-05-02 12:09:50,635 - DEBUG - Thread 22700 - https://webhap.hapvida.com.br:443 "GET /pls/webhap/webNewBoletoEmpresa.obrigacaoLista?pPessoa=245324685&pNoCache=1202092551&pIdSessao=Vnlm/ge3KGaVxCvWpMD2Fg0I9WaPPP/N0o HTTP/11" 200 None
2025-05-02 12:09:50,656 - INFO - Thread 22700 - Worker 3: ❌ Fatura com vencimento em 20/04/2025 não encontrada.
2025-05-02 12:09:50,658 - DEBUG - Thread 10792 - https://webhap.hapvida.com.br:443 "GET /pls/webhap/webNewBoletoEmpresa.login HTTP/11" 200 None
2025-05-02 12:09:50,676 - DEBUG - Thread 5352 - https://webhap.hapvida.com.br:443 "GET /pls/webhap/webNewBoletoEmpresa.obrigacaoLista?pPessoa=224464445&pNoCache=1202092551&pIdSessao=Vnlm/ge3KGaVxCvWpMD2FivDIUPPP0ZJLQ HTTP/11" 200 None
2025-05-02 12:09:50,687 - INFO - Thread 5352 - Worker 10: ❌ Fatura com vencimento em 20/04/2025 não encontrada.
2025-05-02 12:09:50,691 - DEBUG - Thread 33800 - https://webhap.hapvida.com.br:443 "GET /pls/webhap/webNewBoletoEmpresa.login HTTP/11" 200 None
2025-05-02 12:09:50,711 - DEBUG - Thread 1952 - https://webhap.hapvida.com.br:443 "POST /pls/webhap/webNewBoletoEmpresa.loginValidacao HTTP/11" 302 2
2025-05-02 12:09:50,754 - DEBUG - Thread 29820 - https://webhap.hapvida.com.br:443 "GET /pls/webhap/webNewBoletoEmpresa.login HTTP/11" 200 None
2025-05-02 12:09:50,758 - INFO - Thread 22700 - Worker 3: Processando 0H3YN (M H CONSTRUTORA LTDA)
2025-05-02 12:09:50,788 - INFO - Thread 5352 - Worker 10: Processando 0F7P6 (M M SILVA EMPREENDIMENTOS LTDA)
2025-05-02 12:09:50,812 - DEBUG - Thread 10644 - https://webhap.hapvida.com.br:443 "GET /pls/webhap/webNewBoletoEmpresa.obrigacaoLista?pPessoa=183402886&pNoCache=1202092551&pIdSessao=Vnlm/ge3KGaVxCvWpMD2FmYhpnI8nHbD HTTP/11" 200 None
2025-05-02 12:09:50,825 - INFO - Thread 10644 - Worker 9: ❌ Fatura com vencimento em 20/04/2025 não encontrada.
2025-05-02 12:09:50,825 - DEBUG - Thread 10792 - https://webhap.hapvida.com.br:443 "POST /pls/webhap/webNewBoletoEmpresa.loginValidacao HTTP/11" 302 2
2025-05-02 12:09:50,844 - DEBUG - Thread 33800 - https://webhap.hapvida.com.br:443 "POST /pls/webhap/webNewBoletoEmpresa.loginValidacao HTTP/11" 302 2
2025-05-02 12:09:50,872 - DEBUG - Thread 22700 - https://webhap.hapvida.com.br:443 "GET /pls/webhap/webNewBoletoEmpresa.login HTTP/11" 200 None
2025-05-02 12:09:50,907 - DEBUG - Thread 5352 - https://webhap.hapvida.com.br:443 "GET /pls/webhap/webNewBoletoEmpresa.login HTTP/11" 200 None
2025-05-02 12:09:50,927 - INFO - Thread 10644 - Worker 9: Processando 064AD (M. C. DIAS LOCACAO DE MAQUINAS E EQUIP EIRELI)
2025-05-02 12:09:50,960 - DEBUG - Thread 29820 - https://webhap.hapvida.com.br:443 "POST /pls/webhap/webNewBoletoEmpresa.loginValidacao HTTP/11" 302 2
2025-05-02 12:09:51,047 - DEBUG - Thread 22700 - https://webhap.hapvida.com.br:443 "POST /pls/webhap/webNewBoletoEmpresa.loginValidacao HTTP/11" 302 2
2025-05-02 12:09:51,057 - DEBUG - Thread 10644 - https://webhap.hapvida.com.br:443 "GET /pls/webhap/webNewBoletoEmpresa.login HTTP/11" 200 None
2025-05-02 12:09:51,090 - DEBUG - Thread 5352 - https://webhap.hapvida.com.br:443 "POST /pls/webhap/webNewBoletoEmpresa.loginValidacao HTTP/11" 302 2
2025-05-02 12:09:51,107 - DEBUG - Thread 10580 - https://webhap.hapvida.com.br:443 "GET /pls/webhap/webNewBoletoEmpresa.obrigacaoLista?pPessoa=190007180&pNoCache=1202092551&pIdSessao=Vnlm/ge3KGaVxCvWpMD2FrJnifN0SwmJ HTTP/11" 200 None
2025-05-02 12:09:51,119 - INFO - Thread 10580 - Worker 0: ❌ Fatura com vencimento em 20/04/2025 não encontrada.
2025-05-02 12:09:51,161 - DEBUG - Thread 24096 - https://webhap.hapvida.com.br:443 "GET /pls/webhap/webNewBoletoEmpresa.login HTTP/11" 200 None
2025-05-02 12:09:51,216 - DEBUG - Thread 1952 - https://webhap.hapvida.com.br:443 "GET /pls/webhap/webNewBoletoEmpresa.obrigacaoLista?pPessoa=214052705&pNoCache=1202092551&pIdSessao=Vnlm/ge3KGaVxCvWpMD2FtnbIDTkdJ09 HTTP/11" 200 None
2025-05-02 12:09:51,229 - INFO - Thread 10580 - Worker 0: Processando 0FIXJ (M. C. TRANSPORTES E LOCACOES LTDA)
2025-05-02 12:09:51,332 - DEBUG - Thread 10644 - https://webhap.hapvida.com.br:443 "POST /pls/webhap/webNewBoletoEmpresa.loginValidacao HTTP/11" 302 2
2025-05-02 12:09:51,382 - DEBUG - Thread 10792 - https://webhap.hapvida.com.br:443 "GET /pls/webhap/webNewBoletoEmpresa.obrigacaoLista?pPessoa=143884596&pNoCache=1202092552&pIdSessao=Vnlm/ge3KGb0vuC436Nja6fq0jdk28ri HTTP/11" 200 None
2025-05-02 12:09:51,393 - INFO - Thread 10792 - Worker 2: ❌ Fatura com vencimento em 20/04/2025 não encontrada.
2025-05-02 12:09:51,425 - DEBUG - Thread 24096 - https://webhap.hapvida.com.br:443 "POST /pls/webhap/webNewBoletoEmpresa.loginValidacao HTTP/11" 302 2
2025-05-02 12:09:51,443 - DEBUG - Thread 10580 - https://webhap.hapvida.com.br:443 "GET /pls/webhap/webNewBoletoEmpresa.login HTTP/11" 200 None
2025-05-02 12:09:51,447 - DEBUG - Thread 1952 - https://webhap.hapvida.com.br:443 "POST /pls/webhap/webNewBoletoEmpresa.obrigacaoDados HTTP/11" 200 None
2025-05-02 12:09:51,473 - DEBUG - Thread 33800 - https://webhap.hapvida.com.br:443 "GET /pls/webhap/webNewBoletoEmpresa.obrigacaoLista?pPessoa=185099064&pNoCache=1202092552&pIdSessao=Vnlm/ge3KGb0vuC436Nja/PowmLmYUCe HTTP/11" 200 None
2025-05-02 12:09:51,486 - INFO - Thread 33800 - Worker 12: ❌ Fatura com vencimento em 20/04/2025 não encontrada.
2025-05-02 12:09:51,495 - INFO - Thread 10792 - Worker 2: Processando 078QT (M. NEVES GEST EM SAUDE E SEG DO TRAB LTDA)
2025-05-02 12:09:51,501 - DEBUG - Thread 22700 - https://webhap.hapvida.com.br:443 "GET /pls/webhap/webNewBoletoEmpresa.obrigacaoLista?pPessoa=254565860&pNoCache=1202092552&pIdSessao=Vnlm/ge3KGb0vuC436Nja0vpWxwsQ0lK HTTP/11" 200 None
2025-05-02 12:09:51,511 - INFO - Thread 22700 - Worker 3: ❌ Fatura com vencimento em 20/04/2025 não encontrada.
2025-05-02 12:09:51,568 - DEBUG - Thread 29820 - https://webhap.hapvida.com.br:443 "GET /pls/webhap/webNewBoletoEmpresa.obrigacaoLista?pPessoa=191578149&pNoCache=1202092552&pIdSessao=Vnlm/ge3KGb0vuC436Nja3LJPPPXRCE7kW HTTP/11" 200 None
2025-05-02 12:09:51,579 - INFO - Thread 29820 - Worker 8: ❌ Fatura com vencimento em 20/04/2025 não encontrada.
2025-05-02 12:09:51,589 - INFO - Thread 33800 - Worker 12: Processando 0FSJD (M.P ARAUJO C E SER LTDA)
2025-05-02 12:09:51,613 - INFO - Thread 22700 - Worker 3: Processando 08PMF (MALCIO KLEIS SILVA PEREIRA 68654839287)
2025-05-02 12:09:51,677 - DEBUG - Thread 1952 - https://webhap.hapvida.com.br:443 "POST /pls/webhap/webNewBoletoEmpresa.validaObrigacao HTTP/11" 302 None
2025-05-02 12:09:51,688 - INFO - Thread 29820 - Worker 8: Processando 08FM1 (MARCIENE BATISTA DINIZ ANDRADE)
2025-05-02 12:09:51,706 - DEBUG - Thread 5352 - https://webhap.hapvida.com.br:443 "GET /pls/webhap/webNewBoletoEmpresa.obrigacaoLista?pPessoa=143027979&pNoCache=1202092552&pIdSessao=Vnlm/ge3KGb0vuC436NjawjqL4f1DDMh HTTP/11" 200 None
2025-05-02 12:09:51,726 - INFO - Thread 5352 - Worker 10: ❌ Fatura com vencimento em 20/04/2025 não encontrada.
2025-05-02 12:09:51,743 - DEBUG - Thread 10580 - https://webhap.hapvida.com.br:443 "POST /pls/webhap/webNewBoletoEmpresa.loginValidacao HTTP/11" 302 2
2025-05-02 12:09:51,749 - DEBUG - Thread 33800 - https://webhap.hapvida.com.br:443 "GET /pls/webhap/webNewBoletoEmpresa.login HTTP/11" 200 None
2025-05-02 12:09:51,812 - DEBUG - Thread 22700 - https://webhap.hapvida.com.br:443 "GET /pls/webhap/webNewBoletoEmpresa.login HTTP/11" 200 None
2025-05-02 12:09:51,812 - INFO - Thread 32624 - Worker 13: ✅ GRUPO RUGIDO EIRELI.pdf gerado com sucesso
2025-05-02 12:09:51,813 - INFO - Thread 19824 - Worker 11: ✅ ELLINTON REIS MOCHEL 80457754320.pdf gerado com sucesso
2025-05-02 12:09:51,819 - INFO - Thread 32220 - Worker 14: ✅ HARPIA MANUTENCAO DE EQUIPAMENTOS EIRELI.pdf gerado com sucesso
2025-05-02 12:09:51,827 - INFO - Thread 5352 - Worker 10: Processando 070VD (MARIA DA GUIA SANTOS FERREIRA 70653160259)
2025-05-02 12:09:51,830 - DEBUG - Thread 10644 - https://webhap.hapvida.com.br:443 "GET /pls/webhap/webNewBoletoEmpresa.obrigacaoLista?pPessoa=176338078&pNoCache=1202092552&pIdSessao=Vnlm/ge3KGb0vuC436Njayv3F2WDhEwY HTTP/11" 200 None
2025-05-02 12:09:51,841 - INFO - Thread 10644 - Worker 9: ❌ Fatura com vencimento em 20/04/2025 não encontrada.
2025-05-02 12:09:51,857 - DEBUG - Thread 29820 - https://webhap.hapvida.com.br:443 "GET /pls/webhap/webNewBoletoEmpresa.login HTTP/11" 200 None
2025-05-02 12:09:51,872 - DEBUG - Thread 1952 - https://webhap.hapvida.com.br:443 "GET /pls/webhap/webNewBoletoEmpresa.boleto_cc?pIdSessao=Vnlm/ge3KGaVxCvWpMD2FtnbIDTkdJ09&pNoCache=1202092551&pPessoa=214052705&pObrigacao=3046641523 HTTP/11" 200 None
2025-05-02 12:09:51,909 - DEBUG - Thread 10792 - https://webhap.hapvida.com.br:443 "GET /pls/webhap/webNewBoletoEmpresa.login HTTP/11" 200 None
2025-05-02 12:09:51,913 - INFO - Thread 19824 - Worker 11: Processando 0CJUI (MARIA DE NAZARE ANDRADE GUIMARAES)
2025-05-02 12:09:51,915 - INFO - Thread 32624 - Worker 13: Processando 0G5W1 (MARIA LUISA SANTANA DE SOUZA)
2025-05-02 12:09:51,920 - INFO - Thread 32220 - Worker 14: Processando 05WDB (MASTER GUINDASTES LOCACOES DE EQUIPAMENTOS LT)
2025-05-02 12:09:51,926 - DEBUG - Thread 33800 - https://webhap.hapvida.com.br:443 "POST /pls/webhap/webNewBoletoEmpresa.loginValidacao HTTP/11" 302 2
2025-05-02 12:09:51,928 - DEBUG - Thread 5352 - https://webhap.hapvida.com.br:443 "GET /pls/webhap/webNewBoletoEmpresa.login HTTP/11" 200 None
2025-05-02 12:09:51,942 - INFO - Thread 10644 - Worker 9: Processando 0FE32 (MASTER TELES CORRETORA DE SEGUROS EIRELI)
2025-05-02 12:09:51,988 - DEBUG - Thread 22700 - https://webhap.hapvida.com.br:443 "POST /pls/webhap/webNewBoletoEmpresa.loginValidacao HTTP/11" 302 2
2025-05-02 12:09:51,997 - INFO - Thread 27032 - Worker 5: ✅ INDUSTRIA E COMERCIO DE MOVEIS CAETANO LTDA.pdf gerado com sucesso
2025-05-02 12:09:52,010 - DEBUG - Thread 29820 - https://webhap.hapvida.com.br:443 "POST /pls/webhap/webNewBoletoEmpresa.loginValidacao HTTP/11" 302 2
2025-05-02 12:09:52,025 - DEBUG - Thread 24096 - https://webhap.hapvida.com.br:443 "GET /pls/webhap/webNewBoletoEmpresa.obrigacaoLista?pPessoa=124842344&pNoCache=1202092552&pIdSessao=Vnlm/ge3KGb0vuC436Nja0wtPg3Lmovb HTTP/11" 200 None
2025-05-02 12:09:52,036 - INFO - Thread 24096 - Worker 1: ❌ Fatura com vencimento em 20/04/2025 não encontrada.
2025-05-02 12:09:52,037 - DEBUG - Thread 32220 - https://webhap.hapvida.com.br:443 "GET /pls/webhap/webNewBoletoEmpresa.login HTTP/11" 200 None
2025-05-02 12:09:52,040 - DEBUG - Thread 19824 - https://webhap.hapvida.com.br:443 "GET /pls/webhap/webNewBoletoEmpresa.login HTTP/11" 200 None
2025-05-02 12:09:52,045 - DEBUG - Thread 32624 - https://webhap.hapvida.com.br:443 "GET /pls/webhap/webNewBoletoEmpresa.login HTTP/11" 200 None
2025-05-02 12:09:52,048 - INFO - Thread 25612 - Worker 4: ✅ I M R NETO MIMA MEU PET LTDA.pdf gerado com sucesso
2025-05-02 12:09:52,049 - DEBUG - Thread 10644 - https://webhap.hapvida.com.br:443 "GET /pls/webhap/webNewBoletoEmpresa.login HTTP/11" 200 None
2025-05-02 12:09:52,080 - DEBUG - Thread 5352 - https://webhap.hapvida.com.br:443 "POST /pls/webhap/webNewBoletoEmpresa.loginValidacao HTTP/11" 302 2
2025-05-02 12:09:52,098 - INFO - Thread 27032 - Worker 5: Processando 05ZSI (MAX WENDER PINHEIRO PEREIRA 42862485268)
2025-05-02 12:09:52,138 - INFO - Thread 24096 - Worker 1: Processando 0F47H (MAYLAN DA SILVA SOUSA)
2025-05-02 12:09:52,149 - INFO - Thread 25612 - Worker 4: Processando 06DPU (MECBRUN-INDUSTRIA E COMERCIO LTDA)
2025-05-02 12:09:52,188 - DEBUG - Thread 10792 - https://webhap.hapvida.com.br:443 "POST /pls/webhap/webNewBoletoEmpresa.loginValidacao HTTP/11" 302 2
2025-05-02 12:09:52,203 - DEBUG - Thread 27032 - https://webhap.hapvida.com.br:443 "GET /pls/webhap/webNewBoletoEmpresa.login HTTP/11" 200 None
2025-05-02 12:09:52,204 - DEBUG - Thread 32220 - https://webhap.hapvida.com.br:443 "POST /pls/webhap/webNewBoletoEmpresa.loginValidacao HTTP/11" 302 2
2025-05-02 12:09:52,211 - DEBUG - Thread 10644 - https://webhap.hapvida.com.br:443 "POST /pls/webhap/webNewBoletoEmpresa.loginValidacao HTTP/11" 302 2
2025-05-02 12:09:52,213 - DEBUG - Thread 32624 - https://webhap.hapvida.com.br:443 "POST /pls/webhap/webNewBoletoEmpresa.loginValidacao HTTP/11" 302 2
2025-05-02 12:09:52,223 - DEBUG - Thread 19824 - https://webhap.hapvida.com.br:443 "POST /pls/webhap/webNewBoletoEmpresa.loginValidacao HTTP/11" 302 2
2025-05-02 12:09:52,256 - DEBUG - Thread 25612 - https://webhap.hapvida.com.br:443 "GET /pls/webhap/webNewBoletoEmpresa.login HTTP/11" 200 None
2025-05-02 12:09:52,290 - DEBUG - Thread 10580 - https://webhap.hapvida.com.br:443 "GET /pls/webhap/webNewBoletoEmpresa.obrigacaoLista?pPessoa=225296392&pNoCache=1202092552&pIdSessao=Vnlm/ge3KGb0vuC436Nja43ZHe/dSURL HTTP/11" 200 None
2025-05-02 12:09:52,369 - DEBUG - Thread 27032 - https://webhap.hapvida.com.br:443 "POST /pls/webhap/webNewBoletoEmpresa.loginValidacao HTTP/11" 302 2
2025-05-02 12:09:52,379 - DEBUG - Thread 33800 - https://webhap.hapvida.com.br:443 "GET /pls/webhap/webNewBoletoEmpresa.obrigacaoLista?pPessoa=229084756&pNoCache=1202092553&pIdSessao=Vnlm/ge3KGYPPPocgz6V4fBI171T5CY0gR HTTP/11" 200 None
2025-05-02 12:09:52,388 - INFO - Thread 33800 - Worker 12: ❌ Fatura com vencimento em 20/04/2025 não encontrada.
2025-05-02 12:09:52,401 - DEBUG - Thread 10580 - https://webhap.hapvida.com.br:443 "POST /pls/webhap/webNewBoletoEmpresa.obrigacaoDados HTTP/11" 200 None
2025-05-02 12:09:52,409 - DEBUG - Thread 25612 - https://webhap.hapvida.com.br:443 "POST /pls/webhap/webNewBoletoEmpresa.loginValidacao HTTP/11" 302 2
2025-05-02 12:09:52,471 - DEBUG - Thread 29820 - https://webhap.hapvida.com.br:443 "GET /pls/webhap/webNewBoletoEmpresa.obrigacaoLista?pPessoa=191584696&pNoCache=1202092553&pIdSessao=Vnlm/ge3KGYPPPocgz6V4fBOQxStWMcawY HTTP/11" 200 None
2025-05-02 12:09:52,482 - INFO - Thread 29820 - Worker 8: ❌ Fatura com vencimento em 20/04/2025 não encontrada.
2025-05-02 12:09:52,488 - INFO - Thread 33800 - Worker 12: Processando 06XVC (MED CENTER SERVICOS LABORATORIAIS LTDA)
2025-05-02 12:09:52,498 - DEBUG - Thread 10580 - https://webhap.hapvida.com.br:443 "POST /pls/webhap/webNewBoletoEmpresa.validaObrigacao HTTP/11" 302 None
2025-05-02 12:09:52,568 - DEBUG - Thread 22700 - https://webhap.hapvida.com.br:443 "GET /pls/webhap/webNewBoletoEmpresa.obrigacaoLista?pPessoa=198689310&pNoCache=1202092553&pIdSessao=Vnlm/ge3KGYPPPocgz6V4fBBbxD/whUThY HTTP/11" 200 None
2025-05-02 12:09:52,579 - INFO - Thread 22700 - Worker 3: ❌ Fatura com vencimento em 20/04/2025 não encontrada.
2025-05-02 12:09:52,582 - INFO - Thread 29820 - Worker 8: Processando 0DY6N (MEGASTEAM INSTRUMENTACAO E MECANICA LTDA)
2025-05-02 12:09:52,593 - DEBUG - Thread 33800 - https://webhap.hapvida.com.br:443 "GET /pls/webhap/webNewBoletoEmpresa.login HTTP/11" 200 None
2025-05-02 12:09:52,625 - DEBUG - Thread 10580 - https://webhap.hapvida.com.br:443 "GET /pls/webhap/webNewBoletoEmpresa.boleto_cc?pIdSessao=Vnlm/ge3KGb0vuC436Nja43ZHe/dSURL&pNoCache=1202092552&pPessoa=225296392&pObrigacao=3046740190 HTTP/11" 200 None
2025-05-02 12:09:52,635 - DEBUG - Thread 5352 - https://webhap.hapvida.com.br:443 "GET /pls/webhap/webNewBoletoEmpresa.obrigacaoLista?pPessoa=185849683&pNoCache=1202092553&pIdSessao=Vnlm/ge3KGYPPPocgz6V4fBE8tVt2xTPPPah HTTP/11" 200 None
2025-05-02 12:09:52,647 - INFO - Thread 5352 - Worker 10: ❌ Fatura com vencimento em 20/04/2025 não encontrada.
2025-05-02 12:09:52,664 - DEBUG - Thread 32624 - https://webhap.hapvida.com.br:443 "GET /pls/webhap/webNewBoletoEmpresa.obrigacaoLista?pPessoa=185958393&pNoCache=1202092553&pIdSessao=Vnlm/ge3KGYPPPocgz6V4fBLouegL0D4iU HTTP/11" 200 None
2025-05-02 12:09:52,673 - INFO - Thread 32624 - Worker 13: ❌ Fatura com vencimento em 20/04/2025 não encontrada.
2025-05-02 12:09:52,673 - DEBUG - Thread 24096 - https://webhap.hapvida.com.br:443 "GET /pls/webhap/webNewBoletoEmpresa.login HTTP/11" 200 None
2025-05-02 12:09:52,680 - INFO - Thread 22700 - Worker 3: Processando 08AVF (MGR IMPORTADORA E EXPORTADORA LTDA)
2025-05-02 12:09:52,685 - DEBUG - Thread 29820 - https://webhap.hapvida.com.br:443 "GET /pls/webhap/webNewBoletoEmpresa.login HTTP/11" 200 None
2025-05-02 12:09:52,741 - DEBUG - Thread 32220 - https://webhap.hapvida.com.br:443 "GET /pls/webhap/webNewBoletoEmpresa.obrigacaoLista?pPessoa=144515330&pNoCache=1202092553&pIdSessao=Vnlm/ge3KGYPPPocgz6V4fBEthfA5hH1oe HTTP/11" 200 None
2025-05-02 12:09:52,751 - INFO - Thread 32220 - Worker 14: ❌ Fatura com vencimento em 20/04/2025 não encontrada.
2025-05-02 12:09:52,752 - INFO - Thread 5352 - Worker 10: Processando 0I2MF (MICHELLE COM DE MAT DE CONST LTDA)
2025-05-02 12:09:52,752 - DEBUG - Thread 33800 - https://webhap.hapvida.com.br:443 "POST /pls/webhap/webNewBoletoEmpresa.loginValidacao HTTP/11" 302 2
2025-05-02 12:09:52,753 - DEBUG - Thread 19824 - https://webhap.hapvida.com.br:443 "GET /pls/webhap/webNewBoletoEmpresa.obrigacaoLista?pPessoa=206367018&pNoCache=1202092553&pIdSessao=Vnlm/ge3KGYPPPocgz6V4fBPSk8txpuDS/ HTTP/11" 200 None
2025-05-02 12:09:52,774 - INFO - Thread 32624 - Worker 13: Processando 0G3QQ (MILITAR & CIA CACA E PESCA LTDA)
2025-05-02 12:09:52,778 - DEBUG - Thread 10792 - https://webhap.hapvida.com.br:443 "GET /pls/webhap/webNewBoletoEmpresa.obrigacaoLista?pPessoa=186969950&pNoCache=1202092553&pIdSessao=Vnlm/ge3KGYPPPocgz6V4fBO8FRHSoy9xA HTTP/11" 200 None
2025-05-02 12:09:52,786 - INFO - Thread 10792 - Worker 2: ❌ Fatura com vencimento em 20/04/2025 não encontrada.
2025-05-02 12:09:52,787 - DEBUG - Thread 22700 - https://webhap.hapvida.com.br:443 "GET /pls/webhap/webNewBoletoEmpresa.login HTTP/11" 200 None
2025-05-02 12:09:52,840 - DEBUG - Thread 29820 - https://webhap.hapvida.com.br:443 "POST /pls/webhap/webNewBoletoEmpresa.loginValidacao HTTP/11" 302 2
2025-05-02 12:09:52,841 - DEBUG - Thread 24096 - https://webhap.hapvida.com.br:443 "POST /pls/webhap/webNewBoletoEmpresa.loginValidacao HTTP/11" 302 2
2025-05-02 12:09:52,853 - INFO - Thread 32220 - Worker 14: Processando 06TRH (MIRANDA E FARIAS CONSTRUCOES EIRELI)
2025-05-02 12:09:52,866 - DEBUG - Thread 10644 - https://webhap.hapvida.com.br:443 "GET /pls/webhap/webNewBoletoEmpresa.obrigacaoLista?pPessoa=112149274&pNoCache=1202092553&pIdSessao=Vnlm/ge3KGYPPPocgz6V4fBKyPPPm1kAoiNi HTTP/11" 200 None
2025-05-02 12:09:52,876 - INFO - Thread 10644 - Worker 9: ❌ Fatura com vencimento em 20/04/2025 não encontrada.
2025-05-02 12:09:52,877 - DEBUG - Thread 27032 - https://webhap.hapvida.com.br:443 "GET /pls/webhap/webNewBoletoEmpresa.obrigacaoLista?pPessoa=173122805&pNoCache=1202092553&pIdSessao=Vnlm/ge3KGYPPPocgz6V4fBNEAKMS7YDu2 HTTP/11" 200 None
2025-05-02 12:09:52,877 - DEBUG - Thread 5352 - https://webhap.hapvida.com.br:443 "GET /pls/webhap/webNewBoletoEmpresa.login HTTP/11" 200 None
2025-05-02 12:09:52,886 - INFO - Thread 27032 - Worker 5: ❌ Fatura com vencimento em 20/04/2025 não encontrada.
2025-05-02 12:09:52,886 - DEBUG - Thread 19824 - https://webhap.hapvida.com.br:443 "POST /pls/webhap/webNewBoletoEmpresa.obrigacaoDados HTTP/11" 200 None
2025-05-02 12:09:52,887 - DEBUG - Thread 32624 - https://webhap.hapvida.com.br:443 "GET /pls/webhap/webNewBoletoEmpresa.login HTTP/11" 200 None
2025-05-02 12:09:52,888 - INFO - Thread 10792 - Worker 2: Processando 0FS2I (MIRIAN DE JESUS DOS SANTOS)
2025-05-02 12:09:52,890 - DEBUG - Thread 25612 - https://webhap.hapvida.com.br:443 "GET /pls/webhap/webNewBoletoEmpresa.obrigacaoLista?pPessoa=143696854&pNoCache=1202092553&pIdSessao=Vnlm/ge3KGYPPPocgz6V4fBMcAr98di5Ql HTTP/11" 200 None
2025-05-02 12:09:52,902 - INFO - Thread 25612 - Worker 4: ❌ Fatura com vencimento em 20/04/2025 não encontrada.
2025-05-02 12:09:52,933 - DEBUG - Thread 22700 - https://webhap.hapvida.com.br:443 "POST /pls/webhap/webNewBoletoEmpresa.loginValidacao HTTP/11" 302 2
2025-05-02 12:09:52,977 - INFO - Thread 10644 - Worker 9: Processando 0I7S1 (MOBILIZA MULTISSERVICOS LTDA)
2025-05-02 12:09:52,987 - INFO - Thread 27032 - Worker 5: Processando 0F2YD (MONTE GRANITO MINERACAO E COMERCIO LTDA)
2025-05-02 12:09:53,003 - INFO - Thread 25612 - Worker 4: Processando 058GH (N. S. BORGES CONSTRUCOES EIRELI)
2025-05-02 12:09:53,004 - DEBUG - Thread 10792 - https://webhap.hapvida.com.br:443 "GET /pls/webhap/webNewBoletoEmpresa.login HTTP/11" 200 None
2025-05-02 12:09:53,053 - DEBUG - Thread 32624 - https://webhap.hapvida.com.br:443 "POST /pls/webhap/webNewBoletoEmpresa.loginValidacao HTTP/11" 302 2
2025-05-02 12:09:53,064 - DEBUG - Thread 5352 - https://webhap.hapvida.com.br:443 "POST /pls/webhap/webNewBoletoEmpresa.loginValidacao HTTP/11" 302 2
2025-05-02 12:09:53,084 - DEBUG - Thread 10644 - https://webhap.hapvida.com.br:443 "GET /pls/webhap/webNewBoletoEmpresa.login HTTP/11" 200 None
2025-05-02 12:09:53,088 - DEBUG - Thread 27032 - https://webhap.hapvida.com.br:443 "GET /pls/webhap/webNewBoletoEmpresa.login HTTP/11" 200 None
2025-05-02 12:09:53,102 - DEBUG - Thread 25612 - https://webhap.hapvida.com.br:443 "GET /pls/webhap/webNewBoletoEmpresa.login HTTP/11" 200 None
2025-05-02 12:09:53,110 - DEBUG - Thread 19824 - https://webhap.hapvida.com.br:443 "POST /pls/webhap/webNewBoletoEmpresa.validaObrigacao HTTP/11" 302 None
2025-05-02 12:09:53,154 - DEBUG - Thread 10792 - https://webhap.hapvida.com.br:443 "POST /pls/webhap/webNewBoletoEmpresa.loginValidacao HTTP/11" 302 2
2025-05-02 12:09:53,211 - DEBUG - Thread 33800 - https://webhap.hapvida.com.br:443 "GET /pls/webhap/webNewBoletoEmpresa.obrigacaoLista?pPessoa=122058093&pNoCache=1202092553&pIdSessao=Vnlm/ge3KGYPPPocgz6V4fBKmkkt2slZny HTTP/11" 200 None
2025-05-02 12:09:53,220 - INFO - Thread 33800 - Worker 12: ❌ Fatura com vencimento em 20/04/2025 não encontrada.
2025-05-02 12:09:53,233 - DEBUG - Thread 19824 - https://webhap.hapvida.com.br:443 "GET /pls/webhap/webNewBoletoEmpresa.boleto_cc?pIdSessao=Vnlm/ge3KGYPPPocgz6V4fBPSk8txpuDS/&pNoCache=1202092553&pPessoa=206367018&pObrigacao=3046733665 HTTP/11" 200 None
2025-05-02 12:09:53,250 - DEBUG - Thread 27032 - https://webhap.hapvida.com.br:443 "POST /pls/webhap/webNewBoletoEmpresa.loginValidacao HTTP/11" 302 2
2025-05-02 12:09:53,256 - DEBUG - Thread 10644 - https://webhap.hapvida.com.br:443 "POST /pls/webhap/webNewBoletoEmpresa.loginValidacao HTTP/11" 302 2
2025-05-02 12:09:53,256 - DEBUG - Thread 25612 - https://webhap.hapvida.com.br:443 "POST /pls/webhap/webNewBoletoEmpresa.loginValidacao HTTP/11" 302 2
2025-05-02 12:09:53,272 - DEBUG - Thread 32220 - https://webhap.hapvida.com.br:443 "GET /pls/webhap/webNewBoletoEmpresa.login HTTP/11" 200 None
2025-05-02 12:09:53,321 - INFO - Thread 33800 - Worker 12: Processando 0J11P (NILCILENE JESUS DE OLIVEIRA)
2025-05-02 12:09:53,380 - DEBUG - Thread 24096 - https://webhap.hapvida.com.br:443 "GET /pls/webhap/webNewBoletoEmpresa.obrigacaoLista?pPessoa=224938927&pNoCache=1202092554&pIdSessao=Vnlm/ge3KGbpKj5yqS3ID/xVHjIEVi8Q HTTP/11" 200 None
2025-05-02 12:09:53,399 - INFO - Thread 24096 - Worker 1: ❌ Fatura com vencimento em 20/04/2025 não encontrada.
2025-05-02 12:09:53,413 - DEBUG - Thread 22700 - https://webhap.hapvida.com.br:443 "GET /pls/webhap/webNewBoletoEmpresa.obrigacaoLista?pPessoa=191125101&pNoCache=1202092554&pIdSessao=Vnlm/ge3KGbpKj5yqS3ID1rZhuhyWvLS HTTP/11" 200 None
2025-05-02 12:09:53,427 - INFO - Thread 22700 - Worker 3: ❌ Fatura com vencimento em 20/04/2025 não encontrada.
2025-05-02 12:09:53,428 - DEBUG - Thread 33800 - https://webhap.hapvida.com.br:443 "GET /pls/webhap/webNewBoletoEmpresa.login HTTP/11" 200 None
2025-05-02 12:09:53,451 - DEBUG - Thread 29820 - https://webhap.hapvida.com.br:443 "GET /pls/webhap/webNewBoletoEmpresa.obrigacaoLista?pPessoa=256300502&pNoCache=1202092554&pIdSessao=Vnlm/ge3KGbpKj5yqS3IDzzZd5gZUmcp HTTP/11" 200 None
2025-05-02 12:09:53,460 - INFO - Thread 29820 - Worker 8: ❌ Fatura com vencimento em 20/04/2025 não encontrada.
2025-05-02 12:09:53,487 - DEBUG - Thread 32624 - https://webhap.hapvida.com.br:443 "GET /pls/webhap/webNewBoletoEmpresa.obrigacaoLista?pPessoa=245862237&pNoCache=1202092554&pIdSessao=Vnlm/ge3KGbpKj5yqS3ID3d8azj3odLI HTTP/11" 200 None
2025-05-02 12:09:53,499 - INFO - Thread 32624 - Worker 13: ❌ Fatura com vencimento em 20/04/2025 não encontrada.
2025-05-02 12:09:53,500 - INFO - Thread 24096 - Worker 1: Processando 0FEDN (NOGUEIRA CONS E MEIO AMBIENTE LTDA)
2025-05-02 12:09:53,528 - INFO - Thread 22700 - Worker 3: Processando 0F9AX (NORMATEL ENGENHARIA LTDA)
2025-05-02 12:09:53,537 - DEBUG - Thread 32220 - https://webhap.hapvida.com.br:443 "POST /pls/webhap/webNewBoletoEmpresa.loginValidacao HTTP/11" 302 2
2025-05-02 12:09:53,561 - INFO - Thread 29820 - Worker 8: Processando 0JFN7 (NORTE AMBIENTAL GESTAO E S LTDA)
2025-05-02 12:09:53,587 - DEBUG - Thread 33800 - https://webhap.hapvida.com.br:443 "POST /pls/webhap/webNewBoletoEmpresa.loginValidacao HTTP/11" 302 2
2025-05-02 12:09:53,603 - INFO - Thread 32624 - Worker 13: Processando 04MVC (NUNES SERVICOS E COMERCIO EIRELI)
2025-05-02 12:09:53,605 - DEBUG - Thread 24096 - https://webhap.hapvida.com.br:443 "GET /pls/webhap/webNewBoletoEmpresa.login HTTP/11" 200 None
2025-05-02 12:09:53,632 - DEBUG - Thread 22700 - https://webhap.hapvida.com.br:443 "GET /pls/webhap/webNewBoletoEmpresa.login HTTP/11" 200 None
2025-05-02 12:09:53,636 - DEBUG - Thread 5352 - https://webhap.hapvida.com.br:443 "GET /pls/webhap/webNewBoletoEmpresa.obrigacaoLista?pPessoa=258918210&pNoCache=1202092554&pIdSessao=Vnlm/ge3KGbpKj5yqS3ID777ENm/ldPm HTTP/11" 200 None
2025-05-02 12:09:53,657 - INFO - Thread 5352 - Worker 10: ❌ Fatura com vencimento em 20/04/2025 não encontrada.
2025-05-02 12:09:53,658 - DEBUG - Thread 10792 - https://webhap.hapvida.com.br:443 "GET /pls/webhap/webNewBoletoEmpresa.obrigacaoLista?pPessoa=228982491&pNoCache=1202092554&pIdSessao=Vnlm/ge3KGbpKj5yqS3ID8NZJNdjqMIr HTTP/11" 200 None
2025-05-02 12:09:53,672 - INFO - Thread 10792 - Worker 2: ❌ Fatura com vencimento em 20/04/2025 não encontrada.
2025-05-02 12:09:53,672 - DEBUG - Thread 29820 - https://webhap.hapvida.com.br:443 "GET /pls/webhap/webNewBoletoEmpresa.login HTTP/11" 200 None
2025-05-02 12:09:53,685 - DEBUG - Thread 10644 - https://webhap.hapvida.com.br:443 "GET /pls/webhap/webNewBoletoEmpresa.obrigacaoLista?pPessoa=118060186&pNoCache=1202092554&pIdSessao=Vnlm/ge3KGbpKj5yqS3ID4SpHN5IYZ1u HTTP/11" 200 None
2025-05-02 12:09:53,696 - INFO - Thread 10644 - Worker 9: ❌ Fatura com vencimento em 20/04/2025 não encontrada.
2025-05-02 12:09:53,714 - DEBUG - Thread 32624 - https://webhap.hapvida.com.br:443 "GET /pls/webhap/webNewBoletoEmpresa.login HTTP/11" 200 None
2025-05-02 12:09:53,731 - DEBUG - Thread 27032 - https://webhap.hapvida.com.br:443 "GET /pls/webhap/webNewBoletoEmpresa.obrigacaoLista?pPessoa=122004848&pNoCache=1202092554&pIdSessao=Vnlm/ge3KGbpKj5yqS3ID4KFPgNcojeX HTTP/11" 200 None
2025-05-02 12:09:53,740 - INFO - Thread 27032 - Worker 5: ❌ Fatura com vencimento em 20/04/2025 não encontrada.
2025-05-02 12:09:53,759 - INFO - Thread 5352 - Worker 10: Processando 0ICZU (PABLO LUCAS GONCALVES SILVA)
2025-05-02 12:09:53,773 - INFO - Thread 10792 - Worker 2: Processando 08FJ4 (PEDRO SOARES DE SOUZA 44857519291)
2025-05-02 12:09:53,774 - DEBUG - Thread 24096 - https://webhap.hapvida.com.br:443 "POST /pls/webhap/webNewBoletoEmpresa.loginValidacao HTTP/11" 302 2
2025-05-02 12:09:53,797 - INFO - Thread 10644 - Worker 9: Processando 0CJPA (PERUZZO COM LOCO E TRANSP DE PASSAG LTDA)
2025-05-02 12:09:53,810 - DEBUG - Thread 22700 - https://webhap.hapvida.com.br:443 "POST /pls/webhap/webNewBoletoEmpresa.loginValidacao HTTP/11" 302 2
2025-05-02 12:09:53,821 - DEBUG - Thread 25612 - https://webhap.hapvida.com.br:443 "GET /pls/webhap/webNewBoletoEmpresa.obrigacaoLista?pPessoa=139079862&pNoCache=1202092554&pIdSessao=Vnlm/ge3KGbpKj5yqS3ID0mCPPPjOW2sqW HTTP/11" 200 None
2025-05-02 12:09:53,841 - INFO - Thread 27032 - Worker 5: Processando 0DWXF (PREMIER COMERCIO E SERVICOS LTDA)
2025-05-02 12:09:53,846 - DEBUG - Thread 29820 - https://webhap.hapvida.com.br:443 "POST /pls/webhap/webNewBoletoEmpresa.loginValidacao HTTP/11" 302 2
2025-05-02 12:09:53,866 - DEBUG - Thread 5352 - https://webhap.hapvida.com.br:443 "GET /pls/webhap/webNewBoletoEmpresa.login HTTP/11" 200 None
2025-05-02 12:09:53,883 - DEBUG - Thread 10792 - https://webhap.hapvida.com.br:443 "GET /pls/webhap/webNewBoletoEmpresa.login HTTP/11" 200 None
2025-05-02 12:09:53,904 - DEBUG - Thread 10644 - https://webhap.hapvida.com.br:443 "GET /pls/webhap/webNewBoletoEmpresa.login HTTP/11" 200 None
2025-05-02 12:09:53,940 - DEBUG - Thread 27032 - https://webhap.hapvida.com.br:443 "GET /pls/webhap/webNewBoletoEmpresa.login HTTP/11" 200 None
2025-05-02 12:09:53,943 - DEBUG - Thread 25612 - https://webhap.hapvida.com.br:443 "POST /pls/webhap/webNewBoletoEmpresa.obrigacaoDados HTTP/11" 200 None
2025-05-02 12:09:53,978 - DEBUG - Thread 32220 - https://webhap.hapvida.com.br:443 "GET /pls/webhap/webNewBoletoEmpresa.obrigacaoLista?pPessoa=184621646&pNoCache=1202092554&pIdSessao=Vnlm/ge3KGbpKj5yqS3ID9w8opanx/RE HTTP/11" 200 None
2025-05-02 12:09:54,008 - INFO - Thread 32220 - Worker 14: ❌ Fatura com vencimento em 20/04/2025 não encontrada.
2025-05-02 12:09:54,020 - DEBUG - Thread 33800 - https://webhap.hapvida.com.br:443 "GET /pls/webhap/webNewBoletoEmpresa.obrigacaoLista?pPessoa=266489098&pNoCache=1202092554&pIdSessao=Vnlm/ge3KGbpKj5yqS3ID7l8rbxX1gOM HTTP/11" 200 None
2025-05-02 12:09:54,046 - DEBUG - Thread 25612 - https://webhap.hapvida.com.br:443 "POST /pls/webhap/webNewBoletoEmpresa.validaObrigacao HTTP/11" 302 None
2025-05-02 12:09:54,049 - INFO - Thread 33800 - Worker 12: ❌ Fatura com vencimento em 20/04/2025 não encontrada.
2025-05-02 12:09:54,050 - DEBUG - Thread 32624 - https://webhap.hapvida.com.br:443 "POST /pls/webhap/webNewBoletoEmpresa.loginValidacao HTTP/11" 302 2
2025-05-02 12:09:54,051 - DEBUG - Thread 5352 - https://webhap.hapvida.com.br:443 "POST /pls/webhap/webNewBoletoEmpresa.loginValidacao HTTP/11" 302 2
2025-05-02 12:09:54,056 - DEBUG - Thread 10792 - https://webhap.hapvida.com.br:443 "POST /pls/webhap/webNewBoletoEmpresa.loginValidacao HTTP/11" 302 2
2025-05-02 12:09:54,062 - DEBUG - Thread 10644 - https://webhap.hapvida.com.br:443 "POST /pls/webhap/webNewBoletoEmpresa.loginValidacao HTTP/11" 302 2
2025-05-02 12:09:54,089 - DEBUG - Thread 27032 - https://webhap.hapvida.com.br:443 "POST /pls/webhap/webNewBoletoEmpresa.loginValidacao HTTP/11" 302 2
2025-05-02 12:09:54,110 - INFO - Thread 32220 - Worker 14: Processando 05JHX (QUALITY INDUSTRIA DE MOVEIS EIRELI)
2025-05-02 12:09:54,157 - INFO - Thread 33800 - Worker 12: Processando 0F8WX (R DE JESUS RAMOS PEREIRA LIMITADA)
2025-05-02 12:09:54,198 - DEBUG - Thread 25612 - https://webhap.hapvida.com.br:443 "GET /pls/webhap/webNewBoletoEmpresa.boleto_cc?pIdSessao=Vnlm/ge3KGbpKj5yqS3ID0mCPPPjOW2sqW&pNoCache=1202092554&pPessoa=139079862&pObrigacao=3046691954 HTTP/11" 200 None
2025-05-02 12:09:54,230 - DEBUG - Thread 32220 - https://webhap.hapvida.com.br:443 "GET /pls/webhap/webNewBoletoEmpresa.login HTTP/11" 200 None
2025-05-02 12:09:54,284 - DEBUG - Thread 29820 - https://webhap.hapvida.com.br:443 "GET /pls/webhap/webNewBoletoEmpresa.obrigacaoLista?pPessoa=268962475&pNoCache=1202092555&pIdSessao=Vnlm/ge3KGaPfthPPP25XxyxWEnYF1bfLe HTTP/11" 200 None
2025-05-02 12:09:54,316 - DEBUG - Thread 24096 - https://webhap.hapvida.com.br:443 "GET /pls/webhap/webNewBoletoEmpresa.obrigacaoLista?pPessoa=226524615&pNoCache=1202092555&pIdSessao=Vnlm/ge3KGbpKj5yqS3ID9ocK6fgF424 HTTP/11" 200 None
2025-05-02 12:09:54,324 - INFO - Thread 24096 - Worker 1: ❌ Fatura com vencimento em 20/04/2025 não encontrada.
2025-05-02 12:09:54,349 - DEBUG - Thread 22700 - https://webhap.hapvida.com.br:443 "GET /pls/webhap/webNewBoletoEmpresa.obrigacaoLista?pPessoa=2283689&pNoCache=1202092555&pIdSessao=Vnlm/ge3KGbpKj5yqS3IDxGB9oLEThiO HTTP/11" 200 None
2025-05-02 12:09:54,357 - INFO - Thread 22700 - Worker 3: ❌ Fatura com vencimento em 20/04/2025 não encontrada.
2025-05-02 12:09:54,398 - DEBUG - Thread 29820 - https://webhap.hapvida.com.br:443 "POST /pls/webhap/webNewBoletoEmpresa.obrigacaoDados HTTP/11" 200 None
2025-05-02 12:09:54,408 - DEBUG - Thread 32220 - https://webhap.hapvida.com.br:443 "POST /pls/webhap/webNewBoletoEmpresa.loginValidacao HTTP/11" 302 2
2025-05-02 12:09:54,425 - INFO - Thread 24096 - Worker 1: Processando 05HVG (R DE S MEDEIROS COMERCIO DE EPI)
2025-05-02 12:09:54,458 - INFO - Thread 22700 - Worker 3: Processando 05H1Y (R M VELOSO MANUTENCAO EM EQUIPAMENTOS PESADOS)
2025-05-02 12:09:54,493 - DEBUG - Thread 29820 - https://webhap.hapvida.com.br:443 "POST /pls/webhap/webNewBoletoEmpresa.validaObrigacao HTTP/11" 302 None
2025-05-02 12:09:54,505 - DEBUG - Thread 10792 - https://webhap.hapvida.com.br:443 "GET /pls/webhap/webNewBoletoEmpresa.obrigacaoLista?pPessoa=191572736&pNoCache=1202092555&pIdSessao=Vnlm/ge3KGaPfthPPP25Xxy5o5eoPPPawESPPP HTTP/11" 200 None
2025-05-02 12:09:54,516 - INFO - Thread 10792 - Worker 2: ❌ Fatura com vencimento em 20/04/2025 não encontrada.
2025-05-02 12:09:54,525 - DEBUG - Thread 24096 - https://webhap.hapvida.com.br:443 "GET /pls/webhap/webNewBoletoEmpresa.login HTTP/11" 200 None
2025-05-02 12:09:54,558 - DEBUG - Thread 22700 - https://webhap.hapvida.com.br:443 "GET /pls/webhap/webNewBoletoEmpresa.login HTTP/11" 200 None
2025-05-02 12:09:54,565 - DEBUG - Thread 33800 - https://webhap.hapvida.com.br:443 "GET /pls/webhap/webNewBoletoEmpresa.login HTTP/11" 200 None
2025-05-02 12:09:54,591 - DEBUG - Thread 10644 - https://webhap.hapvida.com.br:443 "GET /pls/webhap/webNewBoletoEmpresa.obrigacaoLista?pPessoa=206351863&pNoCache=1202092555&pIdSessao=Vnlm/ge3KGaPfthPPP25Xxyw3uiyuy0xxi HTTP/11" 200 None
2025-05-02 12:09:54,602 - INFO - Thread 10644 - Worker 9: ❌ Fatura com vencimento em 20/04/2025 não encontrada.
2025-05-02 12:09:54,603 - DEBUG - Thread 5352 - https://webhap.hapvida.com.br:443 "GET /pls/webhap/webNewBoletoEmpresa.obrigacaoLista?pPessoa=263692771&pNoCache=1202092555&pIdSessao=Vnlm/ge3KGaPfthPPP25XxywnjE/eA2HoC HTTP/11" 200 None
2025-05-02 12:09:54,604 - DEBUG - Thread 27032 - https://webhap.hapvida.com.br:443 "GET /pls/webhap/webNewBoletoEmpresa.obrigacaoLista?pPessoa=215911728&pNoCache=1202092555&pIdSessao=Vnlm/ge3KGaPfthPPP25Xxy3JiGXRCLTiz HTTP/11" 200 None
2025-05-02 12:09:54,614 - INFO - Thread 5352 - Worker 10: ❌ Fatura com vencimento em 20/04/2025 não encontrada.
2025-05-02 12:09:54,623 - INFO - Thread 27032 - Worker 5: ❌ Fatura com vencimento em 20/04/2025 não encontrada.
2025-05-02 12:09:54,623 - DEBUG - Thread 29820 - https://webhap.hapvida.com.br:443 "GET /pls/webhap/webNewBoletoEmpresa.boleto_cc?pIdSessao=Vnlm/ge3KGaPfthPPP25XxyxWEnYF1bfLe&pNoCache=1202092555&pPessoa=268962475&pObrigacao=3046775864 HTTP/11" 200 None
2025-05-02 12:09:54,624 - INFO - Thread 10792 - Worker 2: Processando 0H6M5 (R T LOCACOES DE AUTOMOVEIS LTDA)
2025-05-02 12:09:54,691 - DEBUG - Thread 24096 - https://webhap.hapvida.com.br:443 "POST /pls/webhap/webNewBoletoEmpresa.loginValidacao HTTP/11" 302 2
2025-05-02 12:09:54,711 - DEBUG - Thread 22700 - https://webhap.hapvida.com.br:443 "POST /pls/webhap/webNewBoletoEmpresa.loginValidacao HTTP/11" 302 2
2025-05-02 12:09:54,715 - INFO - Thread 10644 - Worker 9: Processando 05LWF (R. & C. CONSTRUTORA E COMERCIO DE MATERAIS)
2025-05-02 12:09:54,715 - INFO - Thread 5352 - Worker 10: Processando 0FRUN (RAFAEL DOS SANTOS FREIRE)
2025-05-02 12:09:54,724 - INFO - Thread 27032 - Worker 5: Processando 08G7F (RAIMUNDO ELOILDO RIBEIRO ROLAND 74793748287)
2025-05-02 12:09:54,728 - DEBUG - Thread 10792 - https://webhap.hapvida.com.br:443 "GET /pls/webhap/webNewBoletoEmpresa.login HTTP/11" 200 None
2025-05-02 12:09:54,826 - DEBUG - Thread 10644 - https://webhap.hapvida.com.br:443 "GET /pls/webhap/webNewBoletoEmpresa.login HTTP/11" 200 None
2025-05-02 12:09:54,840 - DEBUG - Thread 5352 - https://webhap.hapvida.com.br:443 "GET /pls/webhap/webNewBoletoEmpresa.login HTTP/11" 200 None
2025-05-02 12:09:54,843 - DEBUG - Thread 27032 - https://webhap.hapvida.com.br:443 "GET /pls/webhap/webNewBoletoEmpresa.login HTTP/11" 200 None
2025-05-02 12:09:54,857 - DEBUG - Thread 33800 - https://webhap.hapvida.com.br:443 "POST /pls/webhap/webNewBoletoEmpresa.loginValidacao HTTP/11" 302 2
2025-05-02 12:09:54,903 - DEBUG - Thread 32220 - https://webhap.hapvida.com.br:443 "GET /pls/webhap/webNewBoletoEmpresa.obrigacaoLista?pPessoa=142065125&pNoCache=1202092555&pIdSessao=Vnlm/ge3KGaPfthPPP25Xxy/iR4m07x6Dy HTTP/11" 200 None
2025-05-02 12:09:54,931 - INFO - Thread 32220 - Worker 14: ❌ Fatura com vencimento em 20/04/2025 não encontrada.
2025-05-02 12:09:54,931 - DEBUG - Thread 10792 - https://webhap.hapvida.com.br:443 "POST /pls/webhap/webNewBoletoEmpresa.loginValidacao HTTP/11" 302 2
2025-05-02 12:09:54,974 - DEBUG - Thread 10644 - https://webhap.hapvida.com.br:443 "POST /pls/webhap/webNewBoletoEmpresa.loginValidacao HTTP/11" 302 2
2025-05-02 12:09:55,003 - DEBUG - Thread 32624 - https://webhap.hapvida.com.br:443 "GET /pls/webhap/webNewBoletoEmpresa.obrigacaoLista?pPessoa=128957375&pNoCache=1202092555&pIdSessao=Vnlm/ge3KGaPfthPPP25XxyyTCLi0bEm5x HTTP/11" 200 None
2025-05-02 12:09:55,032 - INFO - Thread 32624 - Worker 13: ❌ Fatura com vencimento em 20/04/2025 não encontrada.
2025-05-02 12:09:55,033 - INFO - Thread 32220 - Worker 14: Processando 0DTG2 (RBS ENGENHARIA SERVICOS DE CONSTRUCAO LTDA)
2025-05-02 12:09:55,033 - DEBUG - Thread 5352 - https://webhap.hapvida.com.br:443 "POST /pls/webhap/webNewBoletoEmpresa.loginValidacao HTTP/11" 302 2
2025-05-02 12:09:55,034 - DEBUG - Thread 27032 - https://webhap.hapvida.com.br:443 "POST /pls/webhap/webNewBoletoEmpresa.loginValidacao HTTP/11" 302 2
2025-05-02 12:09:55,134 - INFO - Thread 32624 - Worker 13: Processando 079FE (REI ENGENHARIA E SERVICOS LTDA)
2025-05-02 12:09:55,236 - DEBUG - Thread 32624 - https://webhap.hapvida.com.br:443 "GET /pls/webhap/webNewBoletoEmpresa.login HTTP/11" 200 None
2025-05-02 12:09:55,243 - DEBUG - Thread 24096 - https://webhap.hapvida.com.br:443 "GET /pls/webhap/webNewBoletoEmpresa.obrigacaoLista?pPessoa=141512535&pNoCache=1202092555&pIdSessao=Vnlm/ge3KGaPfthPPP25XxyPPPPPPZ1Oczg4nw HTTP/11" 200 None
2025-05-02 12:09:55,255 - INFO - Thread 24096 - Worker 1: ❌ Fatura com vencimento em 20/04/2025 não encontrada.
2025-05-02 12:09:55,327 - DEBUG - Thread 22700 - https://webhap.hapvida.com.br:443 "GET /pls/webhap/webNewBoletoEmpresa.obrigacaoLista?pPessoa=141382488&pNoCache=1202092555&pIdSessao=Vnlm/ge3KGaPfthPPP25Xxy3S7I9unMzdr HTTP/11" 200 None
2025-05-02 12:09:55,338 - INFO - Thread 22700 - Worker 3: ❌ Fatura com vencimento em 20/04/2025 não encontrada.
2025-05-02 12:09:55,355 - INFO - Thread 24096 - Worker 1: Processando 079NZ (RODRIGO FARIA CABRAL EIRELI)
2025-05-02 12:09:55,356 - DEBUG - Thread 33800 - https://webhap.hapvida.com.br:443 "GET /pls/webhap/webNewBoletoEmpresa.obrigacaoLista?pPessoa=225628573&pNoCache=1202092556&pIdSessao=Vnlm/ge3KGbkEzaSZEdRPPPtR6c3JRV2m4 HTTP/11" 200 None
2025-05-02 12:09:55,369 - INFO - Thread 33800 - Worker 12: ❌ Fatura com vencimento em 20/04/2025 não encontrada.
2025-05-02 12:09:55,376 - DEBUG - Thread 10792 - https://webhap.hapvida.com.br:443 "GET /pls/webhap/webNewBoletoEmpresa.obrigacaoLista?pPessoa=255142326&pNoCache=1202092556&pIdSessao=Vnlm/ge3KGbkEzaSZEdRPPPt/jmOYce2Z8 HTTP/11" 200 None
2025-05-02 12:09:55,388 - INFO - Thread 10792 - Worker 2: ❌ Fatura com vencimento em 20/04/2025 não encontrada.
2025-05-02 12:09:55,389 - DEBUG - Thread 32624 - https://webhap.hapvida.com.br:443 "POST /pls/webhap/webNewBoletoEmpresa.loginValidacao HTTP/11" 302 2
2025-05-02 12:09:55,439 - INFO - Thread 22700 - Worker 3: Processando 0DNL7 (ROSA DESIGN PROJETOS E DECORACOES LTDA)
2025-05-02 12:09:55,470 - INFO - Thread 33800 - Worker 12: Processando 08JWD (S C N DIAS LTDA)
2025-05-02 12:09:55,478 - DEBUG - Thread 5352 - https://webhap.hapvida.com.br:443 "GET /pls/webhap/webNewBoletoEmpresa.obrigacaoLista?pPessoa=228940500&pNoCache=1202092556&pIdSessao=Vnlm/ge3KGbkEzaSZEdRPPPvZgNWDtvWN6 HTTP/11" 200 None
2025-05-02 12:09:55,488 - INFO - Thread 5352 - Worker 10: ❌ Fatura com vencimento em 20/04/2025 não encontrada.
2025-05-02 12:09:55,489 - DEBUG - Thread 24096 - https://webhap.hapvida.com.br:443 "GET /pls/webhap/webNewBoletoEmpresa.login HTTP/11" 200 None
2025-05-02 12:09:55,491 - INFO - Thread 10792 - Worker 2: Processando 05YJC (S O L SERVICOS ADMINISTRATIVOS LTDA)
2025-05-02 12:09:55,504 - DEBUG - Thread 27032 - https://webhap.hapvida.com.br:443 "GET /pls/webhap/webNewBoletoEmpresa.obrigacaoLista?pPessoa=191716266&pNoCache=1202092556&pIdSessao=Vnlm/ge3KGbkEzaSZEdRPPPs/r2JrSsaqK HTTP/11" 200 None
2025-05-02 12:09:55,527 - DEBUG - Thread 10644 - https://webhap.hapvida.com.br:443 "GET /pls/webhap/webNewBoletoEmpresa.obrigacaoLista?pPessoa=115318840&pNoCache=1202092556&pIdSessao=Vnlm/ge3KGbkEzaSZEdRPPPnhWisPY9Vgb HTTP/11" 200 None
2025-05-02 12:09:55,538 - INFO - Thread 10644 - Worker 9: ❌ Fatura com vencimento em 20/04/2025 não encontrada.
2025-05-02 12:09:55,568 - DEBUG - Thread 33800 - https://webhap.hapvida.com.br:443 "GET /pls/webhap/webNewBoletoEmpresa.login HTTP/11" 200 None
2025-05-02 12:09:55,577 - DEBUG - Thread 22700 - https://webhap.hapvida.com.br:443 "GET /pls/webhap/webNewBoletoEmpresa.login HTTP/11" 200 None
2025-05-02 12:09:55,589 - INFO - Thread 5352 - Worker 10: Processando 0FSX7 (S S DE REZENDE SERV TOPOGRAFICOS)
2025-05-02 12:09:55,591 - DEBUG - Thread 10792 - https://webhap.hapvida.com.br:443 "GET /pls/webhap/webNewBoletoEmpresa.login HTTP/11" 200 None
2025-05-02 12:09:55,617 - DEBUG - Thread 27032 - https://webhap.hapvida.com.br:443 "POST /pls/webhap/webNewBoletoEmpresa.obrigacaoDados HTTP/11" 200 None
2025-05-02 12:09:55,638 - INFO - Thread 10644 - Worker 9: Processando 076EI (S. DO NASCIMENTO MANUTENCAO DE MAQUINAS)
2025-05-02 12:09:55,661 - DEBUG - Thread 24096 - https://webhap.hapvida.com.br:443 "POST /pls/webhap/webNewBoletoEmpresa.loginValidacao HTTP/11" 302 2
2025-05-02 12:09:55,716 - DEBUG - Thread 5352 - https://webhap.hapvida.com.br:443 "GET /pls/webhap/webNewBoletoEmpresa.login HTTP/11" 200 None
2025-05-02 12:09:55,716 - DEBUG - Thread 27032 - https://webhap.hapvida.com.br:443 "POST /pls/webhap/webNewBoletoEmpresa.validaObrigacao HTTP/11" 302 None
2025-05-02 12:09:55,733 - DEBUG - Thread 22700 - https://webhap.hapvida.com.br:443 "POST /pls/webhap/webNewBoletoEmpresa.loginValidacao HTTP/11" 302 2
2025-05-02 12:09:55,739 - DEBUG - Thread 10644 - https://webhap.hapvida.com.br:443 "GET /pls/webhap/webNewBoletoEmpresa.login HTTP/11" 200 None
2025-05-02 12:09:55,743 - DEBUG - Thread 10792 - https://webhap.hapvida.com.br:443 "POST /pls/webhap/webNewBoletoEmpresa.loginValidacao HTTP/11" 302 2
2025-05-02 12:09:55,752 - INFO - Thread 14376 - Worker 6: ✅ JURAILSON MONTEIRO FERNANDES 60885424204.pdf gerado com sucesso
2025-05-02 12:09:55,844 - DEBUG - Thread 32220 - https://webhap.hapvida.com.br:443 "GET /pls/webhap/webNewBoletoEmpresa.login HTTP/11" 200 None
2025-05-02 12:09:55,853 - INFO - Thread 14376 - Worker 6: Processando 0FSYB (SANDRA REGINA PINTO VIEIRA MOTA)
2025-05-02 12:09:55,858 - DEBUG - Thread 27032 - https://webhap.hapvida.com.br:443 "GET /pls/webhap/webNewBoletoEmpresa.boleto_cc?pIdSessao=Vnlm/ge3KGbkEzaSZEdRPPPs/r2JrSsaqK&pNoCache=1202092556&pPessoa=191716266&pObrigacao=3046724542 HTTP/11" 200 None
2025-05-02 12:09:55,861 - DEBUG - Thread 5352 - https://webhap.hapvida.com.br:443 "POST /pls/webhap/webNewBoletoEmpresa.loginValidacao HTTP/11" 302 2
2025-05-02 12:09:55,909 - DEBUG - Thread 10644 - https://webhap.hapvida.com.br:443 "POST /pls/webhap/webNewBoletoEmpresa.loginValidacao HTTP/11" 302 2
2025-05-02 12:09:55,940 - DEBUG - Thread 32624 - https://webhap.hapvida.com.br:443 "GET /pls/webhap/webNewBoletoEmpresa.obrigacaoLista?pPessoa=127490210&pNoCache=1202092556&pIdSessao=Vnlm/ge3KGbkEzaSZEdRPPPitdhv8dm1uC HTTP/11" 200 None
2025-05-02 12:09:55,951 - INFO - Thread 32624 - Worker 13: ❌ Fatura com vencimento em 20/04/2025 não encontrada.
2025-05-02 12:09:55,970 - DEBUG - Thread 14376 - https://webhap.hapvida.com.br:443 "GET /pls/webhap/webNewBoletoEmpresa.login HTTP/11" 200 None
2025-05-02 12:09:56,053 - INFO - Thread 32624 - Worker 13: Processando 0FFAP (SANTA FÉ NEGOCIOS LTDA)
2025-05-02 12:09:56,095 - DEBUG - Thread 24096 - https://webhap.hapvida.com.br:443 "GET /pls/webhap/webNewBoletoEmpresa.obrigacaoLista?pPessoa=187324189&pNoCache=1202092556&pIdSessao=Vnlm/ge3KGbkEzaSZEdRPPPp6Nf6oJZMQD HTTP/11" 200 None
2025-05-02 12:09:56,105 - INFO - Thread 24096 - Worker 1: ❌ Fatura com vencimento em 20/04/2025 não encontrada.
2025-05-02 12:09:56,109 - DEBUG - Thread 33800 - https://webhap.hapvida.com.br:443 "POST /pls/webhap/webNewBoletoEmpresa.loginValidacao HTTP/11" 302 2
2025-05-02 12:09:56,132 - DEBUG - Thread 14376 - https://webhap.hapvida.com.br:443 "POST /pls/webhap/webNewBoletoEmpresa.loginValidacao HTTP/11" 302 2
2025-05-02 12:09:56,162 - DEBUG - Thread 32624 - https://webhap.hapvida.com.br:443 "GET /pls/webhap/webNewBoletoEmpresa.login HTTP/11" 200 None
2025-05-02 12:09:56,189 - DEBUG - Thread 10792 - https://webhap.hapvida.com.br:443 "GET /pls/webhap/webNewBoletoEmpresa.obrigacaoLista?pPessoa=144689584&pNoCache=1202092556&pIdSessao=Vnlm/ge3KGbkEzaSZEdRPPPpOhDAYPPPVgIB HTTP/11" 200 None
2025-05-02 12:09:56,198 - INFO - Thread 10792 - Worker 2: ❌ Fatura com vencimento em 20/04/2025 não encontrada.
2025-05-02 12:09:56,203 - DEBUG - Thread 22700 - https://webhap.hapvida.com.br:443 "GET /pls/webhap/webNewBoletoEmpresa.obrigacaoLista?pPessoa=214058550&pNoCache=1202092556&pIdSessao=Vnlm/ge3KGbkEzaSZEdRPPPpUdwAAf8Oeh HTTP/11" 200 None
2025-05-02 12:09:56,215 - INFO - Thread 22700 - Worker 3: ❌ Fatura com vencimento em 20/04/2025 não encontrada.
2025-05-02 12:09:56,215 - INFO - Thread 24096 - Worker 1: Processando 08PNJ (SASSO ENGENHARIA PROJETOS E MANUTENCAO LTDA)
2025-05-02 12:09:56,299 - INFO - Thread 10792 - Worker 2: Processando 0535E (SBS ARTEFATOS DE CIMENTO EIRELI)
2025-05-02 12:09:56,317 - INFO - Thread 22700 - Worker 3: Processando 0FHYK (SERGIO MATEUS S C DE OLIVEIRA)
2025-05-02 12:09:56,324 - DEBUG - Thread 24096 - https://webhap.hapvida.com.br:443 "GET /pls/webhap/webNewBoletoEmpresa.login HTTP/11" 200 None
2025-05-02 12:09:56,333 - DEBUG - Thread 32624 - https://webhap.hapvida.com.br:443 "POST /pls/webhap/webNewBoletoEmpresa.loginValidacao HTTP/11" 302 2
2025-05-02 12:09:56,337 - DEBUG - Thread 5352 - https://webhap.hapvida.com.br:443 "GET /pls/webhap/webNewBoletoEmpresa.obrigacaoLista?pPessoa=229242785&pNoCache=1202092557&pIdSessao=Vnlm/ge3KGbtytdPPPKTNi5mOhbORK/BKu HTTP/11" 200 None
2025-05-02 12:09:56,348 - INFO - Thread 5352 - Worker 10: ❌ Fatura com vencimento em 20/04/2025 não encontrada.
2025-05-02 12:09:56,378 - DEBUG - Thread 10644 - https://webhap.hapvida.com.br:443 "GET /pls/webhap/webNewBoletoEmpresa.obrigacaoLista?pPessoa=186430945&pNoCache=1202092557&pIdSessao=Vnlm/ge3KGbtytdPPPKTNi5qv6FyyO7U6L HTTP/11" 200 None
2025-05-02 12:09:56,391 - INFO - Thread 10644 - Worker 9: ❌ Fatura com vencimento em 20/04/2025 não encontrada.
2025-05-02 12:09:56,405 - DEBUG - Thread 10792 - https://webhap.hapvida.com.br:443 "GET /pls/webhap/webNewBoletoEmpresa.login HTTP/11" 200 None
2025-05-02 12:09:56,442 - DEBUG - Thread 32220 - https://webhap.hapvida.com.br:443 "POST /pls/webhap/webNewBoletoEmpresa.loginValidacao HTTP/11" 302 2
2025-05-02 12:09:56,449 - INFO - Thread 5352 - Worker 10: Processando 04MA7 (SERVDRILL PERFURACAO E SONDAGEM LTDA)
2025-05-02 12:09:56,455 - DEBUG - Thread 22700 - https://webhap.hapvida.com.br:443 "GET /pls/webhap/webNewBoletoEmpresa.login HTTP/11" 200 None
2025-05-02 12:09:56,492 - INFO - Thread 10644 - Worker 9: Processando 04BZG (SIND TRAB NA IND CONST LEVE PESADA MOB DE PAR)
2025-05-02 12:09:56,503 - DEBUG - Thread 24096 - https://webhap.hapvida.com.br:443 "POST /pls/webhap/webNewBoletoEmpresa.loginValidacao HTTP/11" 302 2
2025-05-02 12:09:56,568 - DEBUG - Thread 5352 - https://webhap.hapvida.com.br:443 "GET /pls/webhap/webNewBoletoEmpresa.login HTTP/11" 200 None
2025-05-02 12:09:56,569 - DEBUG - Thread 10792 - https://webhap.hapvida.com.br:443 "POST /pls/webhap/webNewBoletoEmpresa.loginValidacao HTTP/11" 302 2
2025-05-02 12:09:56,593 - DEBUG - Thread 10644 - https://webhap.hapvida.com.br:443 "GET /pls/webhap/webNewBoletoEmpresa.login HTTP/11" 200 None
2025-05-02 12:09:56,603 - DEBUG - Thread 14376 - https://webhap.hapvida.com.br:443 "GET /pls/webhap/webNewBoletoEmpresa.obrigacaoLista?pPessoa=229239792&pNoCache=1202092557&pIdSessao=Vnlm/ge3KGbtytdPPPKTNi5uByoAqOvWSk HTTP/11" 200 None
2025-05-02 12:09:56,614 - INFO - Thread 14376 - Worker 6: ❌ Fatura com vencimento em 20/04/2025 não encontrada.
2025-05-02 12:09:56,614 - DEBUG - Thread 22700 - https://webhap.hapvida.com.br:443 "POST /pls/webhap/webNewBoletoEmpresa.loginValidacao HTTP/11" 302 2
2025-05-02 12:09:56,715 - INFO - Thread 14376 - Worker 6: Processando 07MQ1 (SM SERVICOS E APOIO ADMINISTRATIVO LTDA)
2025-05-02 12:09:56,741 - DEBUG - Thread 5352 - https://webhap.hapvida.com.br:443 "POST /pls/webhap/webNewBoletoEmpresa.loginValidacao HTTP/11" 302 2
2025-05-02 12:09:56,752 - DEBUG - Thread 10644 - https://webhap.hapvida.com.br:443 "POST /pls/webhap/webNewBoletoEmpresa.loginValidacao HTTP/11" 302 2
2025-05-02 12:09:56,794 - INFO - Thread 10580 - Worker 0: ✅ M. C. TRANSPORTES E LOCACOES LTDA.pdf gerado com sucesso
2025-05-02 12:09:56,847 - DEBUG - Thread 32624 - https://webhap.hapvida.com.br:443 "GET /pls/webhap/webNewBoletoEmpresa.obrigacaoLista?pPessoa=226762508&pNoCache=1202092557&pIdSessao=Vnlm/ge3KGbtytdPPPKTNi5vX2hZeJ1Lu3 HTTP/11" 200 None
2025-05-02 12:09:56,858 - INFO - Thread 32624 - Worker 13: ❌ Fatura com vencimento em 20/04/2025 não encontrada.
2025-05-02 12:09:56,859 - DEBUG - Thread 14376 - https://webhap.hapvida.com.br:443 "GET /pls/webhap/webNewBoletoEmpresa.login HTTP/11" 200 None
2025-05-02 12:09:56,895 - INFO - Thread 10580 - Worker 0: Processando 05JBV (SOLAR COMERCIO DE MATERIAIS DE CONSTRUCAO EIR)
2025-05-02 12:09:56,960 - INFO - Thread 32624 - Worker 13: Processando 07MJ3 (SOLAR POWER ENGENHARIA EIRELI)
2025-05-02 12:09:56,986 - DEBUG - Thread 24096 - https://webhap.hapvida.com.br:443 "GET /pls/webhap/webNewBoletoEmpresa.obrigacaoLista?pPessoa=198690602&pNoCache=1202092557&pIdSessao=Vnlm/ge3KGbtytdPPPKTNi5pnN4z3HyjxV HTTP/11" 200 None
2025-05-02 12:09:56,995 - INFO - Thread 24096 - Worker 1: ❌ Fatura com vencimento em 20/04/2025 não encontrada.
2025-05-02 12:09:57,000 - DEBUG - Thread 10580 - https://webhap.hapvida.com.br:443 "GET /pls/webhap/webNewBoletoEmpresa.login HTTP/11" 200 None
2025-05-02 12:09:57,010 - DEBUG - Thread 14376 - https://webhap.hapvida.com.br:443 "POST /pls/webhap/webNewBoletoEmpresa.loginValidacao HTTP/11" 302 2
2025-05-02 12:09:57,015 - DEBUG - Thread 32220 - https://webhap.hapvida.com.br:443 "GET /pls/webhap/webNewBoletoEmpresa.obrigacaoLista?pPessoa=102608918&pNoCache=1202092557&pIdSessao=Vnlm/ge3KGbtytdPPPKTNi5isfjWinhCUw HTTP/11" 200 None
2025-05-02 12:09:57,035 - INFO - Thread 32220 - Worker 14: ❌ Fatura com vencimento em 20/04/2025 não encontrada.
2025-05-02 12:09:57,036 - DEBUG - Thread 10792 - https://webhap.hapvida.com.br:443 "GET /pls/webhap/webNewBoletoEmpresa.obrigacaoLista?pPessoa=137531792&pNoCache=1202092557&pIdSessao=Vnlm/ge3KGbtytdPPPKTNi5soMu4kTPPP9Uy HTTP/11" 200 None
2025-05-02 12:09:57,048 - INFO - Thread 10792 - Worker 2: ❌ Fatura com vencimento em 20/04/2025 não encontrada.
2025-05-02 12:09:57,068 - DEBUG - Thread 32624 - https://webhap.hapvida.com.br:443 "GET /pls/webhap/webNewBoletoEmpresa.login HTTP/11" 200 None
2025-05-02 12:09:57,096 - INFO - Thread 24096 - Worker 1: Processando 0D1IW (SOS SERVICOS OPERACIONAIS DE SANEAM LTDA ME)
2025-05-02 12:09:57,136 - INFO - Thread 32220 - Worker 14: Processando 08VPH (SOULUTEC SOLUC EM TEC E FIBRA OPTICA LTDA)
2025-05-02 12:09:57,149 - INFO - Thread 10792 - Worker 2: Processando 04LVM (SUN NORTE ENERGIA SOLAR EIRELI)
2025-05-02 12:09:57,152 - INFO - Thread 19824 - Worker 11: ✅ MARIA DE NAZARE ANDRADE GUIMARAES.pdf gerado com sucesso
2025-05-02 12:09:57,154 - DEBUG - Thread 10580 - https://webhap.hapvida.com.br:443 "POST /pls/webhap/webNewBoletoEmpresa.loginValidacao HTTP/11" 302 2
2025-05-02 12:09:57,159 - DEBUG - Thread 22700 - https://webhap.hapvida.com.br:443 "GET /pls/webhap/webNewBoletoEmpresa.obrigacaoLista?pPessoa=227372932&pNoCache=1202092557&pIdSessao=Vnlm/ge3KGbtytdPPPKTNi5jTo1PPPrzz2gh HTTP/11" 200 None
2025-05-02 12:09:57,168 - INFO - Thread 22700 - Worker 3: ❌ Fatura com vencimento em 20/04/2025 não encontrada.
2025-05-02 12:09:57,197 - DEBUG - Thread 24096 - https://webhap.hapvida.com.br:443 "GET /pls/webhap/webNewBoletoEmpresa.login HTTP/11" 200 None
2025-05-02 12:09:57,227 - DEBUG - Thread 32624 - https://webhap.hapvida.com.br:443 "POST /pls/webhap/webNewBoletoEmpresa.loginValidacao HTTP/11" 302 2
2025-05-02 12:09:57,248 - DEBUG - Thread 32220 - https://webhap.hapvida.com.br:443 "GET /pls/webhap/webNewBoletoEmpresa.login HTTP/11" 200 None
2025-05-02 12:09:57,254 - INFO - Thread 19824 - Worker 11: Processando 07N1Z (THELLO SERV DE ASSESSORIA COM EIRELI)
2025-05-02 12:09:57,254 - DEBUG - Thread 10792 - https://webhap.hapvida.com.br:443 "GET /pls/webhap/webNewBoletoEmpresa.login HTTP/11" 200 None
2025-05-02 12:09:57,257 - DEBUG - Thread 10644 - https://webhap.hapvida.com.br:443 "GET /pls/webhap/webNewBoletoEmpresa.obrigacaoLista?pPessoa=125601120&pNoCache=1202092557&pIdSessao=Vnlm/ge3KGbtytdPPPKTNi5jwbXy0K6PCF HTTP/11" 200 None
2025-05-02 12:09:57,274 - INFO - Thread 22700 - Worker 3: Processando 06MVA (TRATORSUL EMPREENDIMENTOS E LOC DE MAQUINAS)
2025-05-02 12:09:57,277 - INFO - Thread 10644 - Worker 9: ❌ Fatura com vencimento em 20/04/2025 não encontrada.
2025-05-02 12:09:57,282 - DEBUG - Thread 5352 - https://webhap.hapvida.com.br:443 "GET /pls/webhap/webNewBoletoEmpresa.obrigacaoLista?pPessoa=119257323&pNoCache=1202092557&pIdSessao=Vnlm/ge3KGbtytdPPPKTNi5l3c1vGXe1Rd HTTP/11" 200 None
2025-05-02 12:09:57,294 - INFO - Thread 5352 - Worker 10: ❌ Fatura com vencimento em 20/04/2025 não encontrada.
2025-05-02 12:09:57,332 - DEBUG - Thread 33800 - https://webhap.hapvida.com.br:443 "GET /pls/webhap/webNewBoletoEmpresa.obrigacaoLista?pPessoa=192271330&pNoCache=1202092557&pIdSessao=Vnlm/ge3KGbtytdPPPKTNi5rMSSyVcyE6e HTTP/11" 200 None
2025-05-02 12:09:57,357 - INFO - Thread 33800 - Worker 12: ❌ Fatura com vencimento em 20/04/2025 não encontrada.
2025-05-02 12:09:57,358 - DEBUG - Thread 24096 - https://webhap.hapvida.com.br:443 "POST /pls/webhap/webNewBoletoEmpresa.loginValidacao HTTP/11" 302 2
2025-05-02 12:09:57,380 - INFO - Thread 10644 - Worker 9: Processando 0I2LK (V L GOMES COM. DE SUCATAS LTDA)
2025-05-02 12:09:57,380 - DEBUG - Thread 19824 - https://webhap.hapvida.com.br:443 "GET /pls/webhap/webNewBoletoEmpresa.login HTTP/11" 200 None
2025-05-02 12:09:57,386 - DEBUG - Thread 22700 - https://webhap.hapvida.com.br:443 "GET /pls/webhap/webNewBoletoEmpresa.login HTTP/11" 200 None
2025-05-02 12:09:57,394 - INFO - Thread 5352 - Worker 10: Processando 0CU1E (V. O DA COSTA DEDETIZADORA E SERVICOS LTDA)
2025-05-02 12:09:57,407 - DEBUG - Thread 32220 - https://webhap.hapvida.com.br:443 "POST /pls/webhap/webNewBoletoEmpresa.loginValidacao HTTP/11" 302 2
2025-05-02 12:09:57,448 - DEBUG - Thread 10792 - https://webhap.hapvida.com.br:443 "POST /pls/webhap/webNewBoletoEmpresa.loginValidacao HTTP/11" 302 2
2025-05-02 12:09:57,458 - INFO - Thread 33800 - Worker 12: Processando 0FM0G (VALERIA SILVA RODRIGUES)
2025-05-02 12:09:57,522 - DEBUG - Thread 10644 - https://webhap.hapvida.com.br:443 "GET /pls/webhap/webNewBoletoEmpresa.login HTTP/11" 200 None
2025-05-02 12:09:57,537 - DEBUG - Thread 14376 - https://webhap.hapvida.com.br:443 "GET /pls/webhap/webNewBoletoEmpresa.obrigacaoLista?pPessoa=94425787&pNoCache=1202092558&pIdSessao=Vnlm/ge3KGaGY0uzORVpLPSSP16MLLIf HTTP/11" 200 None
2025-05-02 12:09:57,550 - INFO - Thread 14376 - Worker 6: ❌ Fatura com vencimento em 20/04/2025 não encontrada.
2025-05-02 12:09:57,551 - DEBUG - Thread 5352 - https://webhap.hapvida.com.br:443 "GET /pls/webhap/webNewBoletoEmpresa.login HTTP/11" 200 None
2025-05-02 12:09:57,561 - DEBUG - Thread 22700 - https://webhap.hapvida.com.br:443 "POST /pls/webhap/webNewBoletoEmpresa.loginValidacao HTTP/11" 302 2
2025-05-02 12:09:57,562 - DEBUG - Thread 19824 - https://webhap.hapvida.com.br:443 "POST /pls/webhap/webNewBoletoEmpresa.loginValidacao HTTP/11" 302 2
2025-05-02 12:09:57,651 - INFO - Thread 14376 - Worker 6: Processando 0GKNA (VEKTO ENGENHARIA LTDA)
2025-05-02 12:09:57,684 - DEBUG - Thread 10580 - https://webhap.hapvida.com.br:443 "GET /pls/webhap/webNewBoletoEmpresa.obrigacaoLista?pPessoa=142030097&pNoCache=1202092558&pIdSessao=Vnlm/ge3KGaGY0uzORVpLBtK51KIUBEw HTTP/11" 200 None
2025-05-02 12:09:57,695 - INFO - Thread 10580 - Worker 0: ❌ Fatura com vencimento em 20/04/2025 não encontrada.
2025-05-02 12:09:57,708 - DEBUG - Thread 33800 - https://webhap.hapvida.com.br:443 "GET /pls/webhap/webNewBoletoEmpresa.login HTTP/11" 200 None
2025-05-02 12:09:57,737 - DEBUG - Thread 32624 - https://webhap.hapvida.com.br:443 "GET /pls/webhap/webNewBoletoEmpresa.obrigacaoLista?pPessoa=188531811&pNoCache=1202092558&pIdSessao=Vnlm/ge3KGaGY0uzORVpLOTE7rn6wbIT HTTP/11" 200 None
2025-05-02 12:09:57,747 - INFO - Thread 32624 - Worker 13: ❌ Fatura com vencimento em 20/04/2025 não encontrada.
2025-05-02 12:09:57,769 - DEBUG - Thread 5352 - https://webhap.hapvida.com.br:443 "POST /pls/webhap/webNewBoletoEmpresa.loginValidacao HTTP/11" 302 2
2025-05-02 12:09:57,795 - INFO - Thread 10580 - Worker 0: Processando 04HKN (VIACAO VALE DO AMAZONAS LTDA)
2025-05-02 12:09:57,848 - INFO - Thread 32624 - Worker 13: Processando 08S1A (VITORIA PEREIRA CARVALHO 98913387204)
2025-05-02 12:09:57,914 - DEBUG - Thread 24096 - https://webhap.hapvida.com.br:443 "GET /pls/webhap/webNewBoletoEmpresa.obrigacaoLista?pPessoa=21508410&pNoCache=1202092558&pIdSessao=Vnlm/ge3KGaGY0uzORVpLNeyhtrX2mJ3 HTTP/11" 200 None
2025-05-02 12:09:57,924 - INFO - Thread 24096 - Worker 1: ❌ Fatura com vencimento em 20/04/2025 não encontrada.
2025-05-02 12:09:57,942 - DEBUG - Thread 10792 - https://webhap.hapvida.com.br:443 "GET /pls/webhap/webNewBoletoEmpresa.obrigacaoLista?pPessoa=128806172&pNoCache=1202092558&pIdSessao=Vnlm/ge3KGaGY0uzORVpLEmOttn5BOjS HTTP/11" 200 None
2025-05-02 12:09:58,025 - INFO - Thread 24096 - Worker 1: Processando 0G1SM (VITRINE MARKETING DIGITAL LTDA)
2025-05-02 12:09:58,033 - DEBUG - Thread 19824 - https://webhap.hapvida.com.br:443 "GET /pls/webhap/webNewBoletoEmpresa.obrigacaoLista?pPessoa=188661146&pNoCache=1202092558&pIdSessao=Vnlm/ge3KGaGY0uzORVpLIdkxaPPPAhP/b HTTP/11" 200 None
2025-05-02 12:09:58,042 - INFO - Thread 19824 - Worker 11: ❌ Fatura com vencimento em 20/04/2025 não encontrada.
2025-05-02 12:09:58,081 - INFO - Thread 25612 - Worker 4: ✅ N. S. BORGES CONSTRUCOES EIRELI.pdf gerado com sucesso
2025-05-02 12:09:58,128 - DEBUG - Thread 22700 - https://webhap.hapvida.com.br:443 "GET /pls/webhap/webNewBoletoEmpresa.obrigacaoLista?pPessoa=121325667&pNoCache=1202092558&pIdSessao=Vnlm/ge3KGaGY0uzORVpLLLfiPeCwJax HTTP/11" 200 None
2025-05-02 12:09:58,139 - INFO - Thread 22700 - Worker 3: ❌ Fatura com vencimento em 20/04/2025 não encontrada.
2025-05-02 12:09:58,143 - INFO - Thread 19824 - Worker 11: Processando 0G8CJ (W DE HOLANDA PINHEIRO)
2025-05-02 12:09:58,174 - DEBUG - Thread 10580 - https://webhap.hapvida.com.br:443 "GET /pls/webhap/webNewBoletoEmpresa.login HTTP/11" 200 None
2025-05-02 12:09:58,182 - INFO - Thread 25612 - Worker 4: Processando 0ICGW (W O S COMERCIO LTDA)
2025-05-02 12:09:58,195 - DEBUG - Thread 24096 - https://webhap.hapvida.com.br:443 "GET /pls/webhap/webNewBoletoEmpresa.login HTTP/11" 200 None
2025-05-02 12:09:58,216 - DEBUG - Thread 14376 - https://webhap.hapvida.com.br:443 "GET /pls/webhap/webNewBoletoEmpresa.login HTTP/11" 200 None
2025-05-02 12:09:58,240 - INFO - Thread 22700 - Worker 3: Processando 0883A (W PEREIRA ALVES EMPREENDIMENTOS)
2025-05-02 12:09:58,255 - DEBUG - Thread 32624 - https://webhap.hapvida.com.br:443 "GET /pls/webhap/webNewBoletoEmpresa.login HTTP/11" 200 None
2025-05-02 12:09:58,276 - DEBUG - Thread 10792 - https://webhap.hapvida.com.br:443 "POST /pls/webhap/webNewBoletoEmpresa.obrigacaoDados HTTP/11" 200 None
2025-05-02 12:09:58,277 - DEBUG - Thread 10644 - https://webhap.hapvida.com.br:443 "POST /pls/webhap/webNewBoletoEmpresa.loginValidacao HTTP/11" 302 2
2025-05-02 12:09:58,278 - DEBUG - Thread 33800 - https://webhap.hapvida.com.br:443 "POST /pls/webhap/webNewBoletoEmpresa.loginValidacao HTTP/11" 302 2
2025-05-02 12:09:58,331 - DEBUG - Thread 19824 - https://webhap.hapvida.com.br:443 "GET /pls/webhap/webNewBoletoEmpresa.login HTTP/11" 200 None
2025-05-02 12:09:58,381 - INFO - Thread 1952 - Worker 7: ✅ LUCIANE GONCALVES FERREIRA.pdf gerado com sucesso
2025-05-02 12:09:58,429 - DEBUG - Thread 25612 - https://webhap.hapvida.com.br:443 "GET /pls/webhap/webNewBoletoEmpresa.login HTTP/11" 200 None
2025-05-02 12:09:58,476 - DEBUG - Thread 10580 - https://webhap.hapvida.com.br:443 "POST /pls/webhap/webNewBoletoEmpresa.loginValidacao HTTP/11" 302 2
2025-05-02 12:09:58,482 - INFO - Thread 1952 - Worker 7: Processando 0G2L3 (W R DE M. OLIVEIRA SERV DE INFORMATICA)
2025-05-02 12:09:58,482 - DEBUG - Thread 22700 - https://webhap.hapvida.com.br:443 "GET /pls/webhap/webNewBoletoEmpresa.login HTTP/11" 200 None
2025-05-02 12:09:58,486 - DEBUG - Thread 14376 - https://webhap.hapvida.com.br:443 "POST /pls/webhap/webNewBoletoEmpresa.loginValidacao HTTP/11" 302 2
2025-05-02 12:09:58,487 - DEBUG - Thread 10792 - https://webhap.hapvida.com.br:443 "POST /pls/webhap/webNewBoletoEmpresa.validaObrigacao HTTP/11" 302 None
2025-05-02 12:09:58,514 - DEBUG - Thread 5352 - https://webhap.hapvida.com.br:443 "GET /pls/webhap/webNewBoletoEmpresa.obrigacaoLista?pPessoa=207686320&pNoCache=1202092558&pIdSessao=Vnlm/ge3KGaGY0uzORVpLNp1MwEe/uVd HTTP/11" 200 None
2025-05-02 12:09:58,525 - INFO - Thread 5352 - Worker 10: ❌ Fatura com vencimento em 20/04/2025 não encontrada.
2025-05-02 12:09:58,526 - DEBUG - Thread 24096 - https://webhap.hapvida.com.br:443 "POST /pls/webhap/webNewBoletoEmpresa.loginValidacao HTTP/11" 302 2
2025-05-02 12:09:58,561 - DEBUG - Thread 32220 - https://webhap.hapvida.com.br:443 "GET /pls/webhap/webNewBoletoEmpresa.obrigacaoLista?pPessoa=204832350&pNoCache=1202092558&pIdSessao=Vnlm/ge3KGaGY0uzORVpLBoZfJd5PPPC4K HTTP/11" 200 None
2025-05-02 12:09:58,571 - INFO - Thread 32220 - Worker 14: ❌ Fatura com vencimento em 20/04/2025 não encontrada.
2025-05-02 12:09:58,572 - DEBUG - Thread 19824 - https://webhap.hapvida.com.br:443 "POST /pls/webhap/webNewBoletoEmpresa.loginValidacao HTTP/11" 302 2
2025-05-02 12:09:58,572 - DEBUG - Thread 32624 - https://webhap.hapvida.com.br:443 "POST /pls/webhap/webNewBoletoEmpresa.loginValidacao HTTP/11" 302 2
2025-05-02 12:09:58,612 - DEBUG - Thread 1952 - https://webhap.hapvida.com.br:443 "GET /pls/webhap/webNewBoletoEmpresa.login HTTP/11" 200 None
2025-05-02 12:09:58,624 - DEBUG - Thread 25612 - https://webhap.hapvida.com.br:443 "POST /pls/webhap/webNewBoletoEmpresa.loginValidacao HTTP/11" 302 2
2025-05-02 12:09:58,627 - INFO - Thread 5352 - Worker 10: Processando 0ID08 (W. JABOUR DE ALMEIDA LTDA)
2025-05-02 12:09:58,659 - DEBUG - Thread 22700 - https://webhap.hapvida.com.br:443 "POST /pls/webhap/webNewBoletoEmpresa.loginValidacao HTTP/11" 302 2
2025-05-02 12:09:58,673 - INFO - Thread 32220 - Worker 14: Processando 0FTFS (WALDEIRES SOUSA SILVA)
2025-05-02 12:09:58,691 - DEBUG - Thread 10792 - https://webhap.hapvida.com.br:443 "GET /pls/webhap/webNewBoletoEmpresa.boleto_cc?pIdSessao=Vnlm/ge3KGaGY0uzORVpLEmOttn5BOjS&pNoCache=1202092558&pPessoa=128806172&pObrigacao=3046687140 HTTP/11" 200 None
2025-05-02 12:09:58,765 - DEBUG - Thread 5352 - https://webhap.hapvida.com.br:443 "GET /pls/webhap/webNewBoletoEmpresa.login HTTP/11" 200 None
2025-05-02 12:09:58,778 - DEBUG - Thread 1952 - https://webhap.hapvida.com.br:443 "POST /pls/webhap/webNewBoletoEmpresa.loginValidacao HTTP/11" 302 2
2025-05-02 12:09:58,783 - DEBUG - Thread 32220 - https://webhap.hapvida.com.br:443 "GET /pls/webhap/webNewBoletoEmpresa.login HTTP/11" 200 None
2025-05-02 12:09:58,852 - DEBUG - Thread 33800 - https://webhap.hapvida.com.br:443 "GET /pls/webhap/webNewBoletoEmpresa.obrigacaoLista?pPessoa=228106187&pNoCache=1202092559&pIdSessao=Vnlm/ge3KGZaEFE9XaCd8Otv6H9ITe88 HTTP/11" 200 None
2025-05-02 12:09:58,867 - INFO - Thread 33800 - Worker 12: ❌ Fatura com vencimento em 20/04/2025 não encontrada.
2025-05-02 12:09:58,965 - DEBUG - Thread 32220 - https://webhap.hapvida.com.br:443 "POST /pls/webhap/webNewBoletoEmpresa.loginValidacao HTTP/11" 302 2
2025-05-02 12:09:58,967 - INFO - Thread 33800 - Worker 12: Processando 04W3Q (WAMIX SERVICOS ELETRICOS E COMERCIO EIRELI)
2025-05-02 12:09:59,032 - DEBUG - Thread 14376 - https://webhap.hapvida.com.br:443 "GET /pls/webhap/webNewBoletoEmpresa.obrigacaoLista?pPessoa=252503107&pNoCache=1202092559&pIdSessao=Vnlm/ge3KGZaEFE9XaCd8NeMEUaQgVqn HTTP/11" 200 None
2025-05-02 12:09:59,043 - INFO - Thread 14376 - Worker 6: ❌ Fatura com vencimento em 20/04/2025 não encontrada.
2025-05-02 12:09:59,144 - INFO - Thread 14376 - Worker 6: Processando 0K45I (RICARDO MARCUS GOMES PASCOAL)
2025-05-02 12:09:59,153 - DEBUG - Thread 24096 - https://webhap.hapvida.com.br:443 "GET /pls/webhap/webNewBoletoEmpresa.obrigacaoLista?pPessoa=245320744&pNoCache=1202092559&pIdSessao=Vnlm/ge3KGZaEFE9XaCd8C851fg0M4Gq HTTP/11" 200 None
2025-05-02 12:09:59,170 - INFO - Thread 24096 - Worker 1: ❌ Fatura com vencimento em 20/04/2025 não encontrada.
2025-05-02 12:09:59,204 - DEBUG - Thread 10644 - https://webhap.hapvida.com.br:443 "GET /pls/webhap/webNewBoletoEmpresa.obrigacaoLista?pPessoa=258914338&pNoCache=1202092559&pIdSessao=Vnlm/ge3KGZaEFE9XaCd8FzKzPPPa9x4DS HTTP/11" 200 None
2025-05-02 12:09:59,214 - INFO - Thread 10644 - Worker 9: ❌ Fatura com vencimento em 20/04/2025 não encontrada.
2025-05-02 12:09:59,215 - DEBUG - Thread 19824 - https://webhap.hapvida.com.br:443 "GET /pls/webhap/webNewBoletoEmpresa.obrigacaoLista?pPessoa=247751246&pNoCache=1202092559&pIdSessao=Vnlm/ge3KGZaEFE9XaCd8Ji8rSSvidbE HTTP/11" 200 None
2025-05-02 12:09:59,227 - DEBUG - Thread 25612 - https://webhap.hapvida.com.br:443 "GET /pls/webhap/webNewBoletoEmpresa.obrigacaoLista?pPessoa=263602497&pNoCache=1202092559&pIdSessao=Vnlm/ge3KGZaEFE9XaCd8D67o7j0PvNO HTTP/11" 200 None
2025-05-02 12:09:59,239 - INFO - Thread 25612 - Worker 4: ❌ Fatura com vencimento em 20/04/2025 não encontrada.
2025-05-02 12:09:59,271 - INFO - Thread 24096 - Worker 1: Processando 0KAZQ (WF DE OLIVEIRA E CIA LTDA)
2025-05-02 12:09:59,282 - DEBUG - Thread 33800 - https://webhap.hapvida.com.br:443 "GET /pls/webhap/webNewBoletoEmpresa.login HTTP/11" 200 None
2025-05-02 12:09:59,301 - DEBUG - Thread 32624 - https://webhap.hapvida.com.br:443 "GET /pls/webhap/webNewBoletoEmpresa.obrigacaoLista?pPessoa=204352269&pNoCache=1202092559&pIdSessao=Vnlm/ge3KGZaEFE9XaCd8KAN1KbRnAUD HTTP/11" 200 None
2025-05-02 12:09:59,310 - INFO - Thread 32624 - Worker 13: ❌ Fatura com vencimento em 20/04/2025 não encontrada.
2025-05-02 12:09:59,312 - DEBUG - Thread 22700 - https://webhap.hapvida.com.br:443 "GET /pls/webhap/webNewBoletoEmpresa.obrigacaoLista?pPessoa=144686321&pNoCache=1202092559&pIdSessao=Vnlm/ge3KGZaEFE9XaCd8B4NWtmY69qV HTTP/11" 200 None
2025-05-02 12:09:59,323 - INFO - Thread 22700 - Worker 3: ❌ Fatura com vencimento em 20/04/2025 não encontrada.
2025-05-02 12:09:59,326 - DEBUG - Thread 10580 - https://webhap.hapvida.com.br:443 "GET /pls/webhap/webNewBoletoEmpresa.obrigacaoLista?pPessoa=43066062&pNoCache=1202092559&pIdSessao=Vnlm/ge3KGZaEFE9XaCd8M6iciqXAtPy HTTP/11" 200 None
2025-05-02 12:09:59,341 - INFO - Thread 10580 - Worker 0: ❌ Fatura com vencimento em 20/04/2025 não encontrada.
2025-05-02 12:09:59,346 - INFO - Thread 25612 - Worker 4: Processando 06C4E (LORETO & PIZON CORRETORA E CONSULT LTDA_2)
2025-05-02 12:09:59,348 - DEBUG - Thread 1952 - https://webhap.hapvida.com.br:443 "GET /pls/webhap/webNewBoletoEmpresa.obrigacaoLista?pPessoa=245550057&pNoCache=1202102500&pIdSessao=Vnlm/ge3KGZaEFE9XaCd8BigY9CGbVuP HTTP/11" 200 None
2025-05-02 12:09:59,358 - INFO - Thread 1952 - Worker 7: ❌ Fatura com vencimento em 20/04/2025 não encontrada.
2025-05-02 12:09:59,365 - INFO - Thread 10644 - Worker 9: Fila vazia, encerrando
2025-05-02 12:09:59,412 - INFO - Thread 32624 - Worker 13: Fila vazia, encerrando
2025-05-02 12:09:59,425 - INFO - Thread 22700 - Worker 3: Fila vazia, encerrando
2025-05-02 12:09:59,442 - INFO - Thread 10580 - Worker 0: Fila vazia, encerrando
2025-05-02 12:09:59,470 - DEBUG - Thread 32220 - https://webhap.hapvida.com.br:443 "GET /pls/webhap/webNewBoletoEmpresa.obrigacaoLista?pPessoa=229344308&pNoCache=1202102500&pIdSessao=6yW4Bj/xozRJFUiWMJIQJIyVv/7D9wox HTTP/11" 200 None
2025-05-02 12:09:59,481 - INFO - Thread 32220 - Worker 14: ❌ Fatura com vencimento em 20/04/2025 não encontrada.
2025-05-02 12:09:59,483 - INFO - Thread 1952 - Worker 7: Fila vazia, encerrando
2025-05-02 12:09:59,573 - INFO - Thread 27032 - Worker 5: ✅ RAIMUNDO ELOILDO RIBEIRO ROLAND 74793748287.pdf gerado com sucesso
2025-05-02 12:09:59,582 - DEBUG - Thread 25612 - https://webhap.hapvida.com.br:443 "GET /pls/webhap/webNewBoletoEmpresa.login HTTP/11" 200 None
2025-05-02 12:09:59,582 - INFO - Thread 32220 - Worker 14: Fila vazia, encerrando
2025-05-02 12:09:59,611 - DEBUG - Thread 24096 - https://webhap.hapvida.com.br:443 "GET /pls/webhap/webNewBoletoEmpresa.login HTTP/11" 200 None
2025-05-02 12:09:59,621 - DEBUG - Thread 14376 - https://webhap.hapvida.com.br:443 "GET /pls/webhap/webNewBoletoEmpresa.login HTTP/11" 200 None
2025-05-02 12:09:59,638 - DEBUG - Thread 19824 - https://webhap.hapvida.com.br:443 "POST /pls/webhap/webNewBoletoEmpresa.obrigacaoDados HTTP/11" 200 None
2025-05-02 12:09:59,674 - INFO - Thread 27032 - Worker 5: Fila vazia, encerrando
2025-05-02 12:09:59,792 - DEBUG - Thread 33800 - https://webhap.hapvida.com.br:443 "POST /pls/webhap/webNewBoletoEmpresa.loginValidacao HTTP/11" 302 2
2025-05-02 12:09:59,792 - DEBUG - Thread 5352 - https://webhap.hapvida.com.br:443 "POST /pls/webhap/webNewBoletoEmpresa.loginValidacao HTTP/11" 302 2
2025-05-02 12:09:59,828 - INFO - Thread 29820 - Worker 8: ✅ NORTE AMBIENTAL GESTAO E S LTDA.pdf gerado com sucesso
2025-05-02 12:09:59,836 - INFO - Thread 1952 - Worker 7: Navegador fechado
2025-05-02 12:09:59,837 - INFO - Thread 32624 - Worker 13: Navegador fechado
2025-05-02 12:09:59,845 - INFO - Thread 10580 - Worker 0: Navegador fechado
2025-05-02 12:09:59,898 - INFO - Thread 32220 - Worker 14: Navegador fechado
2025-05-02 12:09:59,903 - INFO - Thread 10644 - Worker 9: Navegador fechado
2025-05-02 12:09:59,920 - INFO - Thread 22700 - Worker 3: Navegador fechado
2025-05-02 12:09:59,921 - DEBUG - Thread 25612 - https://webhap.hapvida.com.br:443 "POST /pls/webhap/webNewBoletoEmpresa.loginValidacao HTTP/11" 302 2
2025-05-02 12:09:59,922 - DEBUG - Thread 24096 - https://webhap.hapvida.com.br:443 "POST /pls/webhap/webNewBoletoEmpresa.loginValidacao HTTP/11" 302 2
2025-05-02 12:09:59,922 - DEBUG - Thread 14376 - https://webhap.hapvida.com.br:443 "POST /pls/webhap/webNewBoletoEmpresa.loginValidacao HTTP/11" 302 2
2025-05-02 12:09:59,923 - DEBUG - Thread 19824 - https://webhap.hapvida.com.br:443 "POST /pls/webhap/webNewBoletoEmpresa.validaObrigacao HTTP/11" 302 None
2025-05-02 12:09:59,929 - INFO - Thread 29820 - Worker 8: Fila vazia, encerrando
2025-05-02 12:09:59,932 - INFO - Thread 27032 - Worker 5: Navegador fechado
2025-05-02 12:10:00,041 - INFO - Thread 29820 - Worker 8: Navegador fechado
2025-05-02 12:10:00,123 - DEBUG - Thread 19824 - https://webhap.hapvida.com.br:443 "GET /pls/webhap/webNewBoletoEmpresa.boleto_cc?pIdSessao=Vnlm/ge3KGZaEFE9XaCd8Ji8rSSvidbE&pNoCache=1202092559&pPessoa=247751246&pObrigacao=3046754484 HTTP/11" 200 None
2025-05-02 12:10:00,358 - DEBUG - Thread 5352 - https://webhap.hapvida.com.br:443 "GET /pls/webhap/webNewBoletoEmpresa.obrigacaoLista?pPessoa=263709011&pNoCache=1202102500&pIdSessao=6yW4Bj/xozRJFUiWMJIQJM5wFaoXMj87 HTTP/11" 200 None
2025-05-02 12:10:00,369 - INFO - Thread 5352 - Worker 10: ❌ Fatura com vencimento em 20/04/2025 não encontrada.
2025-05-02 12:10:00,469 - INFO - Thread 5352 - Worker 10: Fila vazia, encerrando
2025-05-02 12:10:00,486 - DEBUG - Thread 33800 - https://webhap.hapvida.com.br:443 "GET /pls/webhap/webNewBoletoEmpresa.obrigacaoLista?pPessoa=134608760&pNoCache=1202102500&pIdSessao=6yW4Bj/xozRJFUiWMJIQJPk2VJuWaXvc HTTP/11" 200 None
2025-05-02 12:10:00,496 - INFO - Thread 33800 - Worker 12: ❌ Fatura com vencimento em 20/04/2025 não encontrada.
2025-05-02 12:10:00,559 - INFO - Thread 5352 - Worker 10: Navegador fechado
2025-05-02 12:10:00,597 - INFO - Thread 33800 - Worker 12: Fila vazia, encerrando
2025-05-02 12:10:00,671 - INFO - Thread 33800 - Worker 12: Navegador fechado
2025-05-02 12:10:00,808 - DEBUG - Thread 14376 - https://webhap.hapvida.com.br:443 "GET /pls/webhap/webNewBoletoEmpresa.obrigacaoLista?pPessoa=446583168&pNoCache=1202102501&pIdSessao=6yW4Bj/xozSBXaR2PwOpZq39D3Pyu1G6 HTTP/11" 200 None
2025-05-02 12:10:00,828 - INFO - Thread 14376 - Worker 6: ❌ Fatura com vencimento em 20/04/2025 não encontrada.
2025-05-02 12:10:00,828 - DEBUG - Thread 25612 - https://webhap.hapvida.com.br:443 "GET /pls/webhap/webNewBoletoEmpresa.obrigacaoLista?pPessoa=124842344&pNoCache=1202102500&pIdSessao=6yW4Bj/xozRJFUiWMJIQJD1qCs87pP0D HTTP/11" 200 None
2025-05-02 12:10:00,840 - INFO - Thread 25612 - Worker 4: ❌ Fatura com vencimento em 20/04/2025 não encontrada.
2025-05-02 12:10:00,846 - DEBUG - Thread 24096 - https://webhap.hapvida.com.br:443 "GET /pls/webhap/webNewBoletoEmpresa.obrigacaoLista?pPessoa=115228388&pNoCache=1202102501&pIdSessao=6yW4Bj/xozRJFUiWMJIQJIX1e8nk3Oxc HTTP/11" 200 None
2025-05-02 12:10:00,861 - INFO - Thread 24096 - Worker 1: ❌ Fatura com vencimento em 20/04/2025 não encontrada.
2025-05-02 12:10:00,929 - INFO - Thread 14376 - Worker 6: Fila vazia, encerrando
2025-05-02 12:10:00,941 - INFO - Thread 25612 - Worker 4: Fila vazia, encerrando
2025-05-02 12:10:00,964 - INFO - Thread 24096 - Worker 1: Fila vazia, encerrando
2025-05-02 12:10:01,089 - INFO - Thread 24096 - Worker 1: Navegador fechado
2025-05-02 12:10:01,099 - INFO - Thread 25612 - Worker 4: Navegador fechado
2025-05-02 12:10:01,100 - INFO - Thread 14376 - Worker 6: Navegador fechado
2025-05-02 12:10:04,047 - INFO - Thread 10792 - Worker 2: ✅ SUN NORTE ENERGIA SOLAR EIRELI.pdf gerado com sucesso
2025-05-02 12:10:04,148 - INFO - Thread 10792 - Worker 2: Fila vazia, encerrando
2025-05-02 12:10:04,246 - INFO - Thread 10792 - Worker 2: Navegador fechado
2025-05-02 12:10:04,742 - INFO - Thread 19824 - Worker 11: ✅ W DE HOLANDA PINHEIRO.pdf gerado com sucesso
2025-05-02 12:10:04,842 - INFO - Thread 19824 - Worker 11: Fila vazia, encerrando
2025-05-02 12:10:04,934 - INFO - Thread 19824 - Worker 11: Navegador fechado
2025-05-02 12:10:05,042 - INFO - Thread 31908 - ✅ Excel atualizado com sucesso
2025-05-02 12:10:05,042 - INFO - Thread 31908 - 
✅ Relatório Final: 24 de 213 boletos gerados com sucesso (11.3%)
2025-05-02 12:10:05,042 - INFO - Thread 31908 - 📊 O arquivo Excel foi atualizado com os resultados: uploads\SINTICLEPEMP.xlsx
2025-05-02 12:10:05,042 - INFO - Thread 31908 - 📂 PDFs salvos em: C:\Users\chrys\OneDrive\Desktop\Site\downloads
2025-05-02 12:10:05,046 - INFO - Thread 31908 - Extração de boletos concluída. 24 boletos gerados.
2025-05-02 12:10:46,976 - INFO - Thread 15828 - Iniciando extração de boletos
2025-05-02 12:10:46,976 - INFO - Thread 15828 - 🔄 Iniciando o processamento de boletos Hapvida
2025-05-02 12:10:46,978 - INFO - Thread 15828 - Backup do Excel criado: uploads\SINTICLEPEMPa.xlsx.bak
2025-05-02 12:10:46,978 - INFO - Thread 15828 - ✅ Backup do arquivo Excel criado com sucesso
2025-05-02 12:10:47,052 - INFO - Thread 15828 - 🔍 Processando 3 empresas para boletos com vencimento em 20/05/2025
2025-05-02 12:10:47,057 - DEBUG - Thread 33924 - Using proactor: IocpProactor
2025-05-02 12:10:47,058 - DEBUG - Thread 16408 - Using proactor: IocpProactor
2025-05-02 12:10:47,059 - DEBUG - Thread 17288 - Using proactor: IocpProactor
2025-05-02 12:10:47,061 - DEBUG - Thread 14040 - Using proactor: IocpProactor
2025-05-02 12:10:47,064 - DEBUG - Thread 19900 - Using proactor: IocpProactor
2025-05-02 12:10:47,069 - DEBUG - Thread 24856 - Using proactor: IocpProactor
2025-05-02 12:10:47,072 - DEBUG - Thread 31076 - Using proactor: IocpProactor
2025-05-02 12:10:47,077 - DEBUG - Thread 16200 - Using proactor: IocpProactor
2025-05-02 12:10:47,099 - DEBUG - Thread 33852 - Using proactor: IocpProactor
2025-05-02 12:10:47,100 - DEBUG - Thread 35548 - Using proactor: IocpProactor
2025-05-02 12:10:47,106 - DEBUG - Thread 13540 - Using proactor: IocpProactor
2025-05-02 12:10:47,109 - DEBUG - Thread 20924 - Using proactor: IocpProactor
2025-05-02 12:10:47,163 - DEBUG - Thread 13736 - Using proactor: IocpProactor
2025-05-02 12:10:47,194 - DEBUG - Thread 21816 - Using proactor: IocpProactor
2025-05-02 12:10:47,239 - DEBUG - Thread 2532 - Using proactor: IocpProactor
2025-05-02 12:10:49,642 - INFO - Thread 19900 - Worker 4: Navegador inicializado
2025-05-02 12:10:49,642 - INFO - Thread 19900 - Worker 4: Processando 0DTY7 (37.233.759 MARIA GENEROZA H SECUNDES)
2025-05-02 12:10:49,646 - DEBUG - Thread 19900 - Starting new HTTPS connection (1): webhap.hapvida.com.br:443
2025-05-02 12:10:49,769 - INFO - Thread 31076 - Worker 6: Navegador inicializado
2025-05-02 12:10:49,769 - INFO - Thread 31076 - Worker 6: Processando 0CPDD (44.537.597 EVANIA FERREIRA DA SILVA)
2025-05-02 12:10:49,770 - DEBUG - Thread 31076 - Starting new HTTPS connection (1): webhap.hapvida.com.br:443
2025-05-02 12:10:49,832 - INFO - Thread 24856 - Worker 5: Navegador inicializado
2025-05-02 12:10:49,832 - INFO - Thread 24856 - Worker 5: Processando 0CIX1 (49.086.988 LUAN DE SOUSA FREIRE)
2025-05-02 12:10:49,834 - DEBUG - Thread 24856 - Starting new HTTPS connection (1): webhap.hapvida.com.br:443
2025-05-02 12:10:49,837 - INFO - Thread 16408 - Worker 1: Navegador inicializado
2025-05-02 12:10:49,837 - INFO - Thread 16408 - Worker 1: Fila vazia, encerrando
2025-05-02 12:10:49,897 - INFO - Thread 13540 - Worker 10: Navegador inicializado
2025-05-02 12:10:49,897 - INFO - Thread 13540 - Worker 10: Fila vazia, encerrando
2025-05-02 12:10:50,018 - INFO - Thread 17288 - Worker 2: Navegador inicializado
2025-05-02 12:10:50,018 - INFO - Thread 17288 - Worker 2: Fila vazia, encerrando
2025-05-02 12:10:50,051 - INFO - Thread 20924 - Worker 11: Navegador inicializado
2025-05-02 12:10:50,051 - INFO - Thread 20924 - Worker 11: Fila vazia, encerrando
2025-05-02 12:10:50,083 - INFO - Thread 33924 - Worker 0: Navegador inicializado
2025-05-02 12:10:50,083 - INFO - Thread 33924 - Worker 0: Fila vazia, encerrando
2025-05-02 12:10:50,425 - INFO - Thread 14040 - Worker 3: Navegador inicializado
2025-05-02 12:10:50,425 - INFO - Thread 14040 - Worker 3: Fila vazia, encerrando
2025-05-02 12:10:50,455 - INFO - Thread 16200 - Worker 7: Navegador inicializado
2025-05-02 12:10:50,455 - INFO - Thread 16200 - Worker 7: Fila vazia, encerrando
2025-05-02 12:10:50,586 - INFO - Thread 2532 - Worker 14: Navegador inicializado
2025-05-02 12:10:50,587 - INFO - Thread 2532 - Worker 14: Fila vazia, encerrando
2025-05-02 12:10:50,756 - INFO - Thread 35548 - Worker 9: Navegador inicializado
2025-05-02 12:10:50,756 - INFO - Thread 35548 - Worker 9: Fila vazia, encerrando
2025-05-02 12:10:50,797 - INFO - Thread 13736 - Worker 12: Navegador inicializado
2025-05-02 12:10:50,798 - INFO - Thread 13736 - Worker 12: Fila vazia, encerrando
2025-05-02 12:10:51,054 - INFO - Thread 21816 - Worker 13: Navegador inicializado
2025-05-02 12:10:51,055 - INFO - Thread 21816 - Worker 13: Fila vazia, encerrando
2025-05-02 12:10:51,338 - INFO - Thread 2532 - Worker 14: Navegador fechado
2025-05-02 12:10:51,634 - INFO - Thread 33852 - Worker 8: Navegador inicializado
2025-05-02 12:10:51,635 - INFO - Thread 33852 - Worker 8: Fila vazia, encerrando
2025-05-02 12:10:51,852 - INFO - Thread 14040 - Worker 3: Navegador fechado
2025-05-02 12:10:51,985 - INFO - Thread 13540 - Worker 10: Navegador fechado
2025-05-02 12:10:52,144 - INFO - Thread 35548 - Worker 9: Navegador fechado
2025-05-02 12:10:52,176 - INFO - Thread 20924 - Worker 11: Navegador fechado
2025-05-02 12:10:52,188 - INFO - Thread 16408 - Worker 1: Navegador fechado
2025-05-02 12:10:52,236 - INFO - Thread 16200 - Worker 7: Navegador fechado
2025-05-02 12:10:52,253 - INFO - Thread 33852 - Worker 8: Navegador fechado
2025-05-02 12:10:52,255 - INFO - Thread 33924 - Worker 0: Navegador fechado
2025-05-02 12:10:52,256 - INFO - Thread 13736 - Worker 12: Navegador fechado
2025-05-02 12:10:52,268 - DEBUG - Thread 24856 - https://webhap.hapvida.com.br:443 "GET /pls/webhap/webNewBoletoEmpresa.login HTTP/11" 200 None
2025-05-02 12:10:52,268 - DEBUG - Thread 31076 - https://webhap.hapvida.com.br:443 "GET /pls/webhap/webNewBoletoEmpresa.login HTTP/11" 200 None
2025-05-02 12:10:52,275 - INFO - Thread 21816 - Worker 13: Navegador fechado
2025-05-02 12:10:52,295 - INFO - Thread 17288 - Worker 2: Navegador fechado
2025-05-02 12:10:52,361 - DEBUG - Thread 19900 - https://webhap.hapvida.com.br:443 "GET /pls/webhap/webNewBoletoEmpresa.login HTTP/11" 200 None
2025-05-02 12:10:52,560 - DEBUG - Thread 31076 - https://webhap.hapvida.com.br:443 "POST /pls/webhap/webNewBoletoEmpresa.loginValidacao HTTP/11" 302 2
2025-05-02 12:10:52,561 - DEBUG - Thread 24856 - https://webhap.hapvida.com.br:443 "POST /pls/webhap/webNewBoletoEmpresa.loginValidacao HTTP/11" 302 2
2025-05-02 12:10:52,567 - DEBUG - Thread 19900 - https://webhap.hapvida.com.br:443 "POST /pls/webhap/webNewBoletoEmpresa.loginValidacao HTTP/11" 302 2
2025-05-02 12:10:53,024 - DEBUG - Thread 31076 - https://webhap.hapvida.com.br:443 "GET /pls/webhap/webNewBoletoEmpresa.obrigacaoLista?pPessoa=206960770&pNoCache=1202102553&pIdSessao=6yW4Bj/xozTXWpgXZNkXlerePk4yPPP5P1 HTTP/11" 200 None
2025-05-02 12:10:53,046 - DEBUG - Thread 24856 - https://webhap.hapvida.com.br:443 "GET /pls/webhap/webNewBoletoEmpresa.obrigacaoLista?pPessoa=206229677&pNoCache=1202102553&pIdSessao=6yW4Bj/xozTXWpgXZNkXldPPPrswIP7ot3 HTTP/11" 200 None
2025-05-02 12:10:53,095 - DEBUG - Thread 19900 - https://webhap.hapvida.com.br:443 "GET /pls/webhap/webNewBoletoEmpresa.obrigacaoLista?pPessoa=215114402&pNoCache=1202102553&pIdSessao=6yW4Bj/xozTXWpgXZNkXlTqg/j3ucID6 HTTP/11" 200 None
2025-05-02 12:10:53,166 - DEBUG - Thread 24856 - https://webhap.hapvida.com.br:443 "POST /pls/webhap/webNewBoletoEmpresa.obrigacaoDados HTTP/11" 200 None
2025-05-02 12:10:53,170 - DEBUG - Thread 31076 - https://webhap.hapvida.com.br:443 "POST /pls/webhap/webNewBoletoEmpresa.obrigacaoDados HTTP/11" 200 None
2025-05-02 12:10:53,228 - DEBUG - Thread 19900 - https://webhap.hapvida.com.br:443 "POST /pls/webhap/webNewBoletoEmpresa.obrigacaoDados HTTP/11" 200 None
2025-05-02 12:10:53,266 - DEBUG - Thread 24856 - https://webhap.hapvida.com.br:443 "POST /pls/webhap/webNewBoletoEmpresa.validaObrigacao HTTP/11" 302 None
2025-05-02 12:10:53,268 - DEBUG - Thread 31076 - https://webhap.hapvida.com.br:443 "POST /pls/webhap/webNewBoletoEmpresa.validaObrigacao HTTP/11" 302 None
2025-05-02 12:10:53,341 - DEBUG - Thread 19900 - https://webhap.hapvida.com.br:443 "POST /pls/webhap/webNewBoletoEmpresa.validaObrigacao HTTP/11" 302 None
2025-05-02 12:10:53,411 - DEBUG - Thread 24856 - https://webhap.hapvida.com.br:443 "GET /pls/webhap/webNewBoletoEmpresa.boleto_cc?pIdSessao=6yW4Bj/xozTXWpgXZNkXldPPPrswIP7ot3&pNoCache=1202102553&pPessoa=206229677&pObrigacao=3067883011 HTTP/11" 200 None
2025-05-02 12:10:53,424 - DEBUG - Thread 31076 - https://webhap.hapvida.com.br:443 "GET /pls/webhap/webNewBoletoEmpresa.boleto_cc?pIdSessao=6yW4Bj/xozTXWpgXZNkXlerePk4yPPP5P1&pNoCache=1202102553&pPessoa=206960770&pObrigacao=3067885170 HTTP/11" 200 None
2025-05-02 12:10:53,471 - DEBUG - Thread 19900 - https://webhap.hapvida.com.br:443 "GET /pls/webhap/webNewBoletoEmpresa.boleto_cc?pIdSessao=6yW4Bj/xozTXWpgXZNkXlTqg/j3ucID6&pNoCache=1202102553&pPessoa=215114402&pObrigacao=3067788230 HTTP/11" 200 None
2025-05-02 12:10:58,820 - INFO - Thread 31076 - Worker 6: ✅ 44.537.597 EVANIA FERREIRA DA SILVA.pdf gerado com sucesso
2025-05-02 12:10:58,908 - INFO - Thread 24856 - Worker 5: ✅ 49.086.988 LUAN DE SOUSA FREIRE.pdf gerado com sucesso
2025-05-02 12:10:58,921 - INFO - Thread 31076 - Worker 6: Fila vazia, encerrando
2025-05-02 12:10:59,001 - INFO - Thread 31076 - Worker 6: Navegador fechado
2025-05-02 12:10:59,009 - INFO - Thread 24856 - Worker 5: Fila vazia, encerrando
2025-05-02 12:10:59,093 - INFO - Thread 24856 - Worker 5: Navegador fechado
2025-05-02 12:11:00,085 - INFO - Thread 19900 - Worker 4: ✅ 37.233.759 MARIA GENEROZA H SECUNDES.pdf gerado com sucesso
2025-05-02 12:11:00,186 - INFO - Thread 19900 - Worker 4: Fila vazia, encerrando
2025-05-02 12:11:00,293 - INFO - Thread 19900 - Worker 4: Navegador fechado
2025-05-02 12:11:00,325 - INFO - Thread 15828 - ✅ Excel atualizado com sucesso
2025-05-02 12:11:00,326 - INFO - Thread 15828 - 
✅ Relatório Final: 3 de 3 boletos gerados com sucesso (100.0%)
2025-05-02 12:11:00,326 - INFO - Thread 15828 - 📊 O arquivo Excel foi atualizado com os resultados: uploads\SINTICLEPEMPa.xlsx
2025-05-02 12:11:00,327 - INFO - Thread 15828 - 📂 PDFs salvos em: C:\Users\chrys\OneDrive\Desktop\Site\downloads
2025-05-02 12:11:00,328 - INFO - Thread 15828 - Extração de boletos concluída. 26 boletos gerados.
2025-05-02 12:11:56,170 - INFO - Thread 32288 - Iniciando extração de notas fiscais
2025-05-02 12:11:56,170 - INFO - Thread 32288 - Iniciando extração de notas fiscais
2025-05-02 12:11:56,192 - INFO - Thread 32288 - Total de empresas a processar: 3
2025-05-02 12:11:56,193 - INFO - Thread 32288 - Pasta de downloads criada: C:\Users\chrys\OneDrive\Desktop\Site\downloads\driver_1
2025-05-02 12:11:56,193 - INFO - Thread 32288 - Sessão 1 configurada com sucesso
2025-05-02 12:11:56,194 - INFO - Thread 32288 - Pasta de downloads criada: C:\Users\chrys\OneDrive\Desktop\Site\downloads\driver_2
2025-05-02 12:11:56,194 - INFO - Thread 32288 - Sessão 2 configurada com sucesso
2025-05-02 12:11:56,195 - INFO - Thread 32288 - Pasta de downloads criada: C:\Users\chrys\OneDrive\Desktop\Site\downloads\driver_3
2025-05-02 12:11:56,196 - INFO - Thread 32288 - Sessão 3 configurada com sucesso
2025-05-02 12:11:56,197 - INFO - Thread 32288 - Pasta de downloads criada: C:\Users\chrys\OneDrive\Desktop\Site\downloads\driver_4
2025-05-02 12:11:56,197 - INFO - Thread 32288 - Sessão 4 configurada com sucesso
2025-05-02 12:11:56,198 - INFO - Thread 32288 - Pasta de downloads criada: C:\Users\chrys\OneDrive\Desktop\Site\downloads\driver_5
2025-05-02 12:11:56,198 - INFO - Thread 32288 - Sessão 5 configurada com sucesso
2025-05-02 12:11:56,199 - INFO - Thread 32288 - Pasta de downloads criada: C:\Users\chrys\OneDrive\Desktop\Site\downloads\driver_6
2025-05-02 12:11:56,199 - INFO - Thread 32288 - Sessão 6 configurada com sucesso
2025-05-02 12:11:56,200 - INFO - Thread 32288 - Pasta de downloads criada: C:\Users\chrys\OneDrive\Desktop\Site\downloads\driver_7
2025-05-02 12:11:56,200 - INFO - Thread 32288 - Sessão 7 configurada com sucesso
2025-05-02 12:11:56,201 - INFO - Thread 32288 - Pasta de downloads criada: C:\Users\chrys\OneDrive\Desktop\Site\downloads\driver_8
2025-05-02 12:11:56,201 - INFO - Thread 32288 - Sessão 8 configurada com sucesso
2025-05-02 12:11:56,202 - INFO - Thread 35520 - Sessão 1 - Iniciando processamento da empresa: 0DTY7
2025-05-02 12:11:56,204 - INFO - Thread 4480 - Sessão 2 - Iniciando processamento da empresa: 0CPDD
2025-05-02 12:11:56,206 - INFO - Thread 13536 - Sessão 3 - Iniciando processamento da empresa: 0CIX1
2025-05-02 12:11:56,210 - DEBUG - Thread 35520 - Starting new HTTPS connection (1): webhap.hapvida.com.br:443
2025-05-02 12:11:56,211 - DEBUG - Thread 13536 - Starting new HTTPS connection (1): webhap.hapvida.com.br:443
2025-05-02 12:11:56,213 - DEBUG - Thread 4480 - Starting new HTTPS connection (1): webhap.hapvida.com.br:443
2025-05-02 12:11:57,346 - DEBUG - Thread 13536 - https://webhap.hapvida.com.br:443 "POST /pls/webhap/pk_nota_fiscal.loginValidacao HTTP/11" 302 2
2025-05-02 12:11:57,359 - DEBUG - Thread 4480 - https://webhap.hapvida.com.br:443 "POST /pls/webhap/pk_nota_fiscal.loginValidacao HTTP/11" 302 2
2025-05-02 12:11:57,372 - DEBUG - Thread 35520 - https://webhap.hapvida.com.br:443 "POST /pls/webhap/pk_nota_fiscal.loginValidacao HTTP/11" 302 2
2025-05-02 12:11:57,475 - DEBUG - Thread 4480 - https://webhap.hapvida.com.br:443 "GET /pls/webhap/pk_nota_fiscal.listaNotasFiscais?pNoCache=1202112558&pIdSessao=11021205582516598738 HTTP/11" 200 None
2025-05-02 12:11:57,476 - INFO - Thread 4480 - Sessão 2 - Status do login: 200, URL: https://webhap.hapvida.com.br/pls/webhap/pk_nota_fiscal.listaNotasFiscais?pNoCache=1202112558&pIdSessao=11021205582516598738
2025-05-02 12:11:57,476 - INFO - Thread 4480 - Sessão 2 - Cookies após login: {}
2025-05-02 12:11:57,477 - INFO - Thread 4480 - Sessão 2 - Login bem-sucedido para empresa 0CPDD
2025-05-02 12:11:57,508 - INFO - Thread 4480 - Sessão 2 - pIdSessao extraído: 11021205582516598738
2025-05-02 12:11:57,510 - DEBUG - Thread 35520 - https://webhap.hapvida.com.br:443 "GET /pls/webhap/pk_nota_fiscal.listaNotasFiscais?pNoCache=1202112558&pIdSessao=11021205582516598761 HTTP/11" 200 None
2025-05-02 12:11:57,511 - DEBUG - Thread 13536 - https://webhap.hapvida.com.br:443 "GET /pls/webhap/pk_nota_fiscal.listaNotasFiscais?pNoCache=1202112558&pIdSessao=11021205582516598808 HTTP/11" 200 None
2025-05-02 12:11:57,513 - INFO - Thread 35520 - Sessão 1 - Status do login: 200, URL: https://webhap.hapvida.com.br/pls/webhap/pk_nota_fiscal.listaNotasFiscais?pNoCache=1202112558&pIdSessao=11021205582516598761
2025-05-02 12:11:57,513 - INFO - Thread 35520 - Sessão 1 - Cookies após login: {}
2025-05-02 12:11:57,514 - INFO - Thread 35520 - Sessão 1 - Login bem-sucedido para empresa 0DTY7
2025-05-02 12:11:57,533 - INFO - Thread 13536 - Sessão 3 - Status do login: 200, URL: https://webhap.hapvida.com.br/pls/webhap/pk_nota_fiscal.listaNotasFiscais?pNoCache=1202112558&pIdSessao=11021205582516598808
2025-05-02 12:11:57,534 - INFO - Thread 35520 - Sessão 1 - pIdSessao extraído: 11021205582516598761
2025-05-02 12:11:57,534 - INFO - Thread 13536 - Sessão 3 - Cookies após login: {}
2025-05-02 12:11:57,535 - INFO - Thread 13536 - Sessão 3 - Login bem-sucedido para empresa 0CIX1
2025-05-02 12:11:57,556 - INFO - Thread 13536 - Sessão 3 - pIdSessao extraído: 11021205582516598808
2025-05-02 12:11:57,649 - DEBUG - Thread 4480 - https://webhap.hapvida.com.br:443 "GET /pls/webhap/pk_nota_fiscal.listaNotasFiscais?pIdSessao=11021205582516598738 HTTP/11" 200 None
2025-05-02 12:11:57,649 - INFO - Thread 4480 - Sessão 2 - Status da requisição: 200, URL final: https://webhap.hapvida.com.br/pls/webhap/pk_nota_fiscal.listaNotasFiscais?pIdSessao=11021205582516598738
2025-05-02 12:11:57,650 - DEBUG - Thread 4480 - Sessão 2 - Primeiros 500 caracteres do HTML: 
    <head>
    <meta http-equiv="Content-Type" content="text/html; charset=utf-8" />
    <meta name="viewport" content="width=device-width, initial-scale=1.0">
    <title>Hapvida - Plano de Saúde</title>
    <link href="/hapvida/hapvida_avanz/sistema/css/simple-line-icons.css" rel="stylesheet" type="text/css" />
    <link href="/hapvida/hapvida_avanz/sistema/css/stlhapvida.css" rel="stylesheet" type="text/css" />
    <link href="/hapvida/hapvida_avanz/sistema/css/style-ie.css" rel="stylesheet" 
2025-05-02 12:11:57,670 - INFO - Thread 4480 - Sessão 2 - Buscando data de vencimento: 20/5/25
2025-05-02 12:11:57,671 - INFO - Thread 4480 - Sessão 2 - Verificando link com texto: 0CPDD
2025-05-02 12:11:57,671 - INFO - Thread 4480 - Sessão 2 - Verificando link com texto: 44.537.597 EVANIA FERREIRA DA SILVA SINTICLEPEMP
2025-05-02 12:11:57,671 - INFO - Thread 4480 - Sessão 2 - Verificando link com texto: 1010526365865
2025-05-02 12:11:57,671 - INFO - Thread 4480 - Sessão 2 - Verificando link com texto: 20/04/25
2025-05-02 12:11:57,671 - INFO - Thread 4480 - Sessão 2 - Verificando link com texto: 840,36
2025-05-02 12:11:57,671 - DEBUG - Thread 35520 - https://webhap.hapvida.com.br:443 "GET /pls/webhap/pk_nota_fiscal.listaNotasFiscais?pIdSessao=11021205582516598761 HTTP/11" 200 None
2025-05-02 12:11:57,672 - INFO - Thread 4480 - Sessão 2 - Verificando link com texto: 0CPDD
2025-05-02 12:11:57,672 - INFO - Thread 4480 - Sessão 2 - Verificando link com texto: 44.537.597 EVANIA FERREIRA DA SILVA SINTICLEPEMP
2025-05-02 12:11:57,672 - INFO - Thread 4480 - Sessão 2 - Verificando link com texto: 1010517416100
2025-05-02 12:11:57,673 - INFO - Thread 4480 - Sessão 2 - Verificando link com texto: 20/03/25
2025-05-02 12:11:57,673 - INFO - Thread 4480 - Sessão 2 - Verificando link com texto: 840,36
2025-05-02 12:11:57,673 - INFO - Thread 4480 - Sessão 2 - Verificando link com texto: 0CPDD
2025-05-02 12:11:57,673 - INFO - Thread 4480 - Sessão 2 - Verificando link com texto: 44.537.597 EVANIA FERREIRA DA SILVA SINTICLEPEMP
2025-05-02 12:11:57,673 - INFO - Thread 4480 - Sessão 2 - Verificando link com texto: 1010502973008
2025-05-02 12:11:57,673 - INFO - Thread 4480 - Sessão 2 - Verificando link com texto: 20/02/25
2025-05-02 12:11:57,674 - INFO - Thread 4480 - Sessão 2 - Verificando link com texto: 840,36
2025-05-02 12:11:57,674 - INFO - Thread 4480 - Sessão 2 - Verificando link com texto: 0CPDD
2025-05-02 12:11:57,674 - INFO - Thread 4480 - Sessão 2 - Verificando link com texto: 44.537.597 EVANIA FERREIRA DA SILVA SINTICLEPEMP
2025-05-02 12:11:57,674 - INFO - Thread 4480 - Sessão 2 - Verificando link com texto: 1010492577407
2025-05-02 12:11:57,674 - INFO - Thread 35520 - Sessão 1 - Status da requisição: 200, URL final: https://webhap.hapvida.com.br/pls/webhap/pk_nota_fiscal.listaNotasFiscais?pIdSessao=11021205582516598761
2025-05-02 12:11:57,674 - INFO - Thread 4480 - Sessão 2 - Verificando link com texto: 20/01/25
2025-05-02 12:11:57,675 - DEBUG - Thread 13536 - https://webhap.hapvida.com.br:443 "GET /pls/webhap/pk_nota_fiscal.listaNotasFiscais?pIdSessao=11021205582516598808 HTTP/11" 200 None
2025-05-02 12:11:57,675 - DEBUG - Thread 35520 - Sessão 1 - Primeiros 500 caracteres do HTML: 
    <head>
    <meta http-equiv="Content-Type" content="text/html; charset=utf-8" />
    <meta name="viewport" content="width=device-width, initial-scale=1.0">
    <title>Hapvida - Plano de Saúde</title>
    <link href="/hapvida/hapvida_avanz/sistema/css/simple-line-icons.css" rel="stylesheet" type="text/css" />
    <link href="/hapvida/hapvida_avanz/sistema/css/stlhapvida.css" rel="stylesheet" type="text/css" />
    <link href="/hapvida/hapvida_avanz/sistema/css/style-ie.css" rel="stylesheet" 
2025-05-02 12:11:57,675 - INFO - Thread 4480 - Sessão 2 - Verificando link com texto: 840,36
2025-05-02 12:11:57,688 - INFO - Thread 4480 - Sessão 2 - Verificando link com texto: 0CPDD
2025-05-02 12:11:57,696 - INFO - Thread 35520 - Sessão 1 - Buscando data de vencimento: 20/5/25
2025-05-02 12:11:57,697 - INFO - Thread 13536 - Sessão 3 - Status da requisição: 200, URL final: https://webhap.hapvida.com.br/pls/webhap/pk_nota_fiscal.listaNotasFiscais?pIdSessao=11021205582516598808
2025-05-02 12:11:57,697 - INFO - Thread 4480 - Sessão 2 - Verificando link com texto: 44.537.597 EVANIA FERREIRA DA SILVA SINTICLEPEMP
2025-05-02 12:11:57,697 - INFO - Thread 35520 - Sessão 1 - Verificando link com texto: 0DTY7
2025-05-02 12:11:57,698 - DEBUG - Thread 13536 - Sessão 3 - Primeiros 500 caracteres do HTML: 
    <head>
    <meta http-equiv="Content-Type" content="text/html; charset=utf-8" />
    <meta name="viewport" content="width=device-width, initial-scale=1.0">
    <title>Hapvida - Plano de Saúde</title>
    <link href="/hapvida/hapvida_avanz/sistema/css/simple-line-icons.css" rel="stylesheet" type="text/css" />
    <link href="/hapvida/hapvida_avanz/sistema/css/stlhapvida.css" rel="stylesheet" type="text/css" />
    <link href="/hapvida/hapvida_avanz/sistema/css/style-ie.css" rel="stylesheet" 
2025-05-02 12:11:57,698 - INFO - Thread 4480 - Sessão 2 - Verificando link com texto: 1010481536674
2025-05-02 12:11:57,699 - INFO - Thread 35520 - Sessão 1 - Verificando link com texto: 37.233.759 MARIA GENEROZA H SECUNDES SINTICLEPEMP
2025-05-02 12:11:57,719 - INFO - Thread 4480 - Sessão 2 - Verificando link com texto: 20/12/24
2025-05-02 12:11:57,720 - INFO - Thread 13536 - Sessão 3 - Buscando data de vencimento: 20/5/25
2025-05-02 12:11:57,720 - INFO - Thread 35520 - Sessão 1 - Verificando link com texto: 28141000021976197
2025-05-02 12:11:57,720 - INFO - Thread 4480 - Sessão 2 - Verificando link com texto: 840,36
2025-05-02 12:11:57,721 - INFO - Thread 13536 - Sessão 3 - Verificando link com texto: 0CIX1
2025-05-02 12:11:57,721 - INFO - Thread 35520 - Sessão 1 - Verificando link com texto: 20/04/25
2025-05-02 12:11:57,722 - INFO - Thread 4480 - Sessão 2 - Verificando link com texto: 0CPDD
2025-05-02 12:11:57,722 - INFO - Thread 13536 - Sessão 3 - Verificando link com texto: 49.086.988 LUAN DE SOUSA FREIRE SINTICLEPEMP
2025-05-02 12:11:57,722 - INFO - Thread 35520 - Sessão 1 - Verificando link com texto: 1134,5
2025-05-02 12:11:57,723 - INFO - Thread 4480 - Sessão 2 - Verificando link com texto: 44.537.597 EVANIA FERREIRA DA SILVA SINTICLEPEMP
2025-05-02 12:11:57,723 - INFO - Thread 13536 - Sessão 3 - Verificando link com texto: 1010526363579
2025-05-02 12:11:57,723 - INFO - Thread 35520 - Sessão 1 - Verificando link com texto: 0DTY7
2025-05-02 12:11:57,724 - INFO - Thread 4480 - Sessão 2 - Verificando link com texto: 1010468973136
2025-05-02 12:11:57,724 - INFO - Thread 13536 - Sessão 3 - Verificando link com texto: 20/04/25
2025-05-02 12:11:57,724 - INFO - Thread 35520 - Sessão 1 - Verificando link com texto: 37.233.759 MARIA GENEROZA H SECUNDES SINTICLEPEMP
2025-05-02 12:11:57,724 - INFO - Thread 4480 - Sessão 2 - Verificando link com texto: 20/11/24
2025-05-02 12:11:57,725 - INFO - Thread 13536 - Sessão 3 - Verificando link com texto: 1470,63
2025-05-02 12:11:57,725 - INFO - Thread 35520 - Sessão 1 - Verificando link com texto: 28141000021956316
2025-05-02 12:11:57,725 - INFO - Thread 4480 - Sessão 2 - Verificando link com texto: 840,36
2025-05-02 12:11:57,725 - INFO - Thread 13536 - Sessão 3 - Verificando link com texto: 0CIX1
2025-05-02 12:11:57,726 - INFO - Thread 35520 - Sessão 1 - Verificando link com texto: 20/03/25
2025-05-02 12:11:57,726 - INFO - Thread 4480 - Sessão 2 - Verificando link com texto: 0CPDD
2025-05-02 12:11:57,727 - INFO - Thread 4480 - Sessão 2 - Verificando link com texto: 44.537.597 EVANIA FERREIRA DA SILVA SINTICLEPEMP
2025-05-02 12:11:57,726 - INFO - Thread 35520 - Sessão 1 - Verificando link com texto: 1134,5
2025-05-02 12:11:57,727 - INFO - Thread 35520 - Sessão 1 - Verificando link com texto: 0DTY7
2025-05-02 12:11:57,727 - INFO - Thread 35520 - Sessão 1 - Verificando link com texto: 37.233.759 MARIA GENEROZA H SECUNDES SINTICLEPEMP
2025-05-02 12:11:57,727 - INFO - Thread 35520 - Sessão 1 - Verificando link com texto: 28141000021930377
2025-05-02 12:11:57,727 - INFO - Thread 4480 - Sessão 2 - Verificando link com texto: 1010461020753
2025-05-02 12:11:57,727 - INFO - Thread 35520 - Sessão 1 - Verificando link com texto: 20/02/25
2025-05-02 12:11:57,727 - INFO - Thread 4480 - Sessão 2 - Verificando link com texto: 20/10/24
2025-05-02 12:11:57,728 - INFO - Thread 35520 - Sessão 1 - Verificando link com texto: 1317,15
2025-05-02 12:11:57,726 - INFO - Thread 13536 - Sessão 3 - Verificando link com texto: 49.086.988 LUAN DE SOUSA FREIRE SINTICLEPEMP
2025-05-02 12:11:57,728 - INFO - Thread 35520 - Sessão 1 - Verificando link com texto: 0DTY7
2025-05-02 12:11:57,728 - INFO - Thread 4480 - Sessão 2 - Verificando link com texto: 840,36
2025-05-02 12:11:57,728 - INFO - Thread 13536 - Sessão 3 - Verificando link com texto: 1010517414018
2025-05-02 12:11:57,729 - INFO - Thread 35520 - Sessão 1 - Verificando link com texto: 37.233.759 MARIA GENEROZA H SECUNDES SINTICLEPEMP
2025-05-02 12:11:57,729 - INFO - Thread 4480 - Sessão 2 - Verificando link com texto: 0CPDD
2025-05-02 12:11:57,729 - INFO - Thread 13536 - Sessão 3 - Verificando link com texto: 20/03/25
2025-05-02 12:11:57,729 - INFO - Thread 35520 - Sessão 1 - Verificando link com texto: 28141000021908626
2025-05-02 12:11:57,729 - INFO - Thread 4480 - Sessão 2 - Verificando link com texto: 44.537.597 EVANIA FERREIRA DA SILVA SINTICLEPEMP
2025-05-02 12:11:57,730 - INFO - Thread 13536 - Sessão 3 - Verificando link com texto: 1470,63
2025-05-02 12:11:57,730 - INFO - Thread 35520 - Sessão 1 - Verificando link com texto: 20/01/25
2025-05-02 12:11:57,730 - INFO - Thread 4480 - Sessão 2 - Verificando link com texto: 1010447319305
2025-05-02 12:11:57,730 - INFO - Thread 13536 - Sessão 3 - Verificando link com texto: 0CIX1
2025-05-02 12:11:57,731 - INFO - Thread 35520 - Sessão 1 - Verificando link com texto: 924,41
2025-05-02 12:11:57,731 - INFO - Thread 4480 - Sessão 2 - Verificando link com texto: 20/09/24
2025-05-02 12:11:57,731 - INFO - Thread 13536 - Sessão 3 - Verificando link com texto: 49.086.988 LUAN DE SOUSA FREIRE SINTICLEPEMP
2025-05-02 12:11:57,731 - INFO - Thread 35520 - Sessão 1 - Verificando link com texto: 0DTY7
2025-05-02 12:11:57,731 - INFO - Thread 4480 - Sessão 2 - Verificando link com texto: 840,36
2025-05-02 12:11:57,732 - INFO - Thread 13536 - Sessão 3 - Verificando link com texto: 1010502970726
2025-05-02 12:11:57,732 - INFO - Thread 35520 - Sessão 1 - Verificando link com texto: 37.233.759 MARIA GENEROZA H SECUNDES SINTICLEPEMP
2025-05-02 12:11:57,732 - INFO - Thread 4480 - Sessão 2 - Verificando link com texto: 0CPDD
2025-05-02 12:11:57,733 - INFO - Thread 13536 - Sessão 3 - Verificando link com texto: 20/02/25
2025-05-02 12:11:57,733 - INFO - Thread 35520 - Sessão 1 - Verificando link com texto: 28141000021887251
2025-05-02 12:11:57,733 - INFO - Thread 4480 - Sessão 2 - Verificando link com texto: 44.537.597 EVANIA FERREIRA DA SILVA SINTICLEPEMP
2025-05-02 12:11:57,734 - INFO - Thread 13536 - Sessão 3 - Verificando link com texto: 1470,63
2025-05-02 12:11:57,734 - INFO - Thread 35520 - Sessão 1 - Verificando link com texto: 20/12/24
2025-05-02 12:11:57,734 - INFO - Thread 4480 - Sessão 2 - Verificando link com texto: 1010435254645
2025-05-02 12:11:57,734 - INFO - Thread 13536 - Sessão 3 - Verificando link com texto: 0CIX1
2025-05-02 12:11:57,735 - INFO - Thread 35520 - Sessão 1 - Verificando link com texto: 924,41
2025-05-02 12:11:57,735 - INFO - Thread 4480 - Sessão 2 - Verificando link com texto: 20/08/24
2025-05-02 12:11:57,736 - INFO - Thread 13536 - Sessão 3 - Verificando link com texto: 49.086.988 LUAN DE SOUSA FREIRE SINTICLEPEMP
2025-05-02 12:11:57,736 - INFO - Thread 35520 - Sessão 1 - Verificando link com texto: 0DTY7
2025-05-02 12:11:57,736 - INFO - Thread 4480 - Sessão 2 - Verificando link com texto: 840,36
2025-05-02 12:11:57,736 - INFO - Thread 13536 - Sessão 3 - Verificando link com texto: 1010492575129
2025-05-02 12:11:57,736 - INFO - Thread 35520 - Sessão 1 - Verificando link com texto: 37.233.759 MARIA GENEROZA H SECUNDES SINTICLEPEMP
2025-05-02 12:11:57,736 - INFO - Thread 4480 - Sessão 2 - Verificando link com texto: 0CPDD
2025-05-02 12:11:57,737 - INFO - Thread 13536 - Sessão 3 - Verificando link com texto: 20/01/25
2025-05-02 12:11:57,737 - INFO - Thread 35520 - Sessão 1 - Verificando link com texto: 28141000021864258
2025-05-02 12:11:57,737 - INFO - Thread 4480 - Sessão 2 - Verificando link com texto: 44.537.597 EVANIA FERREIRA DA SILVA SINTICLEPEMP
2025-05-02 12:11:57,737 - INFO - Thread 13536 - Sessão 3 - Verificando link com texto: 1470,63
2025-05-02 12:11:57,738 - INFO - Thread 35520 - Sessão 1 - Verificando link com texto: 20/11/24
2025-05-02 12:11:57,738 - INFO - Thread 4480 - Sessão 2 - Verificando link com texto: 1010425802801
2025-05-02 12:11:57,738 - INFO - Thread 13536 - Sessão 3 - Verificando link com texto: 0CIX1
2025-05-02 12:11:57,739 - INFO - Thread 35520 - Sessão 1 - Verificando link com texto: 924,41
2025-05-02 12:11:57,739 - INFO - Thread 4480 - Sessão 2 - Verificando link com texto: 20/07/24
2025-05-02 12:11:57,739 - INFO - Thread 13536 - Sessão 3 - Verificando link com texto: 49.086.988 LUAN DE SOUSA FREIRE SINTICLEPEMP
2025-05-02 12:11:57,739 - INFO - Thread 35520 - Sessão 1 - Verificando link com texto: 0DTY7
2025-05-02 12:11:57,740 - INFO - Thread 4480 - Sessão 2 - Verificando link com texto: 840,36
2025-05-02 12:11:57,740 - INFO - Thread 13536 - Sessão 3 - Verificando link com texto: 1010481534388
2025-05-02 12:11:57,741 - INFO - Thread 35520 - Sessão 1 - Verificando link com texto: 37.233.759 MARIA GENEROZA H SECUNDES SINTICLEPEMP
2025-05-02 12:11:57,741 - INFO - Thread 4480 - Sessão 2 - Verificando link com texto: 0CPDD
2025-05-02 12:11:57,741 - INFO - Thread 13536 - Sessão 3 - Verificando link com texto: 20/12/24
2025-05-02 12:11:57,741 - INFO - Thread 35520 - Sessão 1 - Verificando link com texto: 28141000021842190
2025-05-02 12:11:57,742 - INFO - Thread 4480 - Sessão 2 - Verificando link com texto: 44.537.597 EVANIA FERREIRA DA SILVA SINTICLEPEMP
2025-05-02 12:11:57,742 - INFO - Thread 13536 - Sessão 3 - Verificando link com texto: 1470,63
2025-05-02 12:11:57,742 - INFO - Thread 35520 - Sessão 1 - Verificando link com texto: 20/10/24
2025-05-02 12:11:57,742 - INFO - Thread 4480 - Sessão 2 - Verificando link com texto: 1010413641816
2025-05-02 12:11:57,743 - INFO - Thread 13536 - Sessão 3 - Verificando link com texto: 0CIX1
2025-05-02 12:11:57,743 - INFO - Thread 13536 - Sessão 3 - Verificando link com texto: 49.086.988 LUAN DE SOUSA FREIRE SINTICLEPEMP
2025-05-02 12:11:57,743 - INFO - Thread 35520 - Sessão 1 - Verificando link com texto: 924,41
2025-05-02 12:11:57,744 - INFO - Thread 35520 - Sessão 1 - Verificando link com texto: 0DTY7
2025-05-02 12:11:57,744 - INFO - Thread 35520 - Sessão 1 - Verificando link com texto: 37.233.759 MARIA GENEROZA H SECUNDES SINTICLEPEMP
2025-05-02 12:11:57,744 - INFO - Thread 35520 - Sessão 1 - Verificando link com texto: 28141000021814795
2025-05-02 12:11:57,744 - INFO - Thread 35520 - Sessão 1 - Verificando link com texto: 20/09/24
2025-05-02 12:11:57,744 - INFO - Thread 35520 - Sessão 1 - Verificando link com texto: 924,41
2025-05-02 12:11:57,744 - INFO - Thread 35520 - Sessão 1 - Verificando link com texto: 0DTY7
2025-05-02 12:11:57,743 - INFO - Thread 4480 - Sessão 2 - Verificando link com texto: 20/06/24
2025-05-02 12:11:57,744 - INFO - Thread 35520 - Sessão 1 - Verificando link com texto: 37.233.759 MARIA GENEROZA H SECUNDES SINTICLEPEMP
2025-05-02 12:11:57,744 - INFO - Thread 4480 - Sessão 2 - Verificando link com texto: 840,36
2025-05-02 12:11:57,745 - INFO - Thread 35520 - Sessão 1 - Verificando link com texto: 28141000021787832
2025-05-02 12:11:57,745 - INFO - Thread 4480 - Sessão 2 - Verificando link com texto: 0CPDD
2025-05-02 12:11:57,744 - INFO - Thread 13536 - Sessão 3 - Verificando link com texto: 1010468970790
2025-05-02 12:11:57,745 - INFO - Thread 35520 - Sessão 1 - Verificando link com texto: 20/08/24
2025-05-02 12:11:57,746 - INFO - Thread 4480 - Sessão 2 - Verificando link com texto: 44.537.597 EVANIA FERREIRA DA SILVA SINTICLEPEMP
2025-05-02 12:11:57,746 - INFO - Thread 13536 - Sessão 3 - Verificando link com texto: 20/11/24
2025-05-02 12:11:57,746 - INFO - Thread 35520 - Sessão 1 - Verificando link com texto: 924,41
2025-05-02 12:11:57,746 - INFO - Thread 4480 - Sessão 2 - Verificando link com texto: 1010402394405
2025-05-02 12:11:57,747 - INFO - Thread 13536 - Sessão 3 - Verificando link com texto: 1470,63
2025-05-02 12:11:57,747 - INFO - Thread 35520 - Sessão 1 - Verificando link com texto: 0DTY7
2025-05-02 12:11:57,747 - INFO - Thread 4480 - Sessão 2 - Verificando link com texto: 20/05/24
2025-05-02 12:11:57,748 - INFO - Thread 13536 - Sessão 3 - Verificando link com texto: 0CIX1
2025-05-02 12:11:57,748 - INFO - Thread 35520 - Sessão 1 - Verificando link com texto: 37.233.759 MARIA GENEROZA H SECUNDES SINTICLEPEMP
2025-05-02 12:11:57,748 - INFO - Thread 4480 - Sessão 2 - Verificando link com texto: 894,8
2025-05-02 12:11:57,749 - INFO - Thread 13536 - Sessão 3 - Verificando link com texto: 49.086.988 LUAN DE SOUSA FREIRE SINTICLEPEMP
2025-05-02 12:11:57,749 - INFO - Thread 35520 - Sessão 1 - Verificando link com texto: 28141000021761826
2025-05-02 12:11:57,749 - INFO - Thread 4480 - Sessão 2 - Verificando link com texto: 0CPDD
2025-05-02 12:11:57,749 - INFO - Thread 13536 - Sessão 3 - Verificando link com texto: 1010461018392
2025-05-02 12:11:57,750 - INFO - Thread 35520 - Sessão 1 - Verificando link com texto: 20/07/24
2025-05-02 12:11:57,750 - INFO - Thread 4480 - Sessão 2 - Verificando link com texto: 44.537.597 EVANIA FERREIRA DA SILVA SINTICLEPEMP
2025-05-02 12:11:57,750 - INFO - Thread 13536 - Sessão 3 - Verificando link com texto: 20/10/24
2025-05-02 12:11:57,751 - INFO - Thread 35520 - Sessão 1 - Verificando link com texto: 924,41
2025-05-02 12:11:57,751 - INFO - Thread 4480 - Sessão 2 - Verificando link com texto: 1010393542621
2025-05-02 12:11:57,751 - INFO - Thread 13536 - Sessão 3 - Verificando link com texto: 1470,63
2025-05-02 12:11:57,751 - INFO - Thread 35520 - Sessão 1 - Verificando link com texto: 0DTY7
2025-05-02 12:11:57,751 - INFO - Thread 4480 - Sessão 2 - Verificando link com texto: 20/04/24
2025-05-02 12:11:57,752 - INFO - Thread 13536 - Sessão 3 - Verificando link com texto: 0CIX1
2025-05-02 12:11:57,752 - INFO - Thread 13536 - Sessão 3 - Verificando link com texto: 49.086.988 LUAN DE SOUSA FREIRE SINTICLEPEMP
2025-05-02 12:11:57,752 - INFO - Thread 4480 - Sessão 2 - Verificando link com texto: 771
2025-05-02 12:11:57,752 - INFO - Thread 35520 - Sessão 1 - Verificando link com texto: 37.233.759 MARIA GENEROZA H SECUNDES SINTICLEPEMP
2025-05-02 12:11:57,753 - INFO - Thread 13536 - Sessão 3 - Verificando link com texto: 1010447316861
2025-05-02 12:11:57,753 - INFO - Thread 4480 - Sessão 2 - Verificando link com texto: 0CPDD
2025-05-02 12:11:57,753 - INFO - Thread 35520 - Sessão 1 - Verificando link com texto: 28141000021732486
2025-05-02 12:11:57,753 - INFO - Thread 13536 - Sessão 3 - Verificando link com texto: 20/09/24
2025-05-02 12:11:57,753 - INFO - Thread 4480 - Sessão 2 - Verificando link com texto: 44.537.597 EVANIA FERREIRA DA SILVA SINTICLEPEMP
2025-05-02 12:11:57,754 - INFO - Thread 35520 - Sessão 1 - Verificando link com texto: 20/06/24
2025-05-02 12:11:57,754 - INFO - Thread 13536 - Sessão 3 - Verificando link com texto: 1470,63
2025-05-02 12:11:57,754 - INFO - Thread 4480 - Sessão 2 - Verificando link com texto: 1010380493481
2025-05-02 12:11:57,754 - INFO - Thread 35520 - Sessão 1 - Verificando link com texto: 924,41
2025-05-02 12:11:57,755 - INFO - Thread 13536 - Sessão 3 - Verificando link com texto: 0CIX1
2025-05-02 12:11:57,755 - INFO - Thread 4480 - Sessão 2 - Verificando link com texto: 20/03/24
2025-05-02 12:11:57,755 - INFO - Thread 35520 - Sessão 1 - Verificando link com texto: 0DTY7
2025-05-02 12:11:57,755 - INFO - Thread 13536 - Sessão 3 - Verificando link com texto: 49.086.988 LUAN DE SOUSA FREIRE SINTICLEPEMP
2025-05-02 12:11:57,756 - INFO - Thread 4480 - Sessão 2 - Verificando link com texto: 771
2025-05-02 12:11:57,756 - INFO - Thread 35520 - Sessão 1 - Verificando link com texto: 37.233.759 MARIA GENEROZA H SECUNDES SINTICLEPEMP
2025-05-02 12:11:57,756 - INFO - Thread 13536 - Sessão 3 - Verificando link com texto: 1010435252200
2025-05-02 12:11:57,757 - INFO - Thread 4480 - Sessão 2 - Verificando link com texto: 0CPDD
2025-05-02 12:11:57,757 - INFO - Thread 35520 - Sessão 1 - Verificando link com texto: 28141000021704712
2025-05-02 12:11:57,757 - INFO - Thread 13536 - Sessão 3 - Verificando link com texto: 20/08/24
2025-05-02 12:11:57,757 - INFO - Thread 4480 - Sessão 2 - Verificando link com texto: 44.537.597 EVANIA FERREIRA DA SILVA SINTICLEPEMP
2025-05-02 12:11:57,758 - INFO - Thread 35520 - Sessão 1 - Verificando link com texto: 20/05/24
2025-05-02 12:11:57,758 - INFO - Thread 13536 - Sessão 3 - Verificando link com texto: 1470,63
2025-05-02 12:11:57,758 - INFO - Thread 4480 - Sessão 2 - Verificando link com texto: 1010368370200
2025-05-02 12:11:57,758 - INFO - Thread 35520 - Sessão 1 - Verificando link com texto: 984,3
2025-05-02 12:11:57,758 - INFO - Thread 13536 - Sessão 3 - Verificando link com texto: 0CIX1
2025-05-02 12:11:57,759 - INFO - Thread 4480 - Sessão 2 - Verificando link com texto: 20/02/24
2025-05-02 12:11:57,759 - INFO - Thread 35520 - Sessão 1 - Verificando link com texto: 0DTY7
2025-05-02 12:11:57,759 - INFO - Thread 13536 - Sessão 3 - Verificando link com texto: 49.086.988 LUAN DE SOUSA FREIRE SINTICLEPEMP
2025-05-02 12:11:57,760 - INFO - Thread 13536 - Sessão 3 - Verificando link com texto: 1010425800329
2025-05-02 12:11:57,759 - INFO - Thread 35520 - Sessão 1 - Verificando link com texto: 37.233.759 MARIA GENEROZA H SECUNDES SINTICLEPEMP
2025-05-02 12:11:57,759 - INFO - Thread 4480 - Sessão 2 - Verificando link com texto: 924,72
2025-05-02 12:11:57,762 - INFO - Thread 13536 - Sessão 3 - Verificando link com texto: 20/07/24
2025-05-02 12:11:57,763 - INFO - Thread 35520 - Sessão 1 - Verificando link com texto: 28141000021679898
2025-05-02 12:11:57,763 - INFO - Thread 4480 - Sessão 2 - Verificando link com texto: 0CPDD
2025-05-02 12:11:57,764 - INFO - Thread 13536 - Sessão 3 - Verificando link com texto: 1470,63
2025-05-02 12:11:57,764 - INFO - Thread 35520 - Sessão 1 - Verificando link com texto: 20/04/24
2025-05-02 12:11:57,765 - INFO - Thread 4480 - Sessão 2 - Verificando link com texto: 44.537.597 EVANIA FERREIRA DA SILVA SINTICLEPEMP
2025-05-02 12:11:57,765 - INFO - Thread 13536 - Sessão 3 - Verificando link com texto: 0CIX1
2025-05-02 12:11:57,765 - INFO - Thread 35520 - Sessão 1 - Verificando link com texto: 848,1
2025-05-02 12:11:57,765 - INFO - Thread 4480 - Sessão 2 - Verificando link com texto: 1010360940555
2025-05-02 12:11:57,766 - INFO - Thread 13536 - Sessão 3 - Verificando link com texto: 49.086.988 LUAN DE SOUSA FREIRE SINTICLEPEMP
2025-05-02 12:11:57,766 - INFO - Thread 35520 - Sessão 1 - Verificando link com texto: 0DTY7
2025-05-02 12:11:57,766 - INFO - Thread 4480 - Sessão 2 - Verificando link com texto: 20/01/24
2025-05-02 12:11:57,767 - INFO - Thread 13536 - Sessão 3 - Verificando link com texto: 1010413639420
2025-05-02 12:11:57,767 - INFO - Thread 35520 - Sessão 1 - Verificando link com texto: 37.233.759 MARIA GENEROZA H SECUNDES SINTICLEPEMP
2025-05-02 12:11:57,767 - INFO - Thread 4480 - Sessão 2 - Verificando link com texto: 771
2025-05-02 12:11:57,768 - INFO - Thread 13536 - Sessão 3 - Verificando link com texto: 20/06/24
2025-05-02 12:11:57,768 - INFO - Thread 35520 - Sessão 1 - Verificando link com texto: 28141000021651692
2025-05-02 12:11:57,768 - INFO - Thread 4480 - Sessão 2 - Verificando link com texto: 0CPDD
2025-05-02 12:11:57,769 - INFO - Thread 13536 - Sessão 3 - Verificando link com texto: 1470,63
2025-05-02 12:11:57,769 - INFO - Thread 35520 - Sessão 1 - Verificando link com texto: 20/03/24
2025-05-02 12:11:57,769 - INFO - Thread 4480 - Sessão 2 - Verificando link com texto: 44.537.597 EVANIA FERREIRA DA SILVA SINTICLEPEMP
2025-05-02 12:11:57,769 - INFO - Thread 13536 - Sessão 3 - Verificando link com texto: 0CIX1
2025-05-02 12:11:57,770 - INFO - Thread 35520 - Sessão 1 - Verificando link com texto: 848,1
2025-05-02 12:11:57,770 - INFO - Thread 4480 - Sessão 2 - Verificando link com texto: 1010347715349
2025-05-02 12:11:57,770 - INFO - Thread 13536 - Sessão 3 - Verificando link com texto: 49.086.988 LUAN DE SOUSA FREIRE SINTICLEPEMP
2025-05-02 12:11:57,770 - INFO - Thread 35520 - Sessão 1 - Verificando link com texto: 0DTY7
2025-05-02 12:11:57,771 - INFO - Thread 4480 - Sessão 2 - Verificando link com texto: 20/12/23
2025-05-02 12:11:57,771 - INFO - Thread 13536 - Sessão 3 - Verificando link com texto: 1010402391970
2025-05-02 12:11:57,771 - INFO - Thread 35520 - Sessão 1 - Verificando link com texto: 37.233.759 MARIA GENEROZA H SECUNDES SINTICLEPEMP
2025-05-02 12:11:57,771 - INFO - Thread 4480 - Sessão 2 - Verificando link com texto: 1119
2025-05-02 12:11:57,772 - INFO - Thread 13536 - Sessão 3 - Verificando link com texto: 20/05/24
2025-05-02 12:11:57,772 - INFO - Thread 35520 - Sessão 1 - Verificando link com texto: 28141000021624463
2025-05-02 12:11:57,772 - INFO - Thread 4480 - Sessão 2 - Verificando link com texto: 0CPDD
2025-05-02 12:11:57,773 - INFO - Thread 13536 - Sessão 3 - Verificando link com texto: 1565,9
2025-05-02 12:11:57,773 - INFO - Thread 35520 - Sessão 1 - Verificando link com texto: 20/02/24
2025-05-02 12:11:57,773 - INFO - Thread 4480 - Sessão 2 - Verificando link com texto: 44.537.597 EVANIA FERREIRA DA SILVA SINTICLEPEMP
2025-05-02 12:11:57,773 - INFO - Thread 13536 - Sessão 3 - Verificando link com texto: 0CIX1
2025-05-02 12:11:57,774 - INFO - Thread 35520 - Sessão 1 - Verificando link com texto: 1017,2
2025-05-02 12:11:57,774 - INFO - Thread 4480 - Sessão 2 - Verificando link com texto: 1010336992508
2025-05-02 12:11:57,774 - INFO - Thread 13536 - Sessão 3 - Verificando link com texto: 49.086.988 LUAN DE SOUSA FREIRE SINTICLEPEMP
2025-05-02 12:11:57,775 - INFO - Thread 35520 - Sessão 1 - Verificando link com texto: 0DTY7
2025-05-02 12:11:57,775 - INFO - Thread 4480 - Sessão 2 - Verificando link com texto: 20/11/23
2025-05-02 12:11:57,775 - INFO - Thread 13536 - Sessão 3 - Verificando link com texto: 1010393540041
2025-05-02 12:11:57,775 - INFO - Thread 35520 - Sessão 1 - Verificando link com texto: 37.233.759 MARIA GENEROZA H SECUNDES SINTICLEPEMP
2025-05-02 12:11:57,776 - INFO - Thread 4480 - Sessão 2 - Verificando link com texto: 385,5
2025-05-02 12:11:57,776 - INFO - Thread 13536 - Sessão 3 - Verificando link com texto: 20/04/24
2025-05-02 12:11:57,778 - INFO - Thread 13536 - Sessão 3 - Verificando link com texto: 1349,25
2025-05-02 12:11:57,778 - INFO - Thread 13536 - Sessão 3 - Verificando link com texto: 0CIX1
2025-05-02 12:11:57,778 - INFO - Thread 13536 - Sessão 3 - Verificando link com texto: 49.086.988 LUAN DE SOUSA FREIRE SINTICLEPEMP
2025-05-02 12:11:57,779 - INFO - Thread 13536 - Sessão 3 - Verificando link com texto: 1010380490717
2025-05-02 12:11:57,779 - INFO - Thread 13536 - Sessão 3 - Verificando link com texto: 20/03/24
2025-05-02 12:11:57,777 - INFO - Thread 35520 - Sessão 1 - Verificando link com texto: 28141000021604275
2025-05-02 12:11:57,777 - INFO - Thread 4480 - Sessão 2 - Verificando link com texto: 0CPDD
2025-05-02 12:11:57,780 - INFO - Thread 13536 - Sessão 3 - Verificando link com texto: 1349,25
2025-05-02 12:11:57,780 - INFO - Thread 35520 - Sessão 1 - Verificando link com texto: 20/01/24
2025-05-02 12:11:57,780 - INFO - Thread 4480 - Sessão 2 - Verificando link com texto: 44.537.597 EVANIA FERREIRA DA SILVA SINTICLEPEMP
2025-05-02 12:11:57,781 - INFO - Thread 13536 - Sessão 3 - Verificando link com texto: 0CIX1
2025-05-02 12:11:57,781 - INFO - Thread 35520 - Sessão 1 - Verificando link com texto: 848,1
2025-05-02 12:11:57,781 - INFO - Thread 4480 - Sessão 2 - Verificando link com texto: 1010326186835
2025-05-02 12:11:57,782 - INFO - Thread 13536 - Sessão 3 - Verificando link com texto: 49.086.988 LUAN DE SOUSA FREIRE SINTICLEPEMP
2025-05-02 12:11:57,782 - INFO - Thread 35520 - Sessão 1 - Verificando link com texto: 0DTY7
2025-05-02 12:11:57,782 - INFO - Thread 4480 - Sessão 2 - Verificando link com texto: 20/10/23
2025-05-02 12:11:57,783 - INFO - Thread 13536 - Sessão 3 - Verificando link com texto: 1010368367099
2025-05-02 12:11:57,783 - INFO - Thread 35520 - Sessão 1 - Verificando link com texto: 37.233.759 MARIA GENEROZA H SECUNDES SINTICLEPEMP
2025-05-02 12:11:57,783 - INFO - Thread 4480 - Sessão 2 - Verificando link com texto: 385,5
2025-05-02 12:11:57,783 - INFO - Thread 13536 - Sessão 3 - Verificando link com texto: 20/02/24
2025-05-02 12:11:57,783 - INFO - Thread 35520 - Sessão 1 - Verificando link com texto: 28141000021573441
2025-05-02 12:11:57,784 - INFO - Thread 4480 - Sessão 2 - Verificando link com texto: 0CPDD
2025-05-02 12:11:57,784 - INFO - Thread 13536 - Sessão 3 - Verificando link com texto: 1618,26
2025-05-02 12:11:57,784 - INFO - Thread 35520 - Sessão 1 - Verificando link com texto: 20/12/23
2025-05-02 12:11:57,784 - INFO - Thread 4480 - Sessão 2 - Verificando link com texto: 44.537.597 EVANIA FERREIRA DA SILVA SINTICLEPEMP
2025-05-02 12:11:57,784 - INFO - Thread 13536 - Sessão 3 - Verificando link com texto: 0CIX1
2025-05-02 12:11:57,785 - INFO - Thread 35520 - Sessão 1 - Verificando link com texto: 848,1
2025-05-02 12:11:57,785 - INFO - Thread 4480 - Sessão 2 - Verificando link com texto: 1010314586698
2025-05-02 12:11:57,785 - INFO - Thread 13536 - Sessão 3 - Verificando link com texto: 49.086.988 LUAN DE SOUSA FREIRE SINTICLEPEMP
2025-05-02 12:11:57,786 - INFO - Thread 35520 - Sessão 1 - Verificando link com texto: 0DTY7
2025-05-02 12:11:57,786 - INFO - Thread 4480 - Sessão 2 - Verificando link com texto: 20/09/23
2025-05-02 12:11:57,786 - INFO - Thread 13536 - Sessão 3 - Verificando link com texto: 1010360937376
2025-05-02 12:11:57,786 - INFO - Thread 35520 - Sessão 1 - Verificando link com texto: 37.233.759 MARIA GENEROZA H SECUNDES SINTICLEPEMP
2025-05-02 12:11:57,786 - INFO - Thread 4480 - Sessão 2 - Verificando link com texto: 385,5
2025-05-02 12:11:57,787 - INFO - Thread 13536 - Sessão 3 - Verificando link com texto: 20/01/24
2025-05-02 12:11:57,787 - INFO - Thread 35520 - Sessão 1 - Verificando link com texto: 28141000021545594
2025-05-02 12:11:57,787 - INFO - Thread 4480 - Sessão 2 - Verificando link com texto: 0CPDD
2025-05-02 12:11:57,787 - INFO - Thread 13536 - Sessão 3 - Verificando link com texto: 1349,25
2025-05-02 12:11:57,788 - INFO - Thread 35520 - Sessão 1 - Verificando link com texto: 20/11/23
2025-05-02 12:11:57,788 - INFO - Thread 4480 - Sessão 2 - Verificando link com texto: 44.537.597 EVANIA FERREIRA DA SILVA SINTICLEPEMP
2025-05-02 12:11:57,788 - INFO - Thread 13536 - Sessão 3 - Verificando link com texto: 0CIX1
2025-05-02 12:11:57,788 - INFO - Thread 35520 - Sessão 1 - Verificando link com texto: 848,1
2025-05-02 12:11:57,789 - INFO - Thread 4480 - Sessão 2 - Verificando link com texto: 1010304987894
2025-05-02 12:11:57,789 - INFO - Thread 13536 - Sessão 3 - Verificando link com texto: 49.086.988 LUAN DE SOUSA FREIRE SINTICLEPEMP
2025-05-02 12:11:57,789 - INFO - Thread 35520 - Sessão 1 - Verificando link com texto: 0DTY7
2025-05-02 12:11:57,789 - INFO - Thread 4480 - Sessão 2 - Verificando link com texto: 20/08/23
2025-05-02 12:11:57,790 - INFO - Thread 13536 - Sessão 3 - Verificando link com texto: 1010347712110
2025-05-02 12:11:57,790 - INFO - Thread 35520 - Sessão 1 - Verificando link com texto: 37.233.759 MARIA GENEROZA H SECUNDES SINTICLEPEMP
2025-05-02 12:11:57,790 - INFO - Thread 4480 - Sessão 2 - Verificando link com texto: 385,5
2025-05-02 12:11:57,790 - INFO - Thread 13536 - Sessão 3 - Verificando link com texto: 20/12/23
2025-05-02 12:11:57,791 - INFO - Thread 35520 - Sessão 1 - Verificando link com texto: 28141000021519067
2025-05-02 12:11:57,791 - INFO - Thread 4480 - Sessão 2 - Verificando link com texto: 0CPDD
2025-05-02 12:11:57,791 - INFO - Thread 13536 - Sessão 3 - Verificando link com texto: 1349,25
2025-05-02 12:11:57,791 - INFO - Thread 35520 - Sessão 1 - Verificando link com texto: 20/10/23
2025-05-02 12:11:57,792 - INFO - Thread 4480 - Sessão 2 - Verificando link com texto: 44.537.597 EVANIA FERREIRA DA SILVA SINTICLEPEMP
2025-05-02 12:11:57,792 - INFO - Thread 13536 - Sessão 3 - Verificando link com texto: 0CIX1
2025-05-02 12:11:57,792 - INFO - Thread 35520 - Sessão 1 - Verificando link com texto: 848,1
2025-05-02 12:11:57,792 - INFO - Thread 4480 - Sessão 2 - Verificando link com texto: 1010293090087
2025-05-02 12:11:57,793 - INFO - Thread 13536 - Sessão 3 - Verificando link com texto: 49.086.988 LUAN DE SOUSA FREIRE SINTICLEPEMP
2025-05-02 12:11:57,793 - INFO - Thread 35520 - Sessão 1 - Verificando link com texto: 0DTY7
2025-05-02 12:11:57,794 - INFO - Thread 4480 - Sessão 2 - Verificando link com texto: 20/07/23
2025-05-02 12:11:57,794 - INFO - Thread 4480 - Sessão 2 - Verificando link com texto: 385,5
2025-05-02 12:11:57,795 - INFO - Thread 35520 - Sessão 1 - Verificando link com texto: 37.233.759 MARIA GENEROZA H SECUNDES SINTICLEPEMP
2025-05-02 12:11:57,796 - INFO - Thread 13536 - Sessão 3 - Verificando link com texto: 1010336989175
2025-05-02 12:11:57,796 - INFO - Thread 4480 - Sessão 2 - Verificando link com texto: 0CPDD
2025-05-02 12:11:57,796 - INFO - Thread 35520 - Sessão 1 - Verificando link com texto: 28141000021488753
2025-05-02 12:11:57,796 - INFO - Thread 13536 - Sessão 3 - Verificando link com texto: 20/11/23
2025-05-02 12:11:57,797 - INFO - Thread 4480 - Sessão 2 - Verificando link com texto: 44.537.597 EVANIA FERREIRA DA SILVA SINTICLEPEMP
2025-05-02 12:11:57,797 - INFO - Thread 35520 - Sessão 1 - Verificando link com texto: 20/09/23
2025-05-02 12:11:57,797 - INFO - Thread 4480 - Sessão 2 - Verificando link com texto: 1010282597096
2025-05-02 12:11:57,797 - INFO - Thread 13536 - Sessão 3 - Verificando link com texto: 1349,25
2025-05-02 12:11:57,797 - INFO - Thread 35520 - Sessão 1 - Verificando link com texto: 848,1
2025-05-02 12:11:57,798 - INFO - Thread 4480 - Sessão 2 - Verificando link com texto: 20/06/23
2025-05-02 12:11:57,798 - INFO - Thread 13536 - Sessão 3 - Verificando link com texto: 0CIX1
2025-05-02 12:11:57,798 - INFO - Thread 35520 - Sessão 1 - Verificando link com texto: 0DTY7
2025-05-02 12:11:57,798 - INFO - Thread 4480 - Sessão 2 - Verificando link com texto: 385,5
2025-05-02 12:11:57,798 - INFO - Thread 13536 - Sessão 3 - Verificando link com texto: 49.086.988 LUAN DE SOUSA FREIRE SINTICLEPEMP
2025-05-02 12:11:57,799 - INFO - Thread 35520 - Sessão 1 - Verificando link com texto: 37.233.759 MARIA GENEROZA H SECUNDES SINTICLEPEMP
2025-05-02 12:11:57,799 - INFO - Thread 4480 - Sessão 2 - Verificando link com texto: 0CPDD
2025-05-02 12:11:57,799 - INFO - Thread 13536 - Sessão 3 - Verificando link com texto: 1010326183488
2025-05-02 12:11:57,799 - INFO - Thread 35520 - Sessão 1 - Verificando link com texto: 28141000021463491
2025-05-02 12:11:57,799 - INFO - Thread 4480 - Sessão 2 - Verificando link com texto: 44.537.597 EVANIA FERREIRA DA SILVA SINTICLEPEMP
2025-05-02 12:11:57,800 - INFO - Thread 13536 - Sessão 3 - Verificando link com texto: 20/10/23
2025-05-02 12:11:57,800 - INFO - Thread 35520 - Sessão 1 - Verificando link com texto: 20/08/23
2025-05-02 12:11:57,800 - INFO - Thread 4480 - Sessão 2 - Verificando link com texto: 1010272478817
2025-05-02 12:11:57,800 - INFO - Thread 13536 - Sessão 3 - Verificando link com texto: 2199,45
2025-05-02 12:11:57,801 - INFO - Thread 35520 - Sessão 1 - Verificando link com texto: 848,1
2025-05-02 12:11:57,801 - INFO - Thread 4480 - Sessão 2 - Verificando link com texto: 20/05/23
2025-05-02 12:11:57,801 - INFO - Thread 13536 - Sessão 3 - Verificando link com texto: 0CIX1
2025-05-02 12:11:57,801 - INFO - Thread 35520 - Sessão 1 - Verificando link com texto: 0DTY7
2025-05-02 12:11:57,802 - INFO - Thread 4480 - Sessão 2 - Verificando link com texto: 472,34
2025-05-02 12:11:57,802 - INFO - Thread 13536 - Sessão 3 - Verificando link com texto: 49.086.988 LUAN DE SOUSA FREIRE SINTICLEPEMP
2025-05-02 12:11:57,802 - INFO - Thread 35520 - Sessão 1 - Verificando link com texto: 37.233.759 MARIA GENEROZA H SECUNDES SINTICLEPEMP
2025-05-02 12:11:57,802 - INFO - Thread 4480 - Sessão 2 - Verificando link com texto: 0CPDD
2025-05-02 12:11:57,802 - INFO - Thread 13536 - Sessão 3 - Verificando link com texto: 1010314583281
2025-05-02 12:11:57,803 - INFO - Thread 35520 - Sessão 1 - Verificando link com texto: 28141000021434148
2025-05-02 12:11:57,803 - INFO - Thread 4480 - Sessão 2 - Verificando link com texto: 44.537.597 EVANIA FERREIRA DA SILVA SINTICLEPEMP
2025-05-02 12:11:57,803 - INFO - Thread 13536 - Sessão 3 - Verificando link com texto: 20/09/23
2025-05-02 12:11:57,803 - INFO - Thread 35520 - Sessão 1 - Verificando link com texto: 10/07/23
2025-05-02 12:11:57,803 - INFO - Thread 4480 - Sessão 2 - Verificando link com texto: 1010262056650
2025-05-02 12:11:57,804 - INFO - Thread 13536 - Sessão 3 - Verificando link com texto: 578,25
2025-05-02 12:11:57,804 - INFO - Thread 35520 - Sessão 1 - Verificando link com texto: 848,1
2025-05-02 12:11:57,805 - INFO - Thread 35520 - Sessão 1 - Verificando link com texto: 0DTY7
2025-05-02 12:11:57,805 - INFO - Thread 13536 - Sessão 3 - Verificando link com texto: 0CIX1
2025-05-02 12:11:57,804 - INFO - Thread 4480 - Sessão 2 - Verificando link com texto: 20/04/23
2025-05-02 12:11:57,805 - INFO - Thread 35520 - Sessão 1 - Verificando link com texto: 37.233.759 MARIA GENEROZA H SECUNDES SINTICLEPEMP
2025-05-02 12:11:57,805 - INFO - Thread 13536 - Sessão 3 - Verificando link com texto: 49.086.988 LUAN DE SOUSA FREIRE SINTICLEPEMP
2025-05-02 12:11:57,805 - INFO - Thread 4480 - Sessão 2 - Verificando link com texto: 344,2
2025-05-02 12:11:57,806 - INFO - Thread 35520 - Sessão 1 - Verificando link com texto: 28141000021423401
2025-05-02 12:11:57,806 - INFO - Thread 13536 - Sessão 3 - Verificando link com texto: 1010304984364
2025-05-02 12:11:57,806 - INFO - Thread 4480 - Sessão 2 - Verificando link com texto: 0CPDD
2025-05-02 12:11:57,806 - INFO - Thread 35520 - Sessão 1 - Verificando link com texto: 10/06/23
2025-05-02 12:11:57,807 - INFO - Thread 13536 - Sessão 3 - Verificando link com texto: 20/08/23
2025-05-02 12:11:57,807 - INFO - Thread 4480 - Sessão 2 - Verificando link com texto: 44.537.597 EVANIA FERREIRA DA SILVA SINTICLEPEMP
2025-05-02 12:11:57,807 - INFO - Thread 35520 - Sessão 1 - Verificando link com texto: 927,3
2025-05-02 12:11:57,807 - INFO - Thread 13536 - Sessão 3 - Verificando link com texto: 578,25
2025-05-02 12:11:57,807 - INFO - Thread 4480 - Sessão 2 - Verificando link com texto: 28141000021153611
2025-05-02 12:11:57,808 - ERROR - Thread 35520 - Sessão 1 - Data de vencimento 20/5/25 não encontrada. Datas disponíveis: ['0DTY7', '37.233.759 MARIA GENEROZA H SECUNDES SINTICLEPEMP', '28141000021976197', '20/04/25', '1134,5', '0DTY7', '37.233.759 MARIA GENEROZA H SECUNDES SINTICLEPEMP', '28141000021956316', '20/03/25', '1134,5', '0DTY7', '37.233.759 MARIA GENEROZA H SECUNDES SINTICLEPEMP', '28141000021930377', '20/02/25', '1317,15', '0DTY7', '37.233.759 MARIA GENEROZA H SECUNDES SINTICLEPEMP', '28141000021908626', '20/01/25', '924,41', '0DTY7', '37.233.759 MARIA GENEROZA H SECUNDES SINTICLEPEMP', '28141000021887251', '20/12/24', '924,41', '0DTY7', '37.233.759 MARIA GENEROZA H SECUNDES SINTICLEPEMP', '28141000021864258', '20/11/24', '924,41', '0DTY7', '37.233.759 MARIA GENEROZA H SECUNDES SINTICLEPEMP', '28141000021842190', '20/10/24', '924,41', '0DTY7', '37.233.759 MARIA GENEROZA H SECUNDES SINTICLEPEMP', '28141000021814795', '20/09/24', '924,41', '0DTY7', '37.233.759 MARIA GENEROZA H SECUNDES SINTICLEPEMP', '28141000021787832', '20/08/24', '924,41', '0DTY7', '37.233.759 MARIA GENEROZA H SECUNDES SINTICLEPEMP', '28141000021761826', '20/07/24', '924,41', '0DTY7', '37.233.759 MARIA GENEROZA H SECUNDES SINTICLEPEMP', '28141000021732486', '20/06/24', '924,41', '0DTY7', '37.233.759 MARIA GENEROZA H SECUNDES SINTICLEPEMP', '28141000021704712', '20/05/24', '984,3', '0DTY7', '37.233.759 MARIA GENEROZA H SECUNDES SINTICLEPEMP', '28141000021679898', '20/04/24', '848,1', '0DTY7', '37.233.759 MARIA GENEROZA H SECUNDES SINTICLEPEMP', '28141000021651692', '20/03/24', '848,1', '0DTY7', '37.233.759 MARIA GENEROZA H SECUNDES SINTICLEPEMP', '28141000021624463', '20/02/24', '1017,2', '0DTY7', '37.233.759 MARIA GENEROZA H SECUNDES SINTICLEPEMP', '28141000021604275', '20/01/24', '848,1', '0DTY7', '37.233.759 MARIA GENEROZA H SECUNDES SINTICLEPEMP', '28141000021573441', '20/12/23', '848,1', '0DTY7', '37.233.759 MARIA GENEROZA H SECUNDES SINTICLEPEMP', '28141000021545594', '20/11/23', '848,1', '0DTY7', '37.233.759 MARIA GENEROZA H SECUNDES SINTICLEPEMP', '28141000021519067', '20/10/23', '848,1', '0DTY7', '37.233.759 MARIA GENEROZA H SECUNDES SINTICLEPEMP', '28141000021488753', '20/09/23', '848,1', '0DTY7', '37.233.759 MARIA GENEROZA H SECUNDES SINTICLEPEMP', '28141000021463491', '20/08/23', '848,1', '0DTY7', '37.233.759 MARIA GENEROZA H SECUNDES SINTICLEPEMP', '28141000021434148', '10/07/23', '848,1', '0DTY7', '37.233.759 MARIA GENEROZA H SECUNDES SINTICLEPEMP', '28141000021423401', '10/06/23', '927,3']
2025-05-02 12:11:57,808 - INFO - Thread 13536 - Sessão 3 - Verificando link com texto: 0CIX1
2025-05-02 12:11:57,809 - INFO - Thread 4480 - Sessão 2 - Verificando link com texto: 20/03/23
2025-05-02 12:11:57,809 - INFO - Thread 13536 - Sessão 3 - Verificando link com texto: 49.086.988 LUAN DE SOUSA FREIRE SINTICLEPEMP
2025-05-02 12:11:57,810 - INFO - Thread 4480 - Sessão 2 - Verificando link com texto: 379,56
2025-05-02 12:11:57,810 - INFO - Thread 32288 - Progresso: 1/3 (33%)
2025-05-02 12:11:57,810 - INFO - Thread 13536 - Sessão 3 - Verificando link com texto: 1010293086403
2025-05-02 12:11:57,812 - ERROR - Thread 4480 - Sessão 2 - Data de vencimento 20/5/25 não encontrada. Datas disponíveis: ['0CPDD', '44.537.597 EVANIA FERREIRA DA SILVA SINTICLEPEMP', '1010526365865', '20/04/25', '840,36', '0CPDD', '44.537.597 EVANIA FERREIRA DA SILVA SINTICLEPEMP', '1010517416100', '20/03/25', '840,36', '0CPDD', '44.537.597 EVANIA FERREIRA DA SILVA SINTICLEPEMP', '1010502973008', '20/02/25', '840,36', '0CPDD', '44.537.597 EVANIA FERREIRA DA SILVA SINTICLEPEMP', '1010492577407', '20/01/25', '840,36', '0CPDD', '44.537.597 EVANIA FERREIRA DA SILVA SINTICLEPEMP', '1010481536674', '20/12/24', '840,36', '0CPDD', '44.537.597 EVANIA FERREIRA DA SILVA SINTICLEPEMP', '1010468973136', '20/11/24', '840,36', '0CPDD', '44.537.597 EVANIA FERREIRA DA SILVA SINTICLEPEMP', '1010461020753', '20/10/24', '840,36', '0CPDD', '44.537.597 EVANIA FERREIRA DA SILVA SINTICLEPEMP', '1010447319305', '20/09/24', '840,36', '0CPDD', '44.537.597 EVANIA FERREIRA DA SILVA SINTICLEPEMP', '1010435254645', '20/08/24', '840,36', '0CPDD', '44.537.597 EVANIA FERREIRA DA SILVA SINTICLEPEMP', '1010425802801', '20/07/24', '840,36', '0CPDD', '44.537.597 EVANIA FERREIRA DA SILVA SINTICLEPEMP', '1010413641816', '20/06/24', '840,36', '0CPDD', '44.537.597 EVANIA FERREIRA DA SILVA SINTICLEPEMP', '1010402394405', '20/05/24', '894,8', '0CPDD', '44.537.597 EVANIA FERREIRA DA SILVA SINTICLEPEMP', '1010393542621', '20/04/24', '771', '0CPDD', '44.537.597 EVANIA FERREIRA DA SILVA SINTICLEPEMP', '1010380493481', '20/03/24', '771', '0CPDD', '44.537.597 EVANIA FERREIRA DA SILVA SINTICLEPEMP', '1010368370200', '20/02/24', '924,72', '0CPDD', '44.537.597 EVANIA FERREIRA DA SILVA SINTICLEPEMP', '1010360940555', '20/01/24', '771', '0CPDD', '44.537.597 EVANIA FERREIRA DA SILVA SINTICLEPEMP', '1010347715349', '20/12/23', '1119', '0CPDD', '44.537.597 EVANIA FERREIRA DA SILVA SINTICLEPEMP', '1010336992508', '20/11/23', '385,5', '0CPDD', '44.537.597 EVANIA FERREIRA DA SILVA SINTICLEPEMP', '1010326186835', '20/10/23', '385,5', '0CPDD', '44.537.597 EVANIA FERREIRA DA SILVA SINTICLEPEMP', '1010314586698', '20/09/23', '385,5', '0CPDD', '44.537.597 EVANIA FERREIRA DA SILVA SINTICLEPEMP', '1010304987894', '20/08/23', '385,5', '0CPDD', '44.537.597 EVANIA FERREIRA DA SILVA SINTICLEPEMP', '1010293090087', '20/07/23', '385,5', '0CPDD', '44.537.597 EVANIA FERREIRA DA SILVA SINTICLEPEMP', '1010282597096', '20/06/23', '385,5', '0CPDD', '44.537.597 EVANIA FERREIRA DA SILVA SINTICLEPEMP', '1010272478817', '20/05/23', '472,34', '0CPDD', '44.537.597 EVANIA FERREIRA DA SILVA SINTICLEPEMP', '1010262056650', '20/04/23', '344,2', '0CPDD', '44.537.597 EVANIA FERREIRA DA SILVA SINTICLEPEMP', '28141000021153611', '20/03/23', '379,56']
2025-05-02 12:11:57,814 - INFO - Thread 13536 - Sessão 3 - Verificando link com texto: 20/07/23
2025-05-02 12:11:57,814 - INFO - Thread 13536 - Sessão 3 - Verificando link com texto: 578,25
2025-05-02 12:11:57,814 - INFO - Thread 32288 - Progresso: 2/3 (66%)
2025-05-02 12:11:57,814 - INFO - Thread 13536 - Sessão 3 - Verificando link com texto: 0CIX1
2025-05-02 12:11:57,815 - INFO - Thread 13536 - Sessão 3 - Verificando link com texto: 49.086.988 LUAN DE SOUSA FREIRE SINTICLEPEMP
2025-05-02 12:11:57,815 - INFO - Thread 13536 - Sessão 3 - Verificando link com texto: 1010282593325
2025-05-02 12:11:57,815 - INFO - Thread 13536 - Sessão 3 - Verificando link com texto: 20/06/23
2025-05-02 12:11:57,815 - INFO - Thread 13536 - Sessão 3 - Verificando link com texto: 578,25
2025-05-02 12:11:57,815 - INFO - Thread 13536 - Sessão 3 - Verificando link com texto: 0CIX1
2025-05-02 12:11:57,816 - INFO - Thread 13536 - Sessão 3 - Verificando link com texto: 49.086.988 LUAN DE SOUSA FREIRE SINTICLEPEMP
2025-05-02 12:11:57,816 - INFO - Thread 13536 - Sessão 3 - Verificando link com texto: 1010272474935
2025-05-02 12:11:57,816 - INFO - Thread 13536 - Sessão 3 - Verificando link com texto: 20/05/23
2025-05-02 12:11:57,816 - INFO - Thread 13536 - Sessão 3 - Verificando link com texto: 729,18
2025-05-02 12:11:57,816 - INFO - Thread 13536 - Sessão 3 - Verificando link com texto: 0CIX1
2025-05-02 12:11:57,816 - INFO - Thread 13536 - Sessão 3 - Verificando link com texto: 49.086.988 LUAN DE SOUSA FREIRE SINTICLEPEMP
2025-05-02 12:11:57,816 - INFO - Thread 13536 - Sessão 3 - Verificando link com texto: 1010262052990
2025-05-02 12:11:57,816 - INFO - Thread 13536 - Sessão 3 - Verificando link com texto: 20/04/23
2025-05-02 12:11:57,816 - INFO - Thread 13536 - Sessão 3 - Verificando link com texto: 614,29
2025-05-02 12:11:57,816 - INFO - Thread 13536 - Sessão 3 - Verificando link com texto: 0CIX1
2025-05-02 12:11:57,816 - INFO - Thread 13536 - Sessão 3 - Verificando link com texto: 49.086.988 LUAN DE SOUSA FREIRE SINTICLEPEMP
2025-05-02 12:11:57,817 - INFO - Thread 13536 - Sessão 3 - Verificando link com texto: 28141000020799519
2025-05-02 12:11:57,817 - INFO - Thread 13536 - Sessão 3 - Verificando link com texto: 20/03/23
2025-05-02 12:11:57,817 - INFO - Thread 13536 - Sessão 3 - Verificando link com texto: 643,44
2025-05-02 12:11:57,817 - ERROR - Thread 13536 - Sessão 3 - Data de vencimento 20/5/25 não encontrada. Datas disponíveis: ['0CIX1', '49.086.988 LUAN DE SOUSA FREIRE SINTICLEPEMP', '1010526363579', '20/04/25', '1470,63', '0CIX1', '49.086.988 LUAN DE SOUSA FREIRE SINTICLEPEMP', '1010517414018', '20/03/25', '1470,63', '0CIX1', '49.086.988 LUAN DE SOUSA FREIRE SINTICLEPEMP', '1010502970726', '20/02/25', '1470,63', '0CIX1', '49.086.988 LUAN DE SOUSA FREIRE SINTICLEPEMP', '1010492575129', '20/01/25', '1470,63', '0CIX1', '49.086.988 LUAN DE SOUSA FREIRE SINTICLEPEMP', '1010481534388', '20/12/24', '1470,63', '0CIX1', '49.086.988 LUAN DE SOUSA FREIRE SINTICLEPEMP', '1010468970790', '20/11/24', '1470,63', '0CIX1', '49.086.988 LUAN DE SOUSA FREIRE SINTICLEPEMP', '1010461018392', '20/10/24', '1470,63', '0CIX1', '49.086.988 LUAN DE SOUSA FREIRE SINTICLEPEMP', '1010447316861', '20/09/24', '1470,63', '0CIX1', '49.086.988 LUAN DE SOUSA FREIRE SINTICLEPEMP', '1010435252200', '20/08/24', '1470,63', '0CIX1', '49.086.988 LUAN DE SOUSA FREIRE SINTICLEPEMP', '1010425800329', '20/07/24', '1470,63', '0CIX1', '49.086.988 LUAN DE SOUSA FREIRE SINTICLEPEMP', '1010413639420', '20/06/24', '1470,63', '0CIX1', '49.086.988 LUAN DE SOUSA FREIRE SINTICLEPEMP', '1010402391970', '20/05/24', '1565,9', '0CIX1', '49.086.988 LUAN DE SOUSA FREIRE SINTICLEPEMP', '1010393540041', '20/04/24', '1349,25', '0CIX1', '49.086.988 LUAN DE SOUSA FREIRE SINTICLEPEMP', '1010380490717', '20/03/24', '1349,25', '0CIX1', '49.086.988 LUAN DE SOUSA FREIRE SINTICLEPEMP', '1010368367099', '20/02/24', '1618,26', '0CIX1', '49.086.988 LUAN DE SOUSA FREIRE SINTICLEPEMP', '1010360937376', '20/01/24', '1349,25', '0CIX1', '49.086.988 LUAN DE SOUSA FREIRE SINTICLEPEMP', '1010347712110', '20/12/23', '1349,25', '0CIX1', '49.086.988 LUAN DE SOUSA FREIRE SINTICLEPEMP', '1010336989175', '20/11/23', '1349,25', '0CIX1', '49.086.988 LUAN DE SOUSA FREIRE SINTICLEPEMP', '1010326183488', '20/10/23', '2199,45', '0CIX1', '49.086.988 LUAN DE SOUSA FREIRE SINTICLEPEMP', '1010314583281', '20/09/23', '578,25', '0CIX1', '49.086.988 LUAN DE SOUSA FREIRE SINTICLEPEMP', '1010304984364', '20/08/23', '578,25', '0CIX1', '49.086.988 LUAN DE SOUSA FREIRE SINTICLEPEMP', '1010293086403', '20/07/23', '578,25', '0CIX1', '49.086.988 LUAN DE SOUSA FREIRE SINTICLEPEMP', '1010282593325', '20/06/23', '578,25', '0CIX1', '49.086.988 LUAN DE SOUSA FREIRE SINTICLEPEMP', '1010272474935', '20/05/23', '729,18', '0CIX1', '49.086.988 LUAN DE SOUSA FREIRE SINTICLEPEMP', '1010262052990', '20/04/23', '614,29', '0CIX1', '49.086.988 LUAN DE SOUSA FREIRE SINTICLEPEMP', '28141000020799519', '20/03/23', '643,44']
2025-05-02 12:11:57,818 - INFO - Thread 32288 - Progresso: 3/3 (100%)
2025-05-02 12:11:57,852 - INFO - Thread 32288 - Status atualizados no Excel com sucesso
2025-05-02 12:11:57,852 - INFO - Thread 32288 - Extração de notas fiscais concluída
2025-05-02 12:11:57,853 - INFO - Thread 32288 - Subpasta vazia removida: C:\Users\chrys\OneDrive\Desktop\Site\downloads\driver_1
2025-05-02 12:11:57,854 - INFO - Thread 32288 - Subpasta vazia removida: C:\Users\chrys\OneDrive\Desktop\Site\downloads\driver_2
2025-05-02 12:11:57,854 - INFO - Thread 32288 - Subpasta vazia removida: C:\Users\chrys\OneDrive\Desktop\Site\downloads\driver_3
2025-05-02 12:11:57,854 - INFO - Thread 32288 - Subpasta vazia removida: C:\Users\chrys\OneDrive\Desktop\Site\downloads\driver_4
2025-05-02 12:11:57,855 - INFO - Thread 32288 - Subpasta vazia removida: C:\Users\chrys\OneDrive\Desktop\Site\downloads\driver_5
2025-05-02 12:11:57,855 - INFO - Thread 32288 - Subpasta vazia removida: C:\Users\chrys\OneDrive\Desktop\Site\downloads\driver_6
2025-05-02 12:11:57,856 - INFO - Thread 32288 - Subpasta vazia removida: C:\Users\chrys\OneDrive\Desktop\Site\downloads\driver_7
2025-05-02 12:11:57,856 - INFO - Thread 32288 - Subpasta vazia removida: C:\Users\chrys\OneDrive\Desktop\Site\downloads\driver_8
2025-05-02 12:11:57,858 - INFO - Thread 32288 - Sessão 1 fechada com sucesso
2025-05-02 12:11:57,859 - INFO - Thread 32288 - Sessão 2 fechada com sucesso
2025-05-02 12:11:57,863 - INFO - Thread 32288 - Sessão 3 fechada com sucesso
2025-05-02 12:11:57,863 - INFO - Thread 32288 - Sessão 4 fechada com sucesso
2025-05-02 12:11:57,863 - INFO - Thread 32288 - Sessão 5 fechada com sucesso
2025-05-02 12:11:57,863 - INFO - Thread 32288 - Sessão 6 fechada com sucesso
2025-05-02 12:11:57,863 - INFO - Thread 32288 - Sessão 7 fechada com sucesso
2025-05-02 12:11:57,864 - INFO - Thread 32288 - Sessão 8 fechada com sucesso
2025-05-02 12:11:57,864 - INFO - Thread 32288 - Extração de notas fiscais concluída. 26 notas geradas.
2025-05-02 12:18:55,996 - INFO - Thread 9996 - Iniciando extração de relatórios
2025-05-02 12:18:55,998 - INFO - Thread 9996 - Iniciando extração de relatórios Hapvida
2025-05-02 12:18:56,035 - INFO - Thread 9996 - Total de linhas a processar: 3
2025-05-02 12:18:56,036 - INFO - Thread 9996 - Pasta de downloads criada: C:\Users\chrys\OneDrive\Desktop\Site\downloads\driver_1
2025-05-02 12:18:56,036 - INFO - Thread 9996 - Sessão 1 configurada com sucesso
2025-05-02 12:18:56,037 - INFO - Thread 9996 - Pasta de downloads criada: C:\Users\chrys\OneDrive\Desktop\Site\downloads\driver_2
2025-05-02 12:18:56,037 - INFO - Thread 9996 - Sessão 2 configurada com sucesso
2025-05-02 12:18:56,038 - INFO - Thread 9996 - Pasta de downloads criada: C:\Users\chrys\OneDrive\Desktop\Site\downloads\driver_3
2025-05-02 12:18:56,038 - INFO - Thread 9996 - Sessão 3 configurada com sucesso
2025-05-02 12:18:56,038 - INFO - Thread 9996 - Pasta de downloads criada: C:\Users\chrys\OneDrive\Desktop\Site\downloads\driver_4
2025-05-02 12:18:56,039 - INFO - Thread 9996 - Sessão 4 configurada com sucesso
2025-05-02 12:18:56,039 - INFO - Thread 9996 - Pasta de downloads criada: C:\Users\chrys\OneDrive\Desktop\Site\downloads\driver_5
2025-05-02 12:18:56,040 - INFO - Thread 9996 - Sessão 5 configurada com sucesso
2025-05-02 12:18:56,040 - INFO - Thread 9996 - Pasta de downloads criada: C:\Users\chrys\OneDrive\Desktop\Site\downloads\driver_6
2025-05-02 12:18:56,040 - INFO - Thread 9996 - Sessão 6 configurada com sucesso
2025-05-02 12:18:56,041 - INFO - Thread 9996 - Pasta de downloads criada: C:\Users\chrys\OneDrive\Desktop\Site\downloads\driver_7
2025-05-02 12:18:56,041 - INFO - Thread 9996 - Sessão 7 configurada com sucesso
2025-05-02 12:18:56,042 - INFO - Thread 9996 - Pasta de downloads criada: C:\Users\chrys\OneDrive\Desktop\Site\downloads\driver_8
2025-05-02 12:18:56,042 - INFO - Thread 9996 - Sessão 8 configurada com sucesso
2025-05-02 12:18:56,046 - INFO - Thread 21728 - Sessão 1 - Iniciando login para CNPJ: 37233759000124
2025-05-02 12:18:56,047 - INFO - Thread 17332 - Sessão 2 - Iniciando login para CNPJ: 44537597000183
2025-05-02 12:18:56,049 - INFO - Thread 20652 - Sessão 3 - Iniciando login para CNPJ: 49086988000142
2025-05-02 12:18:56,052 - DEBUG - Thread 17332 - Starting new HTTPS connection (1): webhap.hapvida.com.br:443
2025-05-02 12:18:56,055 - DEBUG - Thread 21728 - Starting new HTTPS connection (1): webhap.hapvida.com.br:443
2025-05-02 12:18:56,056 - DEBUG - Thread 20652 - Starting new HTTPS connection (1): webhap.hapvida.com.br:443
2025-05-02 12:18:57,345 - DEBUG - Thread 17332 - https://webhap.hapvida.com.br:443 "POST /pls/webhap/webNewTrocaArquivo.loginValidacao HTTP/11" 302 2
2025-05-02 12:18:57,346 - DEBUG - Thread 21728 - https://webhap.hapvida.com.br:443 "POST /pls/webhap/webNewTrocaArquivo.loginValidacao HTTP/11" 302 2
2025-05-02 12:18:57,347 - DEBUG - Thread 20652 - https://webhap.hapvida.com.br:443 "POST /pls/webhap/webNewTrocaArquivo.loginValidacao HTTP/11" 302 2
2025-05-02 12:18:57,459 - DEBUG - Thread 21728 - https://webhap.hapvida.com.br:443 "GET /pls/webhap/webNewTrocaArquivo.Menu?pPessoa=215114402&pNoCache=1202182558&pIdSessao=xzAtqPsJFoNGzEdAkhCuMoLawTgN67pY HTTP/11" 200 None
2025-05-02 12:18:57,460 - INFO - Thread 21728 - Sessão 1 - Status do login: 200, URL: https://webhap.hapvida.com.br/pls/webhap/webNewTrocaArquivo.Menu?pPessoa=215114402&pNoCache=1202182558&pIdSessao=xzAtqPsJFoNGzEdAkhCuMoLawTgN67pY
2025-05-02 12:18:57,461 - INFO - Thread 21728 - Sessão 1 - Cookies após login: {}
2025-05-02 12:18:57,461 - INFO - Thread 21728 - Sessão 1 - Login bem-sucedido
2025-05-02 12:18:57,482 - INFO - Thread 21728 - Sessão 1 - Acessando URL de download: https://webhap.hapvida.com.br/pls/webhap/webNewTrocaArquivo2.Download?pPessoa=215114402&pNoCache=1202182558&pIdSessao=xzAtqPsJFoNGzEdAkhCuMoLawTgN67pY
2025-05-02 12:18:57,483 - DEBUG - Thread 20652 - https://webhap.hapvida.com.br:443 "GET /pls/webhap/webNewTrocaArquivo.Menu?pPessoa=206229677&pNoCache=1202182558&pIdSessao=xzAtqPsJFoNGzEdAkhCuMm0Kp7l/VNuX HTTP/11" 200 None
2025-05-02 12:18:57,483 - DEBUG - Thread 17332 - https://webhap.hapvida.com.br:443 "GET /pls/webhap/webNewTrocaArquivo.Menu?pPessoa=206960770&pNoCache=1202182558&pIdSessao=xzAtqPsJFoNGzEdAkhCuMjDz4ODwbTPJ HTTP/11" 200 None
2025-05-02 12:18:57,486 - INFO - Thread 17332 - Sessão 2 - Status do login: 200, URL: https://webhap.hapvida.com.br/pls/webhap/webNewTrocaArquivo.Menu?pPessoa=206960770&pNoCache=1202182558&pIdSessao=xzAtqPsJFoNGzEdAkhCuMjDz4ODwbTPJ
2025-05-02 12:18:57,486 - INFO - Thread 17332 - Sessão 2 - Cookies após login: {}
2025-05-02 12:18:57,486 - INFO - Thread 17332 - Sessão 2 - Login bem-sucedido
2025-05-02 12:18:57,487 - INFO - Thread 20652 - Sessão 3 - Status do login: 200, URL: https://webhap.hapvida.com.br/pls/webhap/webNewTrocaArquivo.Menu?pPessoa=206229677&pNoCache=1202182558&pIdSessao=xzAtqPsJFoNGzEdAkhCuMm0Kp7l/VNuX
2025-05-02 12:18:57,498 - INFO - Thread 20652 - Sessão 3 - Cookies após login: {}
2025-05-02 12:18:57,499 - INFO - Thread 17332 - Sessão 2 - Acessando URL de download: https://webhap.hapvida.com.br/pls/webhap/webNewTrocaArquivo2.Download?pPessoa=206960770&pNoCache=1202182558&pIdSessao=xzAtqPsJFoNGzEdAkhCuMjDz4ODwbTPJ
2025-05-02 12:18:57,500 - INFO - Thread 20652 - Sessão 3 - Login bem-sucedido
2025-05-02 12:18:57,509 - INFO - Thread 20652 - Sessão 3 - Acessando URL de download: https://webhap.hapvida.com.br/pls/webhap/webNewTrocaArquivo2.Download?pPessoa=206229677&pNoCache=1202182558&pIdSessao=xzAtqPsJFoNGzEdAkhCuMm0Kp7l/VNuX
2025-05-02 12:18:58,063 - DEBUG - Thread 21728 - https://webhap.hapvida.com.br:443 "GET /pls/webhap/webNewTrocaArquivo2.Download?pPessoa=215114402&pNoCache=1202182558&pIdSessao=xzAtqPsJFoNGzEdAkhCuMoLawTgN67pY HTTP/11" 200 None
2025-05-02 12:18:58,063 - INFO - Thread 21728 - Sessão 1 - Status da página de download: 200
2025-05-02 12:18:58,078 - DEBUG - Thread 20652 - https://webhap.hapvida.com.br:443 "GET /pls/webhap/webNewTrocaArquivo2.Download?pPessoa=206229677&pNoCache=1202182558&pIdSessao=xzAtqPsJFoNGzEdAkhCuMm0Kp7l/VNuX HTTP/11" 200 None
2025-05-02 12:18:58,080 - INFO - Thread 20652 - Sessão 3 - Status da página de download: 200
2025-05-02 12:18:58,141 - DEBUG - Thread 17332 - https://webhap.hapvida.com.br:443 "GET /pls/webhap/webNewTrocaArquivo2.Download?pPessoa=206960770&pNoCache=1202182558&pIdSessao=xzAtqPsJFoNGzEdAkhCuMjDz4ODwbTPJ HTTP/11" 200 None
2025-05-02 12:18:58,142 - INFO - Thread 17332 - Sessão 2 - Status da página de download: 200
2025-05-02 12:18:58,196 - DEBUG - Thread 21728 - https://webhap.hapvida.com.br:443 "GET /servicos_online/downloads/HUMASTER/EMPRESA_0DTY7_REMESSA_4265427.PDF HTTP/11" 200 10082
2025-05-02 12:18:58,196 - DEBUG - Thread 20652 - https://webhap.hapvida.com.br:443 "GET /servicos_online/downloads/HUMASTER/EMPRESA_0CIX1_REMESSA_4265428.PDF HTTP/11" 200 10564
2025-05-02 12:18:58,197 - INFO - Thread 21728 - Sessão 1 - Status do download PDF (tentativa 1): 200
2025-05-02 12:18:58,198 - INFO - Thread 20652 - Sessão 3 - Status do download PDF (tentativa 1): 200
2025-05-02 12:18:58,200 - INFO - Thread 21728 - Sessão 1 - PDF salvo: C:\Users\chrys\OneDrive\Desktop\Site\downloads\driver_1\EMPRESA_0DTY7_REMESSA_4265427.pdf
2025-05-02 12:18:58,200 - INFO - Thread 20652 - Sessão 3 - PDF salvo: C:\Users\chrys\OneDrive\Desktop\Site\downloads\driver_3\EMPRESA_0CIX1_REMESSA_4265428.pdf
2025-05-02 12:18:58,255 - DEBUG - Thread 17332 - https://webhap.hapvida.com.br:443 "GET /servicos_online/downloads/HUMASTER/EMPRESA_0CPDD_REMESSA_4265428.PDF HTTP/11" 200 6540
2025-05-02 12:18:58,256 - INFO - Thread 17332 - Sessão 2 - Status do download PDF (tentativa 1): 200
2025-05-02 12:18:58,257 - INFO - Thread 17332 - Sessão 2 - PDF salvo: C:\Users\chrys\OneDrive\Desktop\Site\downloads\driver_2\EMPRESA_0CPDD_REMESSA_4265428.pdf
2025-05-02 12:18:58,302 - DEBUG - Thread 21728 - https://webhap.hapvida.com.br:443 "GET /servicos_online/downloads/HUMASTER/EMPRESA_0DTY7_REMESSA_4265427.CSV HTTP/11" 200 2279
2025-05-02 12:18:58,303 - DEBUG - Thread 20652 - https://webhap.hapvida.com.br:443 "GET /servicos_online/downloads/HUMASTER/EMPRESA_0CIX1_REMESSA_4265428.CSV HTTP/11" 200 3431
2025-05-02 12:18:58,304 - INFO - Thread 21728 - Sessão 1 - Status do download CSV (tentativa 1): 200
2025-05-02 12:18:58,304 - INFO - Thread 20652 - Sessão 3 - Status do download CSV (tentativa 1): 200
2025-05-02 12:18:58,306 - INFO - Thread 21728 - Sessão 1 - CSV salvo: C:\Users\chrys\OneDrive\Desktop\Site\downloads\driver_1\EMPRESA_0DTY7_REMESSA_4265427.csv
2025-05-02 12:18:58,309 - INFO - Thread 9996 - Progresso: 1/3 (33%)
2025-05-02 12:18:58,309 - INFO - Thread 20652 - Sessão 3 - CSV salvo: C:\Users\chrys\OneDrive\Desktop\Site\downloads\driver_3\EMPRESA_0CIX1_REMESSA_4265428.csv
2025-05-02 12:18:58,310 - INFO - Thread 9996 - Progresso: 2/3 (66%)
2025-05-02 12:18:58,355 - DEBUG - Thread 17332 - https://webhap.hapvida.com.br:443 "GET /servicos_online/downloads/HUMASTER/EMPRESA_0CPDD_REMESSA_4265428.CSV HTTP/11" 200 2063
2025-05-02 12:18:58,356 - INFO - Thread 17332 - Sessão 2 - Status do download CSV (tentativa 1): 200
2025-05-02 12:18:58,357 - INFO - Thread 17332 - Sessão 2 - CSV salvo: C:\Users\chrys\OneDrive\Desktop\Site\downloads\driver_2\EMPRESA_0CPDD_REMESSA_4265428.csv
2025-05-02 12:18:58,357 - INFO - Thread 9996 - Progresso: 3/3 (100%)
2025-05-02 12:18:58,413 - INFO - Thread 9996 - Status atualizados no Excel com sucesso
2025-05-02 12:18:58,415 - INFO - Thread 9996 - Arquivo movido: C:\Users\chrys\OneDrive\Desktop\Site\downloads\driver_1\EMPRESA_0DTY7_REMESSA_4265427.csv -> C:\Users\chrys\OneDrive\Desktop\Site\downloads\EMPRESA_0DTY7_REMESSA_4265427.csv
2025-05-02 12:18:58,416 - INFO - Thread 9996 - Arquivo movido: C:\Users\chrys\OneDrive\Desktop\Site\downloads\driver_1\EMPRESA_0DTY7_REMESSA_4265427.pdf -> C:\Users\chrys\OneDrive\Desktop\Site\downloads\EMPRESA_0DTY7_REMESSA_4265427.pdf
2025-05-02 12:18:58,417 - INFO - Thread 9996 - Subpasta vazia removida: C:\Users\chrys\OneDrive\Desktop\Site\downloads\driver_1
2025-05-02 12:18:58,418 - INFO - Thread 9996 - Arquivo movido: C:\Users\chrys\OneDrive\Desktop\Site\downloads\driver_2\EMPRESA_0CPDD_REMESSA_4265428.csv -> C:\Users\chrys\OneDrive\Desktop\Site\downloads\EMPRESA_0CPDD_REMESSA_4265428.csv
2025-05-02 12:18:58,420 - INFO - Thread 9996 - Arquivo movido: C:\Users\chrys\OneDrive\Desktop\Site\downloads\driver_2\EMPRESA_0CPDD_REMESSA_4265428.pdf -> C:\Users\chrys\OneDrive\Desktop\Site\downloads\EMPRESA_0CPDD_REMESSA_4265428.pdf
2025-05-02 12:18:58,421 - INFO - Thread 9996 - Subpasta vazia removida: C:\Users\chrys\OneDrive\Desktop\Site\downloads\driver_2
2025-05-02 12:18:58,422 - INFO - Thread 9996 - Arquivo movido: C:\Users\chrys\OneDrive\Desktop\Site\downloads\driver_3\EMPRESA_0CIX1_REMESSA_4265428.csv -> C:\Users\chrys\OneDrive\Desktop\Site\downloads\EMPRESA_0CIX1_REMESSA_4265428.csv
2025-05-02 12:18:58,424 - INFO - Thread 9996 - Arquivo movido: C:\Users\chrys\OneDrive\Desktop\Site\downloads\driver_3\EMPRESA_0CIX1_REMESSA_4265428.pdf -> C:\Users\chrys\OneDrive\Desktop\Site\downloads\EMPRESA_0CIX1_REMESSA_4265428.pdf
2025-05-02 12:18:58,424 - INFO - Thread 9996 - Subpasta vazia removida: C:\Users\chrys\OneDrive\Desktop\Site\downloads\driver_3
2025-05-02 12:18:58,425 - INFO - Thread 9996 - Subpasta vazia removida: C:\Users\chrys\OneDrive\Desktop\Site\downloads\driver_4
2025-05-02 12:18:58,426 - INFO - Thread 9996 - Subpasta vazia removida: C:\Users\chrys\OneDrive\Desktop\Site\downloads\driver_5
2025-05-02 12:18:58,427 - INFO - Thread 9996 - Subpasta vazia removida: C:\Users\chrys\OneDrive\Desktop\Site\downloads\driver_6
2025-05-02 12:18:58,428 - INFO - Thread 9996 - Subpasta vazia removida: C:\Users\chrys\OneDrive\Desktop\Site\downloads\driver_7
2025-05-02 12:18:58,428 - INFO - Thread 9996 - Subpasta vazia removida: C:\Users\chrys\OneDrive\Desktop\Site\downloads\driver_8
2025-05-02 12:18:58,429 - INFO - Thread 9996 - Extração de relatórios concluída
2025-05-02 12:18:58,431 - INFO - Thread 9996 - Sessão 1 fechada com sucesso
2025-05-02 12:18:58,432 - INFO - Thread 9996 - Sessão 2 fechada com sucesso
2025-05-02 12:18:58,435 - INFO - Thread 9996 - Sessão 3 fechada com sucesso
2025-05-02 12:18:58,435 - INFO - Thread 9996 - Sessão 4 fechada com sucesso
2025-05-02 12:18:58,436 - INFO - Thread 9996 - Sessão 5 fechada com sucesso
2025-05-02 12:18:58,437 - INFO - Thread 9996 - Sessão 6 fechada com sucesso
2025-05-02 12:18:58,437 - INFO - Thread 9996 - Sessão 7 fechada com sucesso
2025-05-02 12:18:58,437 - INFO - Thread 9996 - Sessão 8 fechada com sucesso
2025-05-02 12:18:58,438 - INFO - Thread 9996 - Extração de relatórios concluída. 32 relatórios gerados.
2025-05-02 12:23:31,747 - INFO - Thread 12832 - Iniciando extração de notas fiscais
2025-05-02 12:23:31,747 - INFO - Thread 12832 - Iniciando extração de notas fiscais
2025-05-02 12:23:31,767 - INFO - Thread 12832 - Total de empresas a processar: 3
2025-05-02 12:23:31,768 - INFO - Thread 12832 - Pasta de downloads criada: C:\Users\chrys\OneDrive\Desktop\Site\downloads\driver_1
2025-05-02 12:23:31,768 - INFO - Thread 12832 - Sessão 1 configurada com sucesso
2025-05-02 12:23:31,769 - INFO - Thread 12832 - Pasta de downloads criada: C:\Users\chrys\OneDrive\Desktop\Site\downloads\driver_2
2025-05-02 12:23:31,769 - INFO - Thread 12832 - Sessão 2 configurada com sucesso
2025-05-02 12:23:31,770 - INFO - Thread 12832 - Pasta de downloads criada: C:\Users\chrys\OneDrive\Desktop\Site\downloads\driver_3
2025-05-02 12:23:31,770 - INFO - Thread 12832 - Sessão 3 configurada com sucesso
2025-05-02 12:23:31,771 - INFO - Thread 12832 - Pasta de downloads criada: C:\Users\chrys\OneDrive\Desktop\Site\downloads\driver_4
2025-05-02 12:23:31,771 - INFO - Thread 12832 - Sessão 4 configurada com sucesso
2025-05-02 12:23:31,772 - INFO - Thread 12832 - Pasta de downloads criada: C:\Users\chrys\OneDrive\Desktop\Site\downloads\driver_5
2025-05-02 12:23:31,773 - INFO - Thread 12832 - Sessão 5 configurada com sucesso
2025-05-02 12:23:31,775 - INFO - Thread 12832 - Pasta de downloads criada: C:\Users\chrys\OneDrive\Desktop\Site\downloads\driver_6
2025-05-02 12:23:31,775 - INFO - Thread 12832 - Sessão 6 configurada com sucesso
2025-05-02 12:23:31,776 - INFO - Thread 12832 - Pasta de downloads criada: C:\Users\chrys\OneDrive\Desktop\Site\downloads\driver_7
2025-05-02 12:23:31,776 - INFO - Thread 12832 - Sessão 7 configurada com sucesso
2025-05-02 12:23:31,778 - INFO - Thread 12832 - Pasta de downloads criada: C:\Users\chrys\OneDrive\Desktop\Site\downloads\driver_8
2025-05-02 12:23:31,779 - INFO - Thread 12832 - Sessão 8 configurada com sucesso
2025-05-02 12:23:31,781 - INFO - Thread 29960 - Sessão 1 - Iniciando processamento da empresa: 0DTY7
2025-05-02 12:23:31,782 - INFO - Thread 26732 - Sessão 2 - Iniciando processamento da empresa: 0CPDD
2025-05-02 12:23:31,783 - INFO - Thread 1588 - Sessão 3 - Iniciando processamento da empresa: 0CIX1
2025-05-02 12:23:31,785 - DEBUG - Thread 1588 - Starting new HTTPS connection (1): webhap.hapvida.com.br:443
2025-05-02 12:23:31,788 - DEBUG - Thread 29960 - Starting new HTTPS connection (1): webhap.hapvida.com.br:443
2025-05-02 12:23:31,789 - DEBUG - Thread 26732 - Starting new HTTPS connection (1): webhap.hapvida.com.br:443
2025-05-02 12:23:32,971 - DEBUG - Thread 1588 - https://webhap.hapvida.com.br:443 "POST /pls/webhap/pk_nota_fiscal.loginValidacao HTTP/11" 302 2
2025-05-02 12:23:32,979 - DEBUG - Thread 29960 - https://webhap.hapvida.com.br:443 "POST /pls/webhap/pk_nota_fiscal.loginValidacao HTTP/11" 302 2
2025-05-02 12:23:32,985 - DEBUG - Thread 26732 - https://webhap.hapvida.com.br:443 "POST /pls/webhap/pk_nota_fiscal.loginValidacao HTTP/11" 302 2
2025-05-02 12:23:33,095 - DEBUG - Thread 29960 - https://webhap.hapvida.com.br:443 "GET /pls/webhap/pk_nota_fiscal.listaNotasFiscais?pNoCache=1202232534&pIdSessao=23021205342516598819 HTTP/11" 200 None
2025-05-02 12:23:33,096 - INFO - Thread 29960 - Sessão 1 - Status do login: 200, URL: https://webhap.hapvida.com.br/pls/webhap/pk_nota_fiscal.listaNotasFiscais?pNoCache=1202232534&pIdSessao=23021205342516598819
2025-05-02 12:23:33,096 - INFO - Thread 29960 - Sessão 1 - Cookies após login: {}
2025-05-02 12:23:33,097 - INFO - Thread 29960 - Sessão 1 - Login bem-sucedido para empresa 0DTY7
2025-05-02 12:23:33,121 - DEBUG - Thread 1588 - https://webhap.hapvida.com.br:443 "GET /pls/webhap/pk_nota_fiscal.listaNotasFiscais?pNoCache=1202232534&pIdSessao=23021205342516598891 HTTP/11" 200 None
2025-05-02 12:23:33,121 - DEBUG - Thread 26732 - https://webhap.hapvida.com.br:443 "GET /pls/webhap/pk_nota_fiscal.listaNotasFiscais?pNoCache=1202232534&pIdSessao=23021205342516598892 HTTP/11" 200 None
2025-05-02 12:23:33,124 - INFO - Thread 29960 - Sessão 1 - pIdSessao extraído: 23021205342516598819
2025-05-02 12:23:33,126 - INFO - Thread 1588 - Sessão 3 - Status do login: 200, URL: https://webhap.hapvida.com.br/pls/webhap/pk_nota_fiscal.listaNotasFiscais?pNoCache=1202232534&pIdSessao=23021205342516598891
2025-05-02 12:23:33,126 - INFO - Thread 1588 - Sessão 3 - Cookies após login: {}
2025-05-02 12:23:33,126 - INFO - Thread 26732 - Sessão 2 - Status do login: 200, URL: https://webhap.hapvida.com.br/pls/webhap/pk_nota_fiscal.listaNotasFiscais?pNoCache=1202232534&pIdSessao=23021205342516598892
2025-05-02 12:23:33,126 - INFO - Thread 1588 - Sessão 3 - Login bem-sucedido para empresa 0CIX1
2025-05-02 12:23:33,127 - INFO - Thread 26732 - Sessão 2 - Cookies após login: {}
2025-05-02 12:23:33,146 - INFO - Thread 1588 - Sessão 3 - pIdSessao extraído: 23021205342516598891
2025-05-02 12:23:33,146 - INFO - Thread 26732 - Sessão 2 - Login bem-sucedido para empresa 0CPDD
2025-05-02 12:23:33,169 - INFO - Thread 26732 - Sessão 2 - pIdSessao extraído: 23021205342516598892
2025-05-02 12:23:33,256 - DEBUG - Thread 29960 - https://webhap.hapvida.com.br:443 "GET /pls/webhap/pk_nota_fiscal.listaNotasFiscais?pIdSessao=23021205342516598819 HTTP/11" 200 None
2025-05-02 12:23:33,257 - INFO - Thread 29960 - Sessão 1 - Status da requisição: 200, URL final: https://webhap.hapvida.com.br/pls/webhap/pk_nota_fiscal.listaNotasFiscais?pIdSessao=23021205342516598819
2025-05-02 12:23:33,257 - DEBUG - Thread 29960 - Sessão 1 - Primeiros 500 caracteres do HTML: 
    <head>
    <meta http-equiv="Content-Type" content="text/html; charset=utf-8" />
    <meta name="viewport" content="width=device-width, initial-scale=1.0">
    <title>Hapvida - Plano de Saúde</title>
    <link href="/hapvida/hapvida_avanz/sistema/css/simple-line-icons.css" rel="stylesheet" type="text/css" />
    <link href="/hapvida/hapvida_avanz/sistema/css/stlhapvida.css" rel="stylesheet" type="text/css" />
    <link href="/hapvida/hapvida_avanz/sistema/css/style-ie.css" rel="stylesheet" 
2025-05-02 12:23:33,277 - INFO - Thread 29960 - Sessão 1 - Buscando data de vencimento: 20/5/25
2025-05-02 12:23:33,277 - INFO - Thread 29960 - Sessão 1 - Verificando link com texto: 0DTY7
2025-05-02 12:23:33,277 - INFO - Thread 29960 - Sessão 1 - Verificando link com texto: 37.233.759 MARIA GENEROZA H SECUNDES SINTICLEPEMP
2025-05-02 12:23:33,278 - INFO - Thread 29960 - Sessão 1 - Verificando link com texto: 28141000021976197
2025-05-02 12:23:33,278 - INFO - Thread 29960 - Sessão 1 - Verificando link com texto: 20/04/25
2025-05-02 12:23:33,278 - INFO - Thread 29960 - Sessão 1 - Verificando link com texto: 1134,5
2025-05-02 12:23:33,278 - INFO - Thread 29960 - Sessão 1 - Verificando link com texto: 0DTY7
2025-05-02 12:23:33,278 - INFO - Thread 29960 - Sessão 1 - Verificando link com texto: 37.233.759 MARIA GENEROZA H SECUNDES SINTICLEPEMP
2025-05-02 12:23:33,278 - INFO - Thread 29960 - Sessão 1 - Verificando link com texto: 28141000021956316
2025-05-02 12:23:33,278 - INFO - Thread 29960 - Sessão 1 - Verificando link com texto: 20/03/25
2025-05-02 12:23:33,278 - INFO - Thread 29960 - Sessão 1 - Verificando link com texto: 1134,5
2025-05-02 12:23:33,278 - INFO - Thread 29960 - Sessão 1 - Verificando link com texto: 0DTY7
2025-05-02 12:23:33,278 - INFO - Thread 29960 - Sessão 1 - Verificando link com texto: 37.233.759 MARIA GENEROZA H SECUNDES SINTICLEPEMP
2025-05-02 12:23:33,278 - INFO - Thread 29960 - Sessão 1 - Verificando link com texto: 28141000021930377
2025-05-02 12:23:33,278 - INFO - Thread 29960 - Sessão 1 - Verificando link com texto: 20/02/25
2025-05-02 12:23:33,278 - INFO - Thread 29960 - Sessão 1 - Verificando link com texto: 1317,15
2025-05-02 12:23:33,279 - INFO - Thread 29960 - Sessão 1 - Verificando link com texto: 0DTY7
2025-05-02 12:23:33,279 - INFO - Thread 29960 - Sessão 1 - Verificando link com texto: 37.233.759 MARIA GENEROZA H SECUNDES SINTICLEPEMP
2025-05-02 12:23:33,279 - INFO - Thread 29960 - Sessão 1 - Verificando link com texto: 28141000021908626
2025-05-02 12:23:33,279 - INFO - Thread 29960 - Sessão 1 - Verificando link com texto: 20/01/25
2025-05-02 12:23:33,279 - INFO - Thread 29960 - Sessão 1 - Verificando link com texto: 924,41
2025-05-02 12:23:33,279 - INFO - Thread 29960 - Sessão 1 - Verificando link com texto: 0DTY7
2025-05-02 12:23:33,279 - INFO - Thread 29960 - Sessão 1 - Verificando link com texto: 37.233.759 MARIA GENEROZA H SECUNDES SINTICLEPEMP
2025-05-02 12:23:33,279 - INFO - Thread 29960 - Sessão 1 - Verificando link com texto: 28141000021887251
2025-05-02 12:23:33,279 - INFO - Thread 29960 - Sessão 1 - Verificando link com texto: 20/12/24
2025-05-02 12:23:33,279 - INFO - Thread 29960 - Sessão 1 - Verificando link com texto: 924,41
2025-05-02 12:23:33,279 - INFO - Thread 29960 - Sessão 1 - Verificando link com texto: 0DTY7
2025-05-02 12:23:33,279 - INFO - Thread 29960 - Sessão 1 - Verificando link com texto: 37.233.759 MARIA GENEROZA H SECUNDES SINTICLEPEMP
2025-05-02 12:23:33,279 - INFO - Thread 29960 - Sessão 1 - Verificando link com texto: 28141000021864258
2025-05-02 12:23:33,279 - INFO - Thread 29960 - Sessão 1 - Verificando link com texto: 20/11/24
2025-05-02 12:23:33,280 - INFO - Thread 29960 - Sessão 1 - Verificando link com texto: 924,41
2025-05-02 12:23:33,280 - INFO - Thread 29960 - Sessão 1 - Verificando link com texto: 0DTY7
2025-05-02 12:23:33,280 - INFO - Thread 29960 - Sessão 1 - Verificando link com texto: 37.233.759 MARIA GENEROZA H SECUNDES SINTICLEPEMP
2025-05-02 12:23:33,280 - INFO - Thread 29960 - Sessão 1 - Verificando link com texto: 28141000021842190
2025-05-02 12:23:33,280 - INFO - Thread 29960 - Sessão 1 - Verificando link com texto: 20/10/24
2025-05-02 12:23:33,280 - INFO - Thread 29960 - Sessão 1 - Verificando link com texto: 924,41
2025-05-02 12:23:33,280 - INFO - Thread 29960 - Sessão 1 - Verificando link com texto: 0DTY7
2025-05-02 12:23:33,280 - INFO - Thread 29960 - Sessão 1 - Verificando link com texto: 37.233.759 MARIA GENEROZA H SECUNDES SINTICLEPEMP
2025-05-02 12:23:33,280 - INFO - Thread 29960 - Sessão 1 - Verificando link com texto: 28141000021814795
2025-05-02 12:23:33,280 - INFO - Thread 29960 - Sessão 1 - Verificando link com texto: 20/09/24
2025-05-02 12:23:33,280 - INFO - Thread 29960 - Sessão 1 - Verificando link com texto: 924,41
2025-05-02 12:23:33,280 - INFO - Thread 29960 - Sessão 1 - Verificando link com texto: 0DTY7
2025-05-02 12:23:33,280 - INFO - Thread 29960 - Sessão 1 - Verificando link com texto: 37.233.759 MARIA GENEROZA H SECUNDES SINTICLEPEMP
2025-05-02 12:23:33,280 - INFO - Thread 29960 - Sessão 1 - Verificando link com texto: 28141000021787832
2025-05-02 12:23:33,281 - INFO - Thread 29960 - Sessão 1 - Verificando link com texto: 20/08/24
2025-05-02 12:23:33,281 - INFO - Thread 29960 - Sessão 1 - Verificando link com texto: 924,41
2025-05-02 12:23:33,281 - INFO - Thread 29960 - Sessão 1 - Verificando link com texto: 0DTY7
2025-05-02 12:23:33,281 - INFO - Thread 29960 - Sessão 1 - Verificando link com texto: 37.233.759 MARIA GENEROZA H SECUNDES SINTICLEPEMP
2025-05-02 12:23:33,281 - INFO - Thread 29960 - Sessão 1 - Verificando link com texto: 28141000021761826
2025-05-02 12:23:33,281 - INFO - Thread 29960 - Sessão 1 - Verificando link com texto: 20/07/24
2025-05-02 12:23:33,281 - INFO - Thread 29960 - Sessão 1 - Verificando link com texto: 924,41
2025-05-02 12:23:33,281 - INFO - Thread 29960 - Sessão 1 - Verificando link com texto: 0DTY7
2025-05-02 12:23:33,281 - INFO - Thread 29960 - Sessão 1 - Verificando link com texto: 37.233.759 MARIA GENEROZA H SECUNDES SINTICLEPEMP
2025-05-02 12:23:33,281 - INFO - Thread 29960 - Sessão 1 - Verificando link com texto: 28141000021732486
2025-05-02 12:23:33,281 - INFO - Thread 29960 - Sessão 1 - Verificando link com texto: 20/06/24
2025-05-02 12:23:33,281 - INFO - Thread 29960 - Sessão 1 - Verificando link com texto: 924,41
2025-05-02 12:23:33,281 - INFO - Thread 29960 - Sessão 1 - Verificando link com texto: 0DTY7
2025-05-02 12:23:33,282 - INFO - Thread 29960 - Sessão 1 - Verificando link com texto: 37.233.759 MARIA GENEROZA H SECUNDES SINTICLEPEMP
2025-05-02 12:23:33,282 - INFO - Thread 29960 - Sessão 1 - Verificando link com texto: 28141000021704712
2025-05-02 12:23:33,282 - INFO - Thread 29960 - Sessão 1 - Verificando link com texto: 20/05/24
2025-05-02 12:23:33,282 - INFO - Thread 29960 - Sessão 1 - Verificando link com texto: 984,3
2025-05-02 12:23:33,282 - INFO - Thread 29960 - Sessão 1 - Verificando link com texto: 0DTY7
2025-05-02 12:23:33,282 - INFO - Thread 29960 - Sessão 1 - Verificando link com texto: 37.233.759 MARIA GENEROZA H SECUNDES SINTICLEPEMP
2025-05-02 12:23:33,282 - INFO - Thread 29960 - Sessão 1 - Verificando link com texto: 28141000021679898
2025-05-02 12:23:33,282 - INFO - Thread 29960 - Sessão 1 - Verificando link com texto: 20/04/24
2025-05-02 12:23:33,282 - INFO - Thread 29960 - Sessão 1 - Verificando link com texto: 848,1
2025-05-02 12:23:33,282 - INFO - Thread 29960 - Sessão 1 - Verificando link com texto: 0DTY7
2025-05-02 12:23:33,282 - INFO - Thread 29960 - Sessão 1 - Verificando link com texto: 37.233.759 MARIA GENEROZA H SECUNDES SINTICLEPEMP
2025-05-02 12:23:33,282 - INFO - Thread 29960 - Sessão 1 - Verificando link com texto: 28141000021651692
2025-05-02 12:23:33,282 - INFO - Thread 29960 - Sessão 1 - Verificando link com texto: 20/03/24
2025-05-02 12:23:33,283 - INFO - Thread 29960 - Sessão 1 - Verificando link com texto: 848,1
2025-05-02 12:23:33,283 - INFO - Thread 29960 - Sessão 1 - Verificando link com texto: 0DTY7
2025-05-02 12:23:33,283 - INFO - Thread 29960 - Sessão 1 - Verificando link com texto: 37.233.759 MARIA GENEROZA H SECUNDES SINTICLEPEMP
2025-05-02 12:23:33,283 - INFO - Thread 29960 - Sessão 1 - Verificando link com texto: 28141000021624463
2025-05-02 12:23:33,283 - INFO - Thread 29960 - Sessão 1 - Verificando link com texto: 20/02/24
2025-05-02 12:23:33,284 - INFO - Thread 29960 - Sessão 1 - Verificando link com texto: 1017,2
2025-05-02 12:23:33,284 - INFO - Thread 29960 - Sessão 1 - Verificando link com texto: 0DTY7
2025-05-02 12:23:33,284 - INFO - Thread 29960 - Sessão 1 - Verificando link com texto: 37.233.759 MARIA GENEROZA H SECUNDES SINTICLEPEMP
2025-05-02 12:23:33,284 - INFO - Thread 29960 - Sessão 1 - Verificando link com texto: 28141000021604275
2025-05-02 12:23:33,284 - INFO - Thread 29960 - Sessão 1 - Verificando link com texto: 20/01/24
2025-05-02 12:23:33,284 - INFO - Thread 29960 - Sessão 1 - Verificando link com texto: 848,1
2025-05-02 12:23:33,284 - INFO - Thread 29960 - Sessão 1 - Verificando link com texto: 0DTY7
2025-05-02 12:23:33,284 - INFO - Thread 29960 - Sessão 1 - Verificando link com texto: 37.233.759 MARIA GENEROZA H SECUNDES SINTICLEPEMP
2025-05-02 12:23:33,284 - INFO - Thread 29960 - Sessão 1 - Verificando link com texto: 28141000021573441
2025-05-02 12:23:33,284 - INFO - Thread 29960 - Sessão 1 - Verificando link com texto: 20/12/23
2025-05-02 12:23:33,284 - INFO - Thread 29960 - Sessão 1 - Verificando link com texto: 848,1
2025-05-02 12:23:33,285 - INFO - Thread 29960 - Sessão 1 - Verificando link com texto: 0DTY7
2025-05-02 12:23:33,285 - INFO - Thread 29960 - Sessão 1 - Verificando link com texto: 37.233.759 MARIA GENEROZA H SECUNDES SINTICLEPEMP
2025-05-02 12:23:33,285 - INFO - Thread 29960 - Sessão 1 - Verificando link com texto: 28141000021545594
2025-05-02 12:23:33,285 - INFO - Thread 29960 - Sessão 1 - Verificando link com texto: 20/11/23
2025-05-02 12:23:33,285 - INFO - Thread 29960 - Sessão 1 - Verificando link com texto: 848,1
2025-05-02 12:23:33,285 - INFO - Thread 29960 - Sessão 1 - Verificando link com texto: 0DTY7
2025-05-02 12:23:33,285 - INFO - Thread 29960 - Sessão 1 - Verificando link com texto: 37.233.759 MARIA GENEROZA H SECUNDES SINTICLEPEMP
2025-05-02 12:23:33,285 - INFO - Thread 29960 - Sessão 1 - Verificando link com texto: 28141000021519067
2025-05-02 12:23:33,285 - INFO - Thread 29960 - Sessão 1 - Verificando link com texto: 20/10/23
2025-05-02 12:23:33,285 - INFO - Thread 29960 - Sessão 1 - Verificando link com texto: 848,1
2025-05-02 12:23:33,285 - INFO - Thread 29960 - Sessão 1 - Verificando link com texto: 0DTY7
2025-05-02 12:23:33,286 - INFO - Thread 29960 - Sessão 1 - Verificando link com texto: 37.233.759 MARIA GENEROZA H SECUNDES SINTICLEPEMP
2025-05-02 12:23:33,286 - INFO - Thread 29960 - Sessão 1 - Verificando link com texto: 28141000021488753
2025-05-02 12:23:33,286 - INFO - Thread 29960 - Sessão 1 - Verificando link com texto: 20/09/23
2025-05-02 12:23:33,286 - INFO - Thread 29960 - Sessão 1 - Verificando link com texto: 848,1
2025-05-02 12:23:33,286 - INFO - Thread 29960 - Sessão 1 - Verificando link com texto: 0DTY7
2025-05-02 12:23:33,286 - INFO - Thread 29960 - Sessão 1 - Verificando link com texto: 37.233.759 MARIA GENEROZA H SECUNDES SINTICLEPEMP
2025-05-02 12:23:33,286 - INFO - Thread 29960 - Sessão 1 - Verificando link com texto: 28141000021463491
2025-05-02 12:23:33,286 - INFO - Thread 29960 - Sessão 1 - Verificando link com texto: 20/08/23
2025-05-02 12:23:33,286 - INFO - Thread 29960 - Sessão 1 - Verificando link com texto: 848,1
2025-05-02 12:23:33,287 - INFO - Thread 29960 - Sessão 1 - Verificando link com texto: 0DTY7
2025-05-02 12:23:33,287 - INFO - Thread 29960 - Sessão 1 - Verificando link com texto: 37.233.759 MARIA GENEROZA H SECUNDES SINTICLEPEMP
2025-05-02 12:23:33,287 - INFO - Thread 29960 - Sessão 1 - Verificando link com texto: 28141000021434148
2025-05-02 12:23:33,287 - INFO - Thread 29960 - Sessão 1 - Verificando link com texto: 10/07/23
2025-05-02 12:23:33,287 - INFO - Thread 29960 - Sessão 1 - Verificando link com texto: 848,1
2025-05-02 12:23:33,287 - INFO - Thread 29960 - Sessão 1 - Verificando link com texto: 0DTY7
2025-05-02 12:23:33,287 - INFO - Thread 29960 - Sessão 1 - Verificando link com texto: 37.233.759 MARIA GENEROZA H SECUNDES SINTICLEPEMP
2025-05-02 12:23:33,287 - INFO - Thread 29960 - Sessão 1 - Verificando link com texto: 28141000021423401
2025-05-02 12:23:33,287 - INFO - Thread 29960 - Sessão 1 - Verificando link com texto: 10/06/23
2025-05-02 12:23:33,287 - INFO - Thread 29960 - Sessão 1 - Verificando link com texto: 927,3
2025-05-02 12:23:33,288 - ERROR - Thread 29960 - Sessão 1 - Data de vencimento 20/5/25 não encontrada. Datas disponíveis: ['0DTY7', '37.233.759 MARIA GENEROZA H SECUNDES SINTICLEPEMP', '28141000021976197', '20/04/25', '1134,5', '0DTY7', '37.233.759 MARIA GENEROZA H SECUNDES SINTICLEPEMP', '28141000021956316', '20/03/25', '1134,5', '0DTY7', '37.233.759 MARIA GENEROZA H SECUNDES SINTICLEPEMP', '28141000021930377', '20/02/25', '1317,15', '0DTY7', '37.233.759 MARIA GENEROZA H SECUNDES SINTICLEPEMP', '28141000021908626', '20/01/25', '924,41', '0DTY7', '37.233.759 MARIA GENEROZA H SECUNDES SINTICLEPEMP', '28141000021887251', '20/12/24', '924,41', '0DTY7', '37.233.759 MARIA GENEROZA H SECUNDES SINTICLEPEMP', '28141000021864258', '20/11/24', '924,41', '0DTY7', '37.233.759 MARIA GENEROZA H SECUNDES SINTICLEPEMP', '28141000021842190', '20/10/24', '924,41', '0DTY7', '37.233.759 MARIA GENEROZA H SECUNDES SINTICLEPEMP', '28141000021814795', '20/09/24', '924,41', '0DTY7', '37.233.759 MARIA GENEROZA H SECUNDES SINTICLEPEMP', '28141000021787832', '20/08/24', '924,41', '0DTY7', '37.233.759 MARIA GENEROZA H SECUNDES SINTICLEPEMP', '28141000021761826', '20/07/24', '924,41', '0DTY7', '37.233.759 MARIA GENEROZA H SECUNDES SINTICLEPEMP', '28141000021732486', '20/06/24', '924,41', '0DTY7', '37.233.759 MARIA GENEROZA H SECUNDES SINTICLEPEMP', '28141000021704712', '20/05/24', '984,3', '0DTY7', '37.233.759 MARIA GENEROZA H SECUNDES SINTICLEPEMP', '28141000021679898', '20/04/24', '848,1', '0DTY7', '37.233.759 MARIA GENEROZA H SECUNDES SINTICLEPEMP', '28141000021651692', '20/03/24', '848,1', '0DTY7', '37.233.759 MARIA GENEROZA H SECUNDES SINTICLEPEMP', '28141000021624463', '20/02/24', '1017,2', '0DTY7', '37.233.759 MARIA GENEROZA H SECUNDES SINTICLEPEMP', '28141000021604275', '20/01/24', '848,1', '0DTY7', '37.233.759 MARIA GENEROZA H SECUNDES SINTICLEPEMP', '28141000021573441', '20/12/23', '848,1', '0DTY7', '37.233.759 MARIA GENEROZA H SECUNDES SINTICLEPEMP', '28141000021545594', '20/11/23', '848,1', '0DTY7', '37.233.759 MARIA GENEROZA H SECUNDES SINTICLEPEMP', '28141000021519067', '20/10/23', '848,1', '0DTY7', '37.233.759 MARIA GENEROZA H SECUNDES SINTICLEPEMP', '28141000021488753', '20/09/23', '848,1', '0DTY7', '37.233.759 MARIA GENEROZA H SECUNDES SINTICLEPEMP', '28141000021463491', '20/08/23', '848,1', '0DTY7', '37.233.759 MARIA GENEROZA H SECUNDES SINTICLEPEMP', '28141000021434148', '10/07/23', '848,1', '0DTY7', '37.233.759 MARIA GENEROZA H SECUNDES SINTICLEPEMP', '28141000021423401', '10/06/23', '927,3']
2025-05-02 12:23:33,288 - INFO - Thread 12832 - Progresso: 1/3 (33%)
2025-05-02 12:23:33,295 - DEBUG - Thread 1588 - https://webhap.hapvida.com.br:443 "GET /pls/webhap/pk_nota_fiscal.listaNotasFiscais?pIdSessao=23021205342516598891 HTTP/11" 200 None
2025-05-02 12:23:33,296 - INFO - Thread 1588 - Sessão 3 - Status da requisição: 200, URL final: https://webhap.hapvida.com.br/pls/webhap/pk_nota_fiscal.listaNotasFiscais?pIdSessao=23021205342516598891
2025-05-02 12:23:33,297 - DEBUG - Thread 1588 - Sessão 3 - Primeiros 500 caracteres do HTML: 
    <head>
    <meta http-equiv="Content-Type" content="text/html; charset=utf-8" />
    <meta name="viewport" content="width=device-width, initial-scale=1.0">
    <title>Hapvida - Plano de Saúde</title>
    <link href="/hapvida/hapvida_avanz/sistema/css/simple-line-icons.css" rel="stylesheet" type="text/css" />
    <link href="/hapvida/hapvida_avanz/sistema/css/stlhapvida.css" rel="stylesheet" type="text/css" />
    <link href="/hapvida/hapvida_avanz/sistema/css/style-ie.css" rel="stylesheet" 
2025-05-02 12:23:33,316 - INFO - Thread 1588 - Sessão 3 - Buscando data de vencimento: 20/5/25
2025-05-02 12:23:33,317 - INFO - Thread 1588 - Sessão 3 - Verificando link com texto: 0CIX1
2025-05-02 12:23:33,318 - DEBUG - Thread 26732 - https://webhap.hapvida.com.br:443 "GET /pls/webhap/pk_nota_fiscal.listaNotasFiscais?pIdSessao=23021205342516598892 HTTP/11" 200 None
2025-05-02 12:23:33,318 - INFO - Thread 1588 - Sessão 3 - Verificando link com texto: 49.086.988 LUAN DE SOUSA FREIRE SINTICLEPEMP
2025-05-02 12:23:33,318 - INFO - Thread 1588 - Sessão 3 - Verificando link com texto: 1010526363579
2025-05-02 12:23:33,319 - INFO - Thread 1588 - Sessão 3 - Verificando link com texto: 20/04/25
2025-05-02 12:23:33,319 - INFO - Thread 26732 - Sessão 2 - Status da requisição: 200, URL final: https://webhap.hapvida.com.br/pls/webhap/pk_nota_fiscal.listaNotasFiscais?pIdSessao=23021205342516598892
2025-05-02 12:23:33,319 - INFO - Thread 1588 - Sessão 3 - Verificando link com texto: 1470,63
2025-05-02 12:23:33,319 - DEBUG - Thread 26732 - Sessão 2 - Primeiros 500 caracteres do HTML: 
    <head>
    <meta http-equiv="Content-Type" content="text/html; charset=utf-8" />
    <meta name="viewport" content="width=device-width, initial-scale=1.0">
    <title>Hapvida - Plano de Saúde</title>
    <link href="/hapvida/hapvida_avanz/sistema/css/simple-line-icons.css" rel="stylesheet" type="text/css" />
    <link href="/hapvida/hapvida_avanz/sistema/css/stlhapvida.css" rel="stylesheet" type="text/css" />
    <link href="/hapvida/hapvida_avanz/sistema/css/style-ie.css" rel="stylesheet" 
2025-05-02 12:23:33,319 - INFO - Thread 1588 - Sessão 3 - Verificando link com texto: 0CIX1
2025-05-02 12:23:33,338 - INFO - Thread 26732 - Sessão 2 - Buscando data de vencimento: 20/5/25
2025-05-02 12:23:33,339 - INFO - Thread 1588 - Sessão 3 - Verificando link com texto: 49.086.988 LUAN DE SOUSA FREIRE SINTICLEPEMP
2025-05-02 12:23:33,339 - INFO - Thread 26732 - Sessão 2 - Verificando link com texto: 0CPDD
2025-05-02 12:23:33,339 - INFO - Thread 1588 - Sessão 3 - Verificando link com texto: 1010517414018
2025-05-02 12:23:33,339 - INFO - Thread 26732 - Sessão 2 - Verificando link com texto: 44.537.597 EVANIA FERREIRA DA SILVA SINTICLEPEMP
2025-05-02 12:23:33,340 - INFO - Thread 1588 - Sessão 3 - Verificando link com texto: 20/03/25
2025-05-02 12:23:33,340 - INFO - Thread 26732 - Sessão 2 - Verificando link com texto: 1010526365865
2025-05-02 12:23:33,340 - INFO - Thread 1588 - Sessão 3 - Verificando link com texto: 1470,63
2025-05-02 12:23:33,340 - INFO - Thread 26732 - Sessão 2 - Verificando link com texto: 20/04/25
2025-05-02 12:23:33,340 - INFO - Thread 1588 - Sessão 3 - Verificando link com texto: 0CIX1
2025-05-02 12:23:33,341 - INFO - Thread 26732 - Sessão 2 - Verificando link com texto: 840,36
2025-05-02 12:23:33,341 - INFO - Thread 1588 - Sessão 3 - Verificando link com texto: 49.086.988 LUAN DE SOUSA FREIRE SINTICLEPEMP
2025-05-02 12:23:33,341 - INFO - Thread 26732 - Sessão 2 - Verificando link com texto: 0CPDD
2025-05-02 12:23:33,341 - INFO - Thread 1588 - Sessão 3 - Verificando link com texto: 1010502970726
2025-05-02 12:23:33,342 - INFO - Thread 26732 - Sessão 2 - Verificando link com texto: 44.537.597 EVANIA FERREIRA DA SILVA SINTICLEPEMP
2025-05-02 12:23:33,342 - INFO - Thread 1588 - Sessão 3 - Verificando link com texto: 20/02/25
2025-05-02 12:23:33,342 - INFO - Thread 26732 - Sessão 2 - Verificando link com texto: 1010517416100
2025-05-02 12:23:33,342 - INFO - Thread 1588 - Sessão 3 - Verificando link com texto: 1470,63
2025-05-02 12:23:33,343 - INFO - Thread 26732 - Sessão 2 - Verificando link com texto: 20/03/25
2025-05-02 12:23:33,343 - INFO - Thread 1588 - Sessão 3 - Verificando link com texto: 0CIX1
2025-05-02 12:23:33,343 - INFO - Thread 26732 - Sessão 2 - Verificando link com texto: 840,36
2025-05-02 12:23:33,344 - INFO - Thread 1588 - Sessão 3 - Verificando link com texto: 49.086.988 LUAN DE SOUSA FREIRE SINTICLEPEMP
2025-05-02 12:23:33,344 - INFO - Thread 26732 - Sessão 2 - Verificando link com texto: 0CPDD
2025-05-02 12:23:33,344 - INFO - Thread 1588 - Sessão 3 - Verificando link com texto: 1010492575129
2025-05-02 12:23:33,344 - INFO - Thread 26732 - Sessão 2 - Verificando link com texto: 44.537.597 EVANIA FERREIRA DA SILVA SINTICLEPEMP
2025-05-02 12:23:33,345 - INFO - Thread 1588 - Sessão 3 - Verificando link com texto: 20/01/25
2025-05-02 12:23:33,345 - INFO - Thread 26732 - Sessão 2 - Verificando link com texto: 1010502973008
2025-05-02 12:23:33,345 - INFO - Thread 1588 - Sessão 3 - Verificando link com texto: 1470,63
2025-05-02 12:23:33,346 - INFO - Thread 26732 - Sessão 2 - Verificando link com texto: 20/02/25
2025-05-02 12:23:33,346 - INFO - Thread 1588 - Sessão 3 - Verificando link com texto: 0CIX1
2025-05-02 12:23:33,346 - INFO - Thread 26732 - Sessão 2 - Verificando link com texto: 840,36
2025-05-02 12:23:33,346 - INFO - Thread 1588 - Sessão 3 - Verificando link com texto: 49.086.988 LUAN DE SOUSA FREIRE SINTICLEPEMP
2025-05-02 12:23:33,347 - INFO - Thread 26732 - Sessão 2 - Verificando link com texto: 0CPDD
2025-05-02 12:23:33,347 - INFO - Thread 1588 - Sessão 3 - Verificando link com texto: 1010481534388
2025-05-02 12:23:33,347 - INFO - Thread 26732 - Sessão 2 - Verificando link com texto: 44.537.597 EVANIA FERREIRA DA SILVA SINTICLEPEMP
2025-05-02 12:23:33,347 - INFO - Thread 1588 - Sessão 3 - Verificando link com texto: 20/12/24
2025-05-02 12:23:33,347 - INFO - Thread 26732 - Sessão 2 - Verificando link com texto: 1010492577407
2025-05-02 12:23:33,348 - INFO - Thread 1588 - Sessão 3 - Verificando link com texto: 1470,63
2025-05-02 12:23:33,348 - INFO - Thread 26732 - Sessão 2 - Verificando link com texto: 20/01/25
2025-05-02 12:23:33,348 - INFO - Thread 1588 - Sessão 3 - Verificando link com texto: 0CIX1
2025-05-02 12:23:33,348 - INFO - Thread 26732 - Sessão 2 - Verificando link com texto: 840,36
2025-05-02 12:23:33,349 - INFO - Thread 1588 - Sessão 3 - Verificando link com texto: 49.086.988 LUAN DE SOUSA FREIRE SINTICLEPEMP
2025-05-02 12:23:33,350 - INFO - Thread 1588 - Sessão 3 - Verificando link com texto: 1010468970790
2025-05-02 12:23:33,349 - INFO - Thread 26732 - Sessão 2 - Verificando link com texto: 0CPDD
2025-05-02 12:23:33,350 - INFO - Thread 1588 - Sessão 3 - Verificando link com texto: 20/11/24
2025-05-02 12:23:33,350 - INFO - Thread 26732 - Sessão 2 - Verificando link com texto: 44.537.597 EVANIA FERREIRA DA SILVA SINTICLEPEMP
2025-05-02 12:23:33,351 - INFO - Thread 1588 - Sessão 3 - Verificando link com texto: 1470,63
2025-05-02 12:23:33,351 - INFO - Thread 26732 - Sessão 2 - Verificando link com texto: 1010481536674
2025-05-02 12:23:33,351 - INFO - Thread 1588 - Sessão 3 - Verificando link com texto: 0CIX1
2025-05-02 12:23:33,351 - INFO - Thread 26732 - Sessão 2 - Verificando link com texto: 20/12/24
2025-05-02 12:23:33,351 - INFO - Thread 1588 - Sessão 3 - Verificando link com texto: 49.086.988 LUAN DE SOUSA FREIRE SINTICLEPEMP
2025-05-02 12:23:33,352 - INFO - Thread 26732 - Sessão 2 - Verificando link com texto: 840,36
2025-05-02 12:23:33,352 - INFO - Thread 1588 - Sessão 3 - Verificando link com texto: 1010461018392
2025-05-02 12:23:33,352 - INFO - Thread 26732 - Sessão 2 - Verificando link com texto: 0CPDD
2025-05-02 12:23:33,352 - INFO - Thread 1588 - Sessão 3 - Verificando link com texto: 20/10/24
2025-05-02 12:23:33,352 - INFO - Thread 26732 - Sessão 2 - Verificando link com texto: 44.537.597 EVANIA FERREIRA DA SILVA SINTICLEPEMP
2025-05-02 12:23:33,353 - INFO - Thread 1588 - Sessão 3 - Verificando link com texto: 1470,63
2025-05-02 12:23:33,353 - INFO - Thread 26732 - Sessão 2 - Verificando link com texto: 1010468973136
2025-05-02 12:23:33,353 - INFO - Thread 1588 - Sessão 3 - Verificando link com texto: 0CIX1
2025-05-02 12:23:33,354 - INFO - Thread 26732 - Sessão 2 - Verificando link com texto: 20/11/24
2025-05-02 12:23:33,354 - INFO - Thread 1588 - Sessão 3 - Verificando link com texto: 49.086.988 LUAN DE SOUSA FREIRE SINTICLEPEMP
2025-05-02 12:23:33,354 - INFO - Thread 26732 - Sessão 2 - Verificando link com texto: 840,36
2025-05-02 12:23:33,355 - INFO - Thread 1588 - Sessão 3 - Verificando link com texto: 1010447316861
2025-05-02 12:23:33,355 - INFO - Thread 26732 - Sessão 2 - Verificando link com texto: 0CPDD
2025-05-02 12:23:33,355 - INFO - Thread 1588 - Sessão 3 - Verificando link com texto: 20/09/24
2025-05-02 12:23:33,355 - INFO - Thread 26732 - Sessão 2 - Verificando link com texto: 44.537.597 EVANIA FERREIRA DA SILVA SINTICLEPEMP
2025-05-02 12:23:33,355 - INFO - Thread 1588 - Sessão 3 - Verificando link com texto: 1470,63
2025-05-02 12:23:33,355 - INFO - Thread 26732 - Sessão 2 - Verificando link com texto: 1010461020753
2025-05-02 12:23:33,356 - INFO - Thread 1588 - Sessão 3 - Verificando link com texto: 0CIX1
2025-05-02 12:23:33,356 - INFO - Thread 26732 - Sessão 2 - Verificando link com texto: 20/10/24
2025-05-02 12:23:33,356 - INFO - Thread 1588 - Sessão 3 - Verificando link com texto: 49.086.988 LUAN DE SOUSA FREIRE SINTICLEPEMP
2025-05-02 12:23:33,356 - INFO - Thread 26732 - Sessão 2 - Verificando link com texto: 840,36
2025-05-02 12:23:33,356 - INFO - Thread 1588 - Sessão 3 - Verificando link com texto: 1010435252200
2025-05-02 12:23:33,356 - INFO - Thread 26732 - Sessão 2 - Verificando link com texto: 0CPDD
2025-05-02 12:23:33,357 - INFO - Thread 26732 - Sessão 2 - Verificando link com texto: 44.537.597 EVANIA FERREIRA DA SILVA SINTICLEPEMP
2025-05-02 12:23:33,357 - INFO - Thread 26732 - Sessão 2 - Verificando link com texto: 1010447319305
2025-05-02 12:23:33,357 - INFO - Thread 26732 - Sessão 2 - Verificando link com texto: 20/09/24
2025-05-02 12:23:33,357 - INFO - Thread 26732 - Sessão 2 - Verificando link com texto: 840,36
2025-05-02 12:23:33,357 - INFO - Thread 26732 - Sessão 2 - Verificando link com texto: 0CPDD
2025-05-02 12:23:33,357 - INFO - Thread 26732 - Sessão 2 - Verificando link com texto: 44.537.597 EVANIA FERREIRA DA SILVA SINTICLEPEMP
2025-05-02 12:23:33,357 - INFO - Thread 26732 - Sessão 2 - Verificando link com texto: 1010435254645
2025-05-02 12:23:33,357 - INFO - Thread 26732 - Sessão 2 - Verificando link com texto: 20/08/24
2025-05-02 12:23:33,357 - INFO - Thread 1588 - Sessão 3 - Verificando link com texto: 20/08/24
2025-05-02 12:23:33,357 - INFO - Thread 26732 - Sessão 2 - Verificando link com texto: 840,36
2025-05-02 12:23:33,358 - INFO - Thread 1588 - Sessão 3 - Verificando link com texto: 1470,63
2025-05-02 12:23:33,358 - INFO - Thread 26732 - Sessão 2 - Verificando link com texto: 0CPDD
2025-05-02 12:23:33,358 - INFO - Thread 1588 - Sessão 3 - Verificando link com texto: 0CIX1
2025-05-02 12:23:33,358 - INFO - Thread 26732 - Sessão 2 - Verificando link com texto: 44.537.597 EVANIA FERREIRA DA SILVA SINTICLEPEMP
2025-05-02 12:23:33,359 - INFO - Thread 1588 - Sessão 3 - Verificando link com texto: 49.086.988 LUAN DE SOUSA FREIRE SINTICLEPEMP
2025-05-02 12:23:33,359 - INFO - Thread 26732 - Sessão 2 - Verificando link com texto: 1010425802801
2025-05-02 12:23:33,359 - INFO - Thread 1588 - Sessão 3 - Verificando link com texto: 1010425800329
2025-05-02 12:23:33,359 - INFO - Thread 26732 - Sessão 2 - Verificando link com texto: 20/07/24
2025-05-02 12:23:33,360 - INFO - Thread 1588 - Sessão 3 - Verificando link com texto: 20/07/24
2025-05-02 12:23:33,360 - INFO - Thread 26732 - Sessão 2 - Verificando link com texto: 840,36
2025-05-02 12:23:33,360 - INFO - Thread 1588 - Sessão 3 - Verificando link com texto: 1470,63
2025-05-02 12:23:33,360 - INFO - Thread 26732 - Sessão 2 - Verificando link com texto: 0CPDD
2025-05-02 12:23:33,361 - INFO - Thread 1588 - Sessão 3 - Verificando link com texto: 0CIX1
2025-05-02 12:23:33,361 - INFO - Thread 26732 - Sessão 2 - Verificando link com texto: 44.537.597 EVANIA FERREIRA DA SILVA SINTICLEPEMP
2025-05-02 12:23:33,361 - INFO - Thread 1588 - Sessão 3 - Verificando link com texto: 49.086.988 LUAN DE SOUSA FREIRE SINTICLEPEMP
2025-05-02 12:23:33,361 - INFO - Thread 26732 - Sessão 2 - Verificando link com texto: 1010413641816
2025-05-02 12:23:33,362 - INFO - Thread 1588 - Sessão 3 - Verificando link com texto: 1010413639420
2025-05-02 12:23:33,362 - INFO - Thread 26732 - Sessão 2 - Verificando link com texto: 20/06/24
2025-05-02 12:23:33,362 - INFO - Thread 1588 - Sessão 3 - Verificando link com texto: 20/06/24
2025-05-02 12:23:33,362 - INFO - Thread 26732 - Sessão 2 - Verificando link com texto: 840,36
2025-05-02 12:23:33,362 - INFO - Thread 26732 - Sessão 2 - Verificando link com texto: 0CPDD
2025-05-02 12:23:33,362 - INFO - Thread 1588 - Sessão 3 - Verificando link com texto: 1470,63
2025-05-02 12:23:33,363 - INFO - Thread 26732 - Sessão 2 - Verificando link com texto: 44.537.597 EVANIA FERREIRA DA SILVA SINTICLEPEMP
2025-05-02 12:23:33,363 - INFO - Thread 1588 - Sessão 3 - Verificando link com texto: 0CIX1
2025-05-02 12:23:33,363 - INFO - Thread 26732 - Sessão 2 - Verificando link com texto: 1010402394405
2025-05-02 12:23:33,363 - INFO - Thread 1588 - Sessão 3 - Verificando link com texto: 49.086.988 LUAN DE SOUSA FREIRE SINTICLEPEMP
2025-05-02 12:23:33,363 - INFO - Thread 26732 - Sessão 2 - Verificando link com texto: 20/05/24
2025-05-02 12:23:33,364 - INFO - Thread 1588 - Sessão 3 - Verificando link com texto: 1010402391970
2025-05-02 12:23:33,364 - INFO - Thread 26732 - Sessão 2 - Verificando link com texto: 894,8
2025-05-02 12:23:33,364 - INFO - Thread 1588 - Sessão 3 - Verificando link com texto: 20/05/24
2025-05-02 12:23:33,364 - INFO - Thread 26732 - Sessão 2 - Verificando link com texto: 0CPDD
2025-05-02 12:23:33,365 - INFO - Thread 1588 - Sessão 3 - Verificando link com texto: 1565,9
2025-05-02 12:23:33,365 - INFO - Thread 26732 - Sessão 2 - Verificando link com texto: 44.537.597 EVANIA FERREIRA DA SILVA SINTICLEPEMP
2025-05-02 12:23:33,365 - INFO - Thread 1588 - Sessão 3 - Verificando link com texto: 0CIX1
2025-05-02 12:23:33,366 - INFO - Thread 26732 - Sessão 2 - Verificando link com texto: 1010393542621
2025-05-02 12:23:33,366 - INFO - Thread 1588 - Sessão 3 - Verificando link com texto: 49.086.988 LUAN DE SOUSA FREIRE SINTICLEPEMP
2025-05-02 12:23:33,367 - INFO - Thread 26732 - Sessão 2 - Verificando link com texto: 20/04/24
2025-05-02 12:23:33,368 - INFO - Thread 1588 - Sessão 3 - Verificando link com texto: 1010393540041
2025-05-02 12:23:33,368 - INFO - Thread 26732 - Sessão 2 - Verificando link com texto: 771
2025-05-02 12:23:33,368 - INFO - Thread 26732 - Sessão 2 - Verificando link com texto: 0CPDD
2025-05-02 12:23:33,368 - INFO - Thread 1588 - Sessão 3 - Verificando link com texto: 20/04/24
2025-05-02 12:23:33,369 - INFO - Thread 1588 - Sessão 3 - Verificando link com texto: 1349,25
2025-05-02 12:23:33,368 - INFO - Thread 26732 - Sessão 2 - Verificando link com texto: 44.537.597 EVANIA FERREIRA DA SILVA SINTICLEPEMP
2025-05-02 12:23:33,369 - INFO - Thread 26732 - Sessão 2 - Verificando link com texto: 1010380493481
2025-05-02 12:23:33,369 - INFO - Thread 1588 - Sessão 3 - Verificando link com texto: 0CIX1
2025-05-02 12:23:33,369 - INFO - Thread 1588 - Sessão 3 - Verificando link com texto: 49.086.988 LUAN DE SOUSA FREIRE SINTICLEPEMP
2025-05-02 12:23:33,369 - INFO - Thread 26732 - Sessão 2 - Verificando link com texto: 20/03/24
2025-05-02 12:23:33,369 - INFO - Thread 1588 - Sessão 3 - Verificando link com texto: 1010380490717
2025-05-02 12:23:33,370 - INFO - Thread 26732 - Sessão 2 - Verificando link com texto: 771
2025-05-02 12:23:33,370 - INFO - Thread 1588 - Sessão 3 - Verificando link com texto: 20/03/24
2025-05-02 12:23:33,370 - INFO - Thread 26732 - Sessão 2 - Verificando link com texto: 0CPDD
2025-05-02 12:23:33,370 - INFO - Thread 1588 - Sessão 3 - Verificando link com texto: 1349,25
2025-05-02 12:23:33,371 - INFO - Thread 26732 - Sessão 2 - Verificando link com texto: 44.537.597 EVANIA FERREIRA DA SILVA SINTICLEPEMP
2025-05-02 12:23:33,371 - INFO - Thread 1588 - Sessão 3 - Verificando link com texto: 0CIX1
2025-05-02 12:23:33,371 - INFO - Thread 26732 - Sessão 2 - Verificando link com texto: 1010368370200
2025-05-02 12:23:33,371 - INFO - Thread 26732 - Sessão 2 - Verificando link com texto: 20/02/24
2025-05-02 12:23:33,371 - INFO - Thread 1588 - Sessão 3 - Verificando link com texto: 49.086.988 LUAN DE SOUSA FREIRE SINTICLEPEMP
2025-05-02 12:23:33,371 - INFO - Thread 26732 - Sessão 2 - Verificando link com texto: 924,72
2025-05-02 12:23:33,372 - INFO - Thread 1588 - Sessão 3 - Verificando link com texto: 1010368367099
2025-05-02 12:23:33,372 - INFO - Thread 26732 - Sessão 2 - Verificando link com texto: 0CPDD
2025-05-02 12:23:33,372 - INFO - Thread 1588 - Sessão 3 - Verificando link com texto: 20/02/24
2025-05-02 12:23:33,372 - INFO - Thread 26732 - Sessão 2 - Verificando link com texto: 44.537.597 EVANIA FERREIRA DA SILVA SINTICLEPEMP
2025-05-02 12:23:33,372 - INFO - Thread 1588 - Sessão 3 - Verificando link com texto: 1618,26
2025-05-02 12:23:33,372 - INFO - Thread 26732 - Sessão 2 - Verificando link com texto: 1010360940555
2025-05-02 12:23:33,373 - INFO - Thread 1588 - Sessão 3 - Verificando link com texto: 0CIX1
2025-05-02 12:23:33,373 - INFO - Thread 26732 - Sessão 2 - Verificando link com texto: 20/01/24
2025-05-02 12:23:33,373 - INFO - Thread 1588 - Sessão 3 - Verificando link com texto: 49.086.988 LUAN DE SOUSA FREIRE SINTICLEPEMP
2025-05-02 12:23:33,373 - INFO - Thread 26732 - Sessão 2 - Verificando link com texto: 771
2025-05-02 12:23:33,374 - INFO - Thread 1588 - Sessão 3 - Verificando link com texto: 1010360937376
2025-05-02 12:23:33,374 - INFO - Thread 26732 - Sessão 2 - Verificando link com texto: 0CPDD
2025-05-02 12:23:33,374 - INFO - Thread 1588 - Sessão 3 - Verificando link com texto: 20/01/24
2025-05-02 12:23:33,374 - INFO - Thread 26732 - Sessão 2 - Verificando link com texto: 44.537.597 EVANIA FERREIRA DA SILVA SINTICLEPEMP
2025-05-02 12:23:33,375 - INFO - Thread 1588 - Sessão 3 - Verificando link com texto: 1349,25
2025-05-02 12:23:33,375 - INFO - Thread 26732 - Sessão 2 - Verificando link com texto: 1010347715349
2025-05-02 12:23:33,375 - INFO - Thread 1588 - Sessão 3 - Verificando link com texto: 0CIX1
2025-05-02 12:23:33,375 - INFO - Thread 26732 - Sessão 2 - Verificando link com texto: 20/12/23
2025-05-02 12:23:33,376 - INFO - Thread 1588 - Sessão 3 - Verificando link com texto: 49.086.988 LUAN DE SOUSA FREIRE SINTICLEPEMP
2025-05-02 12:23:33,376 - INFO - Thread 26732 - Sessão 2 - Verificando link com texto: 1119
2025-05-02 12:23:33,376 - INFO - Thread 1588 - Sessão 3 - Verificando link com texto: 1010347712110
2025-05-02 12:23:33,376 - INFO - Thread 26732 - Sessão 2 - Verificando link com texto: 0CPDD
2025-05-02 12:23:33,376 - INFO - Thread 1588 - Sessão 3 - Verificando link com texto: 20/12/23
2025-05-02 12:23:33,377 - INFO - Thread 26732 - Sessão 2 - Verificando link com texto: 44.537.597 EVANIA FERREIRA DA SILVA SINTICLEPEMP
2025-05-02 12:23:33,377 - INFO - Thread 1588 - Sessão 3 - Verificando link com texto: 1349,25
2025-05-02 12:23:33,377 - INFO - Thread 1588 - Sessão 3 - Verificando link com texto: 0CIX1
2025-05-02 12:23:33,377 - INFO - Thread 26732 - Sessão 2 - Verificando link com texto: 1010336992508
2025-05-02 12:23:33,377 - INFO - Thread 1588 - Sessão 3 - Verificando link com texto: 49.086.988 LUAN DE SOUSA FREIRE SINTICLEPEMP
2025-05-02 12:23:33,377 - INFO - Thread 26732 - Sessão 2 - Verificando link com texto: 20/11/23
2025-05-02 12:23:33,377 - INFO - Thread 1588 - Sessão 3 - Verificando link com texto: 1010336989175
2025-05-02 12:23:33,378 - INFO - Thread 26732 - Sessão 2 - Verificando link com texto: 385,5
2025-05-02 12:23:33,378 - INFO - Thread 1588 - Sessão 3 - Verificando link com texto: 20/11/23
2025-05-02 12:23:33,378 - INFO - Thread 26732 - Sessão 2 - Verificando link com texto: 0CPDD
2025-05-02 12:23:33,378 - INFO - Thread 1588 - Sessão 3 - Verificando link com texto: 1349,25
2025-05-02 12:23:33,378 - INFO - Thread 26732 - Sessão 2 - Verificando link com texto: 44.537.597 EVANIA FERREIRA DA SILVA SINTICLEPEMP
2025-05-02 12:23:33,379 - INFO - Thread 1588 - Sessão 3 - Verificando link com texto: 0CIX1
2025-05-02 12:23:33,379 - INFO - Thread 26732 - Sessão 2 - Verificando link com texto: 1010326186835
2025-05-02 12:23:33,379 - INFO - Thread 1588 - Sessão 3 - Verificando link com texto: 49.086.988 LUAN DE SOUSA FREIRE SINTICLEPEMP
2025-05-02 12:23:33,379 - INFO - Thread 26732 - Sessão 2 - Verificando link com texto: 20/10/23
2025-05-02 12:23:33,380 - INFO - Thread 26732 - Sessão 2 - Verificando link com texto: 385,5
2025-05-02 12:23:33,380 - INFO - Thread 26732 - Sessão 2 - Verificando link com texto: 0CPDD
2025-05-02 12:23:33,380 - INFO - Thread 26732 - Sessão 2 - Verificando link com texto: 44.537.597 EVANIA FERREIRA DA SILVA SINTICLEPEMP
2025-05-02 12:23:33,380 - INFO - Thread 26732 - Sessão 2 - Verificando link com texto: 1010314586698
2025-05-02 12:23:33,380 - INFO - Thread 1588 - Sessão 3 - Verificando link com texto: 1010326183488
2025-05-02 12:23:33,381 - INFO - Thread 1588 - Sessão 3 - Verificando link com texto: 20/10/23
2025-05-02 12:23:33,381 - INFO - Thread 1588 - Sessão 3 - Verificando link com texto: 2199,45
2025-05-02 12:23:33,381 - INFO - Thread 1588 - Sessão 3 - Verificando link com texto: 0CIX1
2025-05-02 12:23:33,381 - INFO - Thread 1588 - Sessão 3 - Verificando link com texto: 49.086.988 LUAN DE SOUSA FREIRE SINTICLEPEMP
2025-05-02 12:23:33,382 - INFO - Thread 1588 - Sessão 3 - Verificando link com texto: 1010314583281
2025-05-02 12:23:33,382 - INFO - Thread 1588 - Sessão 3 - Verificando link com texto: 20/09/23
2025-05-02 12:23:33,382 - INFO - Thread 1588 - Sessão 3 - Verificando link com texto: 578,25
2025-05-02 12:23:33,382 - INFO - Thread 1588 - Sessão 3 - Verificando link com texto: 0CIX1
2025-05-02 12:23:33,382 - INFO - Thread 1588 - Sessão 3 - Verificando link com texto: 49.086.988 LUAN DE SOUSA FREIRE SINTICLEPEMP
2025-05-02 12:23:33,382 - INFO - Thread 1588 - Sessão 3 - Verificando link com texto: 1010304984364
2025-05-02 12:23:33,382 - INFO - Thread 1588 - Sessão 3 - Verificando link com texto: 20/08/23
2025-05-02 12:23:33,382 - INFO - Thread 1588 - Sessão 3 - Verificando link com texto: 578,25
2025-05-02 12:23:33,382 - INFO - Thread 1588 - Sessão 3 - Verificando link com texto: 0CIX1
2025-05-02 12:23:33,382 - INFO - Thread 1588 - Sessão 3 - Verificando link com texto: 49.086.988 LUAN DE SOUSA FREIRE SINTICLEPEMP
2025-05-02 12:23:33,382 - INFO - Thread 1588 - Sessão 3 - Verificando link com texto: 1010293086403
2025-05-02 12:23:33,382 - INFO - Thread 1588 - Sessão 3 - Verificando link com texto: 20/07/23
2025-05-02 12:23:33,383 - INFO - Thread 1588 - Sessão 3 - Verificando link com texto: 578,25
2025-05-02 12:23:33,383 - INFO - Thread 1588 - Sessão 3 - Verificando link com texto: 0CIX1
2025-05-02 12:23:33,383 - INFO - Thread 1588 - Sessão 3 - Verificando link com texto: 49.086.988 LUAN DE SOUSA FREIRE SINTICLEPEMP
2025-05-02 12:23:33,383 - INFO - Thread 1588 - Sessão 3 - Verificando link com texto: 1010282593325
2025-05-02 12:23:33,383 - INFO - Thread 1588 - Sessão 3 - Verificando link com texto: 20/06/23
2025-05-02 12:23:33,383 - INFO - Thread 1588 - Sessão 3 - Verificando link com texto: 578,25
2025-05-02 12:23:33,383 - INFO - Thread 1588 - Sessão 3 - Verificando link com texto: 0CIX1
2025-05-02 12:23:33,384 - INFO - Thread 1588 - Sessão 3 - Verificando link com texto: 49.086.988 LUAN DE SOUSA FREIRE SINTICLEPEMP
2025-05-02 12:23:33,384 - INFO - Thread 1588 - Sessão 3 - Verificando link com texto: 1010272474935
2025-05-02 12:23:33,384 - INFO - Thread 1588 - Sessão 3 - Verificando link com texto: 20/05/23
2025-05-02 12:23:33,384 - INFO - Thread 1588 - Sessão 3 - Verificando link com texto: 729,18
2025-05-02 12:23:33,384 - INFO - Thread 1588 - Sessão 3 - Verificando link com texto: 0CIX1
2025-05-02 12:23:33,384 - INFO - Thread 1588 - Sessão 3 - Verificando link com texto: 49.086.988 LUAN DE SOUSA FREIRE SINTICLEPEMP
2025-05-02 12:23:33,384 - INFO - Thread 1588 - Sessão 3 - Verificando link com texto: 1010262052990
2025-05-02 12:23:33,385 - INFO - Thread 1588 - Sessão 3 - Verificando link com texto: 20/04/23
2025-05-02 12:23:33,385 - INFO - Thread 1588 - Sessão 3 - Verificando link com texto: 614,29
2025-05-02 12:23:33,385 - INFO - Thread 1588 - Sessão 3 - Verificando link com texto: 0CIX1
2025-05-02 12:23:33,385 - INFO - Thread 1588 - Sessão 3 - Verificando link com texto: 49.086.988 LUAN DE SOUSA FREIRE SINTICLEPEMP
2025-05-02 12:23:33,385 - INFO - Thread 1588 - Sessão 3 - Verificando link com texto: 28141000020799519
2025-05-02 12:23:33,385 - INFO - Thread 1588 - Sessão 3 - Verificando link com texto: 20/03/23
2025-05-02 12:23:33,385 - INFO - Thread 1588 - Sessão 3 - Verificando link com texto: 643,44
2025-05-02 12:23:33,386 - ERROR - Thread 1588 - Sessão 3 - Data de vencimento 20/5/25 não encontrada. Datas disponíveis: ['0CIX1', '49.086.988 LUAN DE SOUSA FREIRE SINTICLEPEMP', '1010526363579', '20/04/25', '1470,63', '0CIX1', '49.086.988 LUAN DE SOUSA FREIRE SINTICLEPEMP', '1010517414018', '20/03/25', '1470,63', '0CIX1', '49.086.988 LUAN DE SOUSA FREIRE SINTICLEPEMP', '1010502970726', '20/02/25', '1470,63', '0CIX1', '49.086.988 LUAN DE SOUSA FREIRE SINTICLEPEMP', '1010492575129', '20/01/25', '1470,63', '0CIX1', '49.086.988 LUAN DE SOUSA FREIRE SINTICLEPEMP', '1010481534388', '20/12/24', '1470,63', '0CIX1', '49.086.988 LUAN DE SOUSA FREIRE SINTICLEPEMP', '1010468970790', '20/11/24', '1470,63', '0CIX1', '49.086.988 LUAN DE SOUSA FREIRE SINTICLEPEMP', '1010461018392', '20/10/24', '1470,63', '0CIX1', '49.086.988 LUAN DE SOUSA FREIRE SINTICLEPEMP', '1010447316861', '20/09/24', '1470,63', '0CIX1', '49.086.988 LUAN DE SOUSA FREIRE SINTICLEPEMP', '1010435252200', '20/08/24', '1470,63', '0CIX1', '49.086.988 LUAN DE SOUSA FREIRE SINTICLEPEMP', '1010425800329', '20/07/24', '1470,63', '0CIX1', '49.086.988 LUAN DE SOUSA FREIRE SINTICLEPEMP', '1010413639420', '20/06/24', '1470,63', '0CIX1', '49.086.988 LUAN DE SOUSA FREIRE SINTICLEPEMP', '1010402391970', '20/05/24', '1565,9', '0CIX1', '49.086.988 LUAN DE SOUSA FREIRE SINTICLEPEMP', '1010393540041', '20/04/24', '1349,25', '0CIX1', '49.086.988 LUAN DE SOUSA FREIRE SINTICLEPEMP', '1010380490717', '20/03/24', '1349,25', '0CIX1', '49.086.988 LUAN DE SOUSA FREIRE SINTICLEPEMP', '1010368367099', '20/02/24', '1618,26', '0CIX1', '49.086.988 LUAN DE SOUSA FREIRE SINTICLEPEMP', '1010360937376', '20/01/24', '1349,25', '0CIX1', '49.086.988 LUAN DE SOUSA FREIRE SINTICLEPEMP', '1010347712110', '20/12/23', '1349,25', '0CIX1', '49.086.988 LUAN DE SOUSA FREIRE SINTICLEPEMP', '1010336989175', '20/11/23', '1349,25', '0CIX1', '49.086.988 LUAN DE SOUSA FREIRE SINTICLEPEMP', '1010326183488', '20/10/23', '2199,45', '0CIX1', '49.086.988 LUAN DE SOUSA FREIRE SINTICLEPEMP', '1010314583281', '20/09/23', '578,25', '0CIX1', '49.086.988 LUAN DE SOUSA FREIRE SINTICLEPEMP', '1010304984364', '20/08/23', '578,25', '0CIX1', '49.086.988 LUAN DE SOUSA FREIRE SINTICLEPEMP', '1010293086403', '20/07/23', '578,25', '0CIX1', '49.086.988 LUAN DE SOUSA FREIRE SINTICLEPEMP', '1010282593325', '20/06/23', '578,25', '0CIX1', '49.086.988 LUAN DE SOUSA FREIRE SINTICLEPEMP', '1010272474935', '20/05/23', '729,18', '0CIX1', '49.086.988 LUAN DE SOUSA FREIRE SINTICLEPEMP', '1010262052990', '20/04/23', '614,29', '0CIX1', '49.086.988 LUAN DE SOUSA FREIRE SINTICLEPEMP', '28141000020799519', '20/03/23', '643,44']
2025-05-02 12:23:33,386 - INFO - Thread 12832 - Progresso: 2/3 (66%)
2025-05-02 12:23:33,380 - INFO - Thread 26732 - Sessão 2 - Verificando link com texto: 20/09/23
2025-05-02 12:23:33,387 - INFO - Thread 26732 - Sessão 2 - Verificando link com texto: 385,5
2025-05-02 12:23:33,387 - INFO - Thread 26732 - Sessão 2 - Verificando link com texto: 0CPDD
2025-05-02 12:23:33,387 - INFO - Thread 26732 - Sessão 2 - Verificando link com texto: 44.537.597 EVANIA FERREIRA DA SILVA SINTICLEPEMP
2025-05-02 12:23:33,387 - INFO - Thread 26732 - Sessão 2 - Verificando link com texto: 1010304987894
2025-05-02 12:23:33,387 - INFO - Thread 26732 - Sessão 2 - Verificando link com texto: 20/08/23
2025-05-02 12:23:33,387 - INFO - Thread 26732 - Sessão 2 - Verificando link com texto: 385,5
2025-05-02 12:23:33,387 - INFO - Thread 26732 - Sessão 2 - Verificando link com texto: 0CPDD
2025-05-02 12:23:33,387 - INFO - Thread 26732 - Sessão 2 - Verificando link com texto: 44.537.597 EVANIA FERREIRA DA SILVA SINTICLEPEMP
2025-05-02 12:23:33,387 - INFO - Thread 26732 - Sessão 2 - Verificando link com texto: 1010293090087
2025-05-02 12:23:33,388 - INFO - Thread 26732 - Sessão 2 - Verificando link com texto: 20/07/23
2025-05-02 12:23:33,388 - INFO - Thread 26732 - Sessão 2 - Verificando link com texto: 385,5
2025-05-02 12:23:33,388 - INFO - Thread 26732 - Sessão 2 - Verificando link com texto: 0CPDD
2025-05-02 12:23:33,388 - INFO - Thread 26732 - Sessão 2 - Verificando link com texto: 44.537.597 EVANIA FERREIRA DA SILVA SINTICLEPEMP
2025-05-02 12:23:33,388 - INFO - Thread 26732 - Sessão 2 - Verificando link com texto: 1010282597096
2025-05-02 12:23:33,388 - INFO - Thread 26732 - Sessão 2 - Verificando link com texto: 20/06/23
2025-05-02 12:23:33,388 - INFO - Thread 26732 - Sessão 2 - Verificando link com texto: 385,5
2025-05-02 12:23:33,388 - INFO - Thread 26732 - Sessão 2 - Verificando link com texto: 0CPDD
2025-05-02 12:23:33,388 - INFO - Thread 26732 - Sessão 2 - Verificando link com texto: 44.537.597 EVANIA FERREIRA DA SILVA SINTICLEPEMP
2025-05-02 12:23:33,388 - INFO - Thread 26732 - Sessão 2 - Verificando link com texto: 1010272478817
2025-05-02 12:23:33,388 - INFO - Thread 26732 - Sessão 2 - Verificando link com texto: 20/05/23
2025-05-02 12:23:33,388 - INFO - Thread 26732 - Sessão 2 - Verificando link com texto: 472,34
2025-05-02 12:23:33,388 - INFO - Thread 26732 - Sessão 2 - Verificando link com texto: 0CPDD
2025-05-02 12:23:33,388 - INFO - Thread 26732 - Sessão 2 - Verificando link com texto: 44.537.597 EVANIA FERREIRA DA SILVA SINTICLEPEMP
2025-05-02 12:23:33,389 - INFO - Thread 26732 - Sessão 2 - Verificando link com texto: 1010262056650
2025-05-02 12:23:33,389 - INFO - Thread 26732 - Sessão 2 - Verificando link com texto: 20/04/23
2025-05-02 12:23:33,389 - INFO - Thread 26732 - Sessão 2 - Verificando link com texto: 344,2
2025-05-02 12:23:33,389 - INFO - Thread 26732 - Sessão 2 - Verificando link com texto: 0CPDD
2025-05-02 12:23:33,389 - INFO - Thread 26732 - Sessão 2 - Verificando link com texto: 44.537.597 EVANIA FERREIRA DA SILVA SINTICLEPEMP
2025-05-02 12:23:33,389 - INFO - Thread 26732 - Sessão 2 - Verificando link com texto: 28141000021153611
2025-05-02 12:23:33,389 - INFO - Thread 26732 - Sessão 2 - Verificando link com texto: 20/03/23
2025-05-02 12:23:33,389 - INFO - Thread 26732 - Sessão 2 - Verificando link com texto: 379,56
2025-05-02 12:23:33,390 - ERROR - Thread 26732 - Sessão 2 - Data de vencimento 20/5/25 não encontrada. Datas disponíveis: ['0CPDD', '44.537.597 EVANIA FERREIRA DA SILVA SINTICLEPEMP', '1010526365865', '20/04/25', '840,36', '0CPDD', '44.537.597 EVANIA FERREIRA DA SILVA SINTICLEPEMP', '1010517416100', '20/03/25', '840,36', '0CPDD', '44.537.597 EVANIA FERREIRA DA SILVA SINTICLEPEMP', '1010502973008', '20/02/25', '840,36', '0CPDD', '44.537.597 EVANIA FERREIRA DA SILVA SINTICLEPEMP', '1010492577407', '20/01/25', '840,36', '0CPDD', '44.537.597 EVANIA FERREIRA DA SILVA SINTICLEPEMP', '1010481536674', '20/12/24', '840,36', '0CPDD', '44.537.597 EVANIA FERREIRA DA SILVA SINTICLEPEMP', '1010468973136', '20/11/24', '840,36', '0CPDD', '44.537.597 EVANIA FERREIRA DA SILVA SINTICLEPEMP', '1010461020753', '20/10/24', '840,36', '0CPDD', '44.537.597 EVANIA FERREIRA DA SILVA SINTICLEPEMP', '1010447319305', '20/09/24', '840,36', '0CPDD', '44.537.597 EVANIA FERREIRA DA SILVA SINTICLEPEMP', '1010435254645', '20/08/24', '840,36', '0CPDD', '44.537.597 EVANIA FERREIRA DA SILVA SINTICLEPEMP', '1010425802801', '20/07/24', '840,36', '0CPDD', '44.537.597 EVANIA FERREIRA DA SILVA SINTICLEPEMP', '1010413641816', '20/06/24', '840,36', '0CPDD', '44.537.597 EVANIA FERREIRA DA SILVA SINTICLEPEMP', '1010402394405', '20/05/24', '894,8', '0CPDD', '44.537.597 EVANIA FERREIRA DA SILVA SINTICLEPEMP', '1010393542621', '20/04/24', '771', '0CPDD', '44.537.597 EVANIA FERREIRA DA SILVA SINTICLEPEMP', '1010380493481', '20/03/24', '771', '0CPDD', '44.537.597 EVANIA FERREIRA DA SILVA SINTICLEPEMP', '1010368370200', '20/02/24', '924,72', '0CPDD', '44.537.597 EVANIA FERREIRA DA SILVA SINTICLEPEMP', '1010360940555', '20/01/24', '771', '0CPDD', '44.537.597 EVANIA FERREIRA DA SILVA SINTICLEPEMP', '1010347715349', '20/12/23', '1119', '0CPDD', '44.537.597 EVANIA FERREIRA DA SILVA SINTICLEPEMP', '1010336992508', '20/11/23', '385,5', '0CPDD', '44.537.597 EVANIA FERREIRA DA SILVA SINTICLEPEMP', '1010326186835', '20/10/23', '385,5', '0CPDD', '44.537.597 EVANIA FERREIRA DA SILVA SINTICLEPEMP', '1010314586698', '20/09/23', '385,5', '0CPDD', '44.537.597 EVANIA FERREIRA DA SILVA SINTICLEPEMP', '1010304987894', '20/08/23', '385,5', '0CPDD', '44.537.597 EVANIA FERREIRA DA SILVA SINTICLEPEMP', '1010293090087', '20/07/23', '385,5', '0CPDD', '44.537.597 EVANIA FERREIRA DA SILVA SINTICLEPEMP', '1010282597096', '20/06/23', '385,5', '0CPDD', '44.537.597 EVANIA FERREIRA DA SILVA SINTICLEPEMP', '1010272478817', '20/05/23', '472,34', '0CPDD', '44.537.597 EVANIA FERREIRA DA SILVA SINTICLEPEMP', '1010262056650', '20/04/23', '344,2', '0CPDD', '44.537.597 EVANIA FERREIRA DA SILVA SINTICLEPEMP', '28141000021153611', '20/03/23', '379,56']
2025-05-02 12:23:33,390 - INFO - Thread 12832 - Progresso: 3/3 (100%)
2025-05-02 12:23:33,506 - INFO - Thread 12832 - Status atualizados no Excel com sucesso
2025-05-02 12:23:33,507 - INFO - Thread 12832 - Extração de notas fiscais concluída
2025-05-02 12:23:33,514 - INFO - Thread 12832 - Subpasta vazia removida: C:\Users\chrys\OneDrive\Desktop\Site\downloads\driver_1
2025-05-02 12:23:33,515 - INFO - Thread 12832 - Subpasta vazia removida: C:\Users\chrys\OneDrive\Desktop\Site\downloads\driver_2
2025-05-02 12:23:33,515 - INFO - Thread 12832 - Subpasta vazia removida: C:\Users\chrys\OneDrive\Desktop\Site\downloads\driver_3
2025-05-02 12:23:33,516 - INFO - Thread 12832 - Subpasta vazia removida: C:\Users\chrys\OneDrive\Desktop\Site\downloads\driver_4
2025-05-02 12:23:33,516 - INFO - Thread 12832 - Subpasta vazia removida: C:\Users\chrys\OneDrive\Desktop\Site\downloads\driver_5
2025-05-02 12:23:33,543 - INFO - Thread 12832 - Subpasta vazia removida: C:\Users\chrys\OneDrive\Desktop\Site\downloads\driver_6
2025-05-02 12:23:33,546 - INFO - Thread 12832 - Subpasta vazia removida: C:\Users\chrys\OneDrive\Desktop\Site\downloads\driver_7
2025-05-02 12:23:33,547 - INFO - Thread 12832 - Subpasta vazia removida: C:\Users\chrys\OneDrive\Desktop\Site\downloads\driver_8
2025-05-02 12:23:33,551 - INFO - Thread 12832 - Sessão 1 fechada com sucesso
2025-05-02 12:23:33,556 - INFO - Thread 12832 - Sessão 2 fechada com sucesso
2025-05-02 12:23:33,558 - INFO - Thread 12832 - Sessão 3 fechada com sucesso
2025-05-02 12:23:33,559 - INFO - Thread 12832 - Sessão 4 fechada com sucesso
2025-05-02 12:23:33,559 - INFO - Thread 12832 - Sessão 5 fechada com sucesso
2025-05-02 12:23:33,559 - INFO - Thread 12832 - Sessão 6 fechada com sucesso
2025-05-02 12:23:33,559 - INFO - Thread 12832 - Sessão 7 fechada com sucesso
2025-05-02 12:23:33,559 - INFO - Thread 12832 - Sessão 8 fechada com sucesso
2025-05-02 12:23:33,561 - INFO - Thread 12832 - Extração de notas fiscais concluída. 29 notas geradas.
2025-05-02 12:42:39,702 - INFO - Thread 33116 - Iniciando extração de notas fiscais
2025-05-02 12:42:39,704 - INFO - Thread 33116 - Iniciando extração de notas fiscais
2025-05-02 12:42:39,744 - INFO - Thread 33116 - Total de empresas a processar: 3
2025-05-02 12:42:39,745 - INFO - Thread 33116 - Pasta de downloads criada: C:\Users\chrys\OneDrive\Desktop\Site\downloads\driver_1
2025-05-02 12:42:39,745 - INFO - Thread 33116 - Sessão 1 configurada com sucesso
2025-05-02 12:42:39,746 - INFO - Thread 33116 - Pasta de downloads criada: C:\Users\chrys\OneDrive\Desktop\Site\downloads\driver_2
2025-05-02 12:42:39,747 - INFO - Thread 33116 - Sessão 2 configurada com sucesso
2025-05-02 12:42:39,748 - INFO - Thread 33116 - Pasta de downloads criada: C:\Users\chrys\OneDrive\Desktop\Site\downloads\driver_3
2025-05-02 12:42:39,748 - INFO - Thread 33116 - Sessão 3 configurada com sucesso
2025-05-02 12:42:39,748 - INFO - Thread 33116 - Pasta de downloads criada: C:\Users\chrys\OneDrive\Desktop\Site\downloads\driver_4
2025-05-02 12:42:39,749 - INFO - Thread 33116 - Sessão 4 configurada com sucesso
2025-05-02 12:42:39,749 - INFO - Thread 33116 - Pasta de downloads criada: C:\Users\chrys\OneDrive\Desktop\Site\downloads\driver_5
2025-05-02 12:42:39,750 - INFO - Thread 33116 - Sessão 5 configurada com sucesso
2025-05-02 12:42:39,750 - INFO - Thread 33116 - Pasta de downloads criada: C:\Users\chrys\OneDrive\Desktop\Site\downloads\driver_6
2025-05-02 12:42:39,750 - INFO - Thread 33116 - Sessão 6 configurada com sucesso
2025-05-02 12:42:39,752 - INFO - Thread 33116 - Pasta de downloads criada: C:\Users\chrys\OneDrive\Desktop\Site\downloads\driver_7
2025-05-02 12:42:39,752 - INFO - Thread 33116 - Sessão 7 configurada com sucesso
2025-05-02 12:42:39,753 - INFO - Thread 33116 - Pasta de downloads criada: C:\Users\chrys\OneDrive\Desktop\Site\downloads\driver_8
2025-05-02 12:42:39,753 - INFO - Thread 33116 - Sessão 8 configurada com sucesso
2025-05-02 12:42:39,758 - INFO - Thread 21068 - Sessão 1 - Iniciando processamento da empresa: 0DTY7
2025-05-02 12:42:39,759 - INFO - Thread 31472 - Sessão 2 - Iniciando processamento da empresa: 0CPDD
2025-05-02 12:42:39,760 - INFO - Thread 2524 - Sessão 3 - Iniciando processamento da empresa: 0CIX1
2025-05-02 12:42:39,765 - DEBUG - Thread 2524 - Starting new HTTPS connection (1): webhap.hapvida.com.br:443
2025-05-02 12:42:39,766 - DEBUG - Thread 31472 - Starting new HTTPS connection (1): webhap.hapvida.com.br:443
2025-05-02 12:42:39,767 - DEBUG - Thread 21068 - Starting new HTTPS connection (1): webhap.hapvida.com.br:443
2025-05-02 12:42:41,423 - DEBUG - Thread 21068 - https://webhap.hapvida.com.br:443 "POST /pls/webhap/pk_nota_fiscal.loginValidacao HTTP/11" 302 2
2025-05-02 12:42:41,435 - DEBUG - Thread 2524 - https://webhap.hapvida.com.br:443 "POST /pls/webhap/pk_nota_fiscal.loginValidacao HTTP/11" 302 2
2025-05-02 12:42:41,435 - DEBUG - Thread 31472 - https://webhap.hapvida.com.br:443 "POST /pls/webhap/pk_nota_fiscal.loginValidacao HTTP/11" 302 2
2025-05-02 12:42:41,545 - DEBUG - Thread 21068 - https://webhap.hapvida.com.br:443 "GET /pls/webhap/pk_nota_fiscal.listaNotasFiscais?pNoCache=1202422542&pIdSessao=42021205422516599043 HTTP/11" 200 None
2025-05-02 12:42:41,546 - INFO - Thread 21068 - Sessão 1 - Status do login: 200, URL: https://webhap.hapvida.com.br/pls/webhap/pk_nota_fiscal.listaNotasFiscais?pNoCache=1202422542&pIdSessao=42021205422516599043
2025-05-02 12:42:41,546 - INFO - Thread 21068 - Sessão 1 - Cookies após login: {}
2025-05-02 12:42:41,546 - INFO - Thread 21068 - Sessão 1 - Login bem-sucedido para empresa 0DTY7
2025-05-02 12:42:41,571 - INFO - Thread 21068 - Sessão 1 - pIdSessao extraído: 42021205422516599043
2025-05-02 12:42:41,666 - DEBUG - Thread 2524 - https://webhap.hapvida.com.br:443 "GET /pls/webhap/pk_nota_fiscal.listaNotasFiscais?pNoCache=1202422542&pIdSessao=42021205422516599105 HTTP/11" 200 None
2025-05-02 12:42:41,666 - INFO - Thread 2524 - Sessão 3 - Status do login: 200, URL: https://webhap.hapvida.com.br/pls/webhap/pk_nota_fiscal.listaNotasFiscais?pNoCache=1202422542&pIdSessao=42021205422516599105
2025-05-02 12:42:41,667 - INFO - Thread 2524 - Sessão 3 - Cookies após login: {}
2025-05-02 12:42:41,667 - INFO - Thread 2524 - Sessão 3 - Login bem-sucedido para empresa 0CIX1
2025-05-02 12:42:41,687 - INFO - Thread 2524 - Sessão 3 - pIdSessao extraído: 42021205422516599105
2025-05-02 12:42:41,706 - DEBUG - Thread 21068 - https://webhap.hapvida.com.br:443 "GET /pls/webhap/pk_nota_fiscal.listaNotasFiscais?pIdSessao=42021205422516599043 HTTP/11" 200 None
2025-05-02 12:42:41,706 - INFO - Thread 21068 - Sessão 1 - Status da requisição: 200, URL final: https://webhap.hapvida.com.br/pls/webhap/pk_nota_fiscal.listaNotasFiscais?pIdSessao=42021205422516599043
2025-05-02 12:42:41,707 - DEBUG - Thread 21068 - Sessão 1 - Primeiros 500 caracteres do HTML: 
    <head>
    <meta http-equiv="Content-Type" content="text/html; charset=utf-8" />
    <meta name="viewport" content="width=device-width, initial-scale=1.0">
    <title>Hapvida - Plano de Saúde</title>
    <link href="/hapvida/hapvida_avanz/sistema/css/simple-line-icons.css" rel="stylesheet" type="text/css" />
    <link href="/hapvida/hapvida_avanz/sistema/css/stlhapvida.css" rel="stylesheet" type="text/css" />
    <link href="/hapvida/hapvida_avanz/sistema/css/style-ie.css" rel="stylesheet" 
2025-05-02 12:42:41,725 - INFO - Thread 21068 - Sessão 1 - Buscando data de vencimento: 20/5/25
2025-05-02 12:42:41,726 - INFO - Thread 21068 - Sessão 1 - Verificando link com texto: 0DTY7
2025-05-02 12:42:41,726 - INFO - Thread 21068 - Sessão 1 - Verificando link com texto: 37.233.759 MARIA GENEROZA H SECUNDES SINTICLEPEMP
2025-05-02 12:42:41,726 - INFO - Thread 21068 - Sessão 1 - Verificando link com texto: 28141000021976197
2025-05-02 12:42:41,726 - INFO - Thread 21068 - Sessão 1 - Verificando link com texto: 20/04/25
2025-05-02 12:42:41,726 - INFO - Thread 21068 - Sessão 1 - Verificando link com texto: 1134,5
2025-05-02 12:42:41,726 - INFO - Thread 21068 - Sessão 1 - Verificando link com texto: 0DTY7
2025-05-02 12:42:41,726 - INFO - Thread 21068 - Sessão 1 - Verificando link com texto: 37.233.759 MARIA GENEROZA H SECUNDES SINTICLEPEMP
2025-05-02 12:42:41,726 - INFO - Thread 21068 - Sessão 1 - Verificando link com texto: 28141000021956316
2025-05-02 12:42:41,727 - INFO - Thread 21068 - Sessão 1 - Verificando link com texto: 20/03/25
2025-05-02 12:42:41,727 - INFO - Thread 21068 - Sessão 1 - Verificando link com texto: 1134,5
2025-05-02 12:42:41,727 - INFO - Thread 21068 - Sessão 1 - Verificando link com texto: 0DTY7
2025-05-02 12:42:41,727 - INFO - Thread 21068 - Sessão 1 - Verificando link com texto: 37.233.759 MARIA GENEROZA H SECUNDES SINTICLEPEMP
2025-05-02 12:42:41,727 - INFO - Thread 21068 - Sessão 1 - Verificando link com texto: 28141000021930377
2025-05-02 12:42:41,727 - INFO - Thread 21068 - Sessão 1 - Verificando link com texto: 20/02/25
2025-05-02 12:42:41,728 - INFO - Thread 21068 - Sessão 1 - Verificando link com texto: 1317,15
2025-05-02 12:42:41,728 - INFO - Thread 21068 - Sessão 1 - Verificando link com texto: 0DTY7
2025-05-02 12:42:41,728 - INFO - Thread 21068 - Sessão 1 - Verificando link com texto: 37.233.759 MARIA GENEROZA H SECUNDES SINTICLEPEMP
2025-05-02 12:42:41,728 - INFO - Thread 21068 - Sessão 1 - Verificando link com texto: 28141000021908626
2025-05-02 12:42:41,728 - INFO - Thread 21068 - Sessão 1 - Verificando link com texto: 20/01/25
2025-05-02 12:42:41,728 - INFO - Thread 21068 - Sessão 1 - Verificando link com texto: 924,41
2025-05-02 12:42:41,728 - INFO - Thread 21068 - Sessão 1 - Verificando link com texto: 0DTY7
2025-05-02 12:42:41,728 - INFO - Thread 21068 - Sessão 1 - Verificando link com texto: 37.233.759 MARIA GENEROZA H SECUNDES SINTICLEPEMP
2025-05-02 12:42:41,728 - INFO - Thread 21068 - Sessão 1 - Verificando link com texto: 28141000021887251
2025-05-02 12:42:41,729 - INFO - Thread 21068 - Sessão 1 - Verificando link com texto: 20/12/24
2025-05-02 12:42:41,729 - INFO - Thread 21068 - Sessão 1 - Verificando link com texto: 924,41
2025-05-02 12:42:41,729 - INFO - Thread 21068 - Sessão 1 - Verificando link com texto: 0DTY7
2025-05-02 12:42:41,729 - INFO - Thread 21068 - Sessão 1 - Verificando link com texto: 37.233.759 MARIA GENEROZA H SECUNDES SINTICLEPEMP
2025-05-02 12:42:41,729 - INFO - Thread 21068 - Sessão 1 - Verificando link com texto: 28141000021864258
2025-05-02 12:42:41,729 - INFO - Thread 21068 - Sessão 1 - Verificando link com texto: 20/11/24
2025-05-02 12:42:41,729 - INFO - Thread 21068 - Sessão 1 - Verificando link com texto: 924,41
2025-05-02 12:42:41,729 - INFO - Thread 21068 - Sessão 1 - Verificando link com texto: 0DTY7
2025-05-02 12:42:41,729 - INFO - Thread 21068 - Sessão 1 - Verificando link com texto: 37.233.759 MARIA GENEROZA H SECUNDES SINTICLEPEMP
2025-05-02 12:42:41,729 - INFO - Thread 21068 - Sessão 1 - Verificando link com texto: 28141000021842190
2025-05-02 12:42:41,729 - INFO - Thread 21068 - Sessão 1 - Verificando link com texto: 20/10/24
2025-05-02 12:42:41,730 - INFO - Thread 21068 - Sessão 1 - Verificando link com texto: 924,41
2025-05-02 12:42:41,730 - INFO - Thread 21068 - Sessão 1 - Verificando link com texto: 0DTY7
2025-05-02 12:42:41,730 - INFO - Thread 21068 - Sessão 1 - Verificando link com texto: 37.233.759 MARIA GENEROZA H SECUNDES SINTICLEPEMP
2025-05-02 12:42:41,730 - INFO - Thread 21068 - Sessão 1 - Verificando link com texto: 28141000021814795
2025-05-02 12:42:41,730 - INFO - Thread 21068 - Sessão 1 - Verificando link com texto: 20/09/24
2025-05-02 12:42:41,730 - INFO - Thread 21068 - Sessão 1 - Verificando link com texto: 924,41
2025-05-02 12:42:41,731 - INFO - Thread 21068 - Sessão 1 - Verificando link com texto: 0DTY7
2025-05-02 12:42:41,731 - INFO - Thread 21068 - Sessão 1 - Verificando link com texto: 37.233.759 MARIA GENEROZA H SECUNDES SINTICLEPEMP
2025-05-02 12:42:41,731 - INFO - Thread 21068 - Sessão 1 - Verificando link com texto: 28141000021787832
2025-05-02 12:42:41,731 - INFO - Thread 21068 - Sessão 1 - Verificando link com texto: 20/08/24
2025-05-02 12:42:41,731 - INFO - Thread 21068 - Sessão 1 - Verificando link com texto: 924,41
2025-05-02 12:42:41,731 - INFO - Thread 21068 - Sessão 1 - Verificando link com texto: 0DTY7
2025-05-02 12:42:41,731 - INFO - Thread 21068 - Sessão 1 - Verificando link com texto: 37.233.759 MARIA GENEROZA H SECUNDES SINTICLEPEMP
2025-05-02 12:42:41,731 - INFO - Thread 21068 - Sessão 1 - Verificando link com texto: 28141000021761826
2025-05-02 12:42:41,731 - INFO - Thread 21068 - Sessão 1 - Verificando link com texto: 20/07/24
2025-05-02 12:42:41,731 - INFO - Thread 21068 - Sessão 1 - Verificando link com texto: 924,41
2025-05-02 12:42:41,731 - INFO - Thread 21068 - Sessão 1 - Verificando link com texto: 0DTY7
2025-05-02 12:42:41,732 - INFO - Thread 21068 - Sessão 1 - Verificando link com texto: 37.233.759 MARIA GENEROZA H SECUNDES SINTICLEPEMP
2025-05-02 12:42:41,732 - INFO - Thread 21068 - Sessão 1 - Verificando link com texto: 28141000021732486
2025-05-02 12:42:41,732 - INFO - Thread 21068 - Sessão 1 - Verificando link com texto: 20/06/24
2025-05-02 12:42:41,732 - INFO - Thread 21068 - Sessão 1 - Verificando link com texto: 924,41
2025-05-02 12:42:41,732 - INFO - Thread 21068 - Sessão 1 - Verificando link com texto: 0DTY7
2025-05-02 12:42:41,732 - INFO - Thread 21068 - Sessão 1 - Verificando link com texto: 37.233.759 MARIA GENEROZA H SECUNDES SINTICLEPEMP
2025-05-02 12:42:41,732 - INFO - Thread 21068 - Sessão 1 - Verificando link com texto: 28141000021704712
2025-05-02 12:42:41,732 - INFO - Thread 21068 - Sessão 1 - Verificando link com texto: 20/05/24
2025-05-02 12:42:41,732 - INFO - Thread 21068 - Sessão 1 - Verificando link com texto: 984,3
2025-05-02 12:42:41,732 - INFO - Thread 21068 - Sessão 1 - Verificando link com texto: 0DTY7
2025-05-02 12:42:41,733 - INFO - Thread 21068 - Sessão 1 - Verificando link com texto: 37.233.759 MARIA GENEROZA H SECUNDES SINTICLEPEMP
2025-05-02 12:42:41,733 - INFO - Thread 21068 - Sessão 1 - Verificando link com texto: 28141000021679898
2025-05-02 12:42:41,733 - INFO - Thread 21068 - Sessão 1 - Verificando link com texto: 20/04/24
2025-05-02 12:42:41,733 - INFO - Thread 21068 - Sessão 1 - Verificando link com texto: 848,1
2025-05-02 12:42:41,733 - INFO - Thread 21068 - Sessão 1 - Verificando link com texto: 0DTY7
2025-05-02 12:42:41,733 - INFO - Thread 21068 - Sessão 1 - Verificando link com texto: 37.233.759 MARIA GENEROZA H SECUNDES SINTICLEPEMP
2025-05-02 12:42:41,733 - INFO - Thread 21068 - Sessão 1 - Verificando link com texto: 28141000021651692
2025-05-02 12:42:41,733 - INFO - Thread 21068 - Sessão 1 - Verificando link com texto: 20/03/24
2025-05-02 12:42:41,733 - INFO - Thread 21068 - Sessão 1 - Verificando link com texto: 848,1
2025-05-02 12:42:41,734 - INFO - Thread 21068 - Sessão 1 - Verificando link com texto: 0DTY7
2025-05-02 12:42:41,734 - INFO - Thread 21068 - Sessão 1 - Verificando link com texto: 37.233.759 MARIA GENEROZA H SECUNDES SINTICLEPEMP
2025-05-02 12:42:41,734 - INFO - Thread 21068 - Sessão 1 - Verificando link com texto: 28141000021624463
2025-05-02 12:42:41,734 - INFO - Thread 21068 - Sessão 1 - Verificando link com texto: 20/02/24
2025-05-02 12:42:41,734 - INFO - Thread 21068 - Sessão 1 - Verificando link com texto: 1017,2
2025-05-02 12:42:41,734 - INFO - Thread 21068 - Sessão 1 - Verificando link com texto: 0DTY7
2025-05-02 12:42:41,734 - INFO - Thread 21068 - Sessão 1 - Verificando link com texto: 37.233.759 MARIA GENEROZA H SECUNDES SINTICLEPEMP
2025-05-02 12:42:41,734 - INFO - Thread 21068 - Sessão 1 - Verificando link com texto: 28141000021604275
2025-05-02 12:42:41,734 - INFO - Thread 21068 - Sessão 1 - Verificando link com texto: 20/01/24
2025-05-02 12:42:41,734 - INFO - Thread 21068 - Sessão 1 - Verificando link com texto: 848,1
2025-05-02 12:42:41,734 - INFO - Thread 21068 - Sessão 1 - Verificando link com texto: 0DTY7
2025-05-02 12:42:41,734 - INFO - Thread 21068 - Sessão 1 - Verificando link com texto: 37.233.759 MARIA GENEROZA H SECUNDES SINTICLEPEMP
2025-05-02 12:42:41,735 - INFO - Thread 21068 - Sessão 1 - Verificando link com texto: 28141000021573441
2025-05-02 12:42:41,735 - INFO - Thread 21068 - Sessão 1 - Verificando link com texto: 20/12/23
2025-05-02 12:42:41,735 - INFO - Thread 21068 - Sessão 1 - Verificando link com texto: 848,1
2025-05-02 12:42:41,735 - INFO - Thread 21068 - Sessão 1 - Verificando link com texto: 0DTY7
2025-05-02 12:42:41,735 - INFO - Thread 21068 - Sessão 1 - Verificando link com texto: 37.233.759 MARIA GENEROZA H SECUNDES SINTICLEPEMP
2025-05-02 12:42:41,735 - INFO - Thread 21068 - Sessão 1 - Verificando link com texto: 28141000021545594
2025-05-02 12:42:41,735 - INFO - Thread 21068 - Sessão 1 - Verificando link com texto: 20/11/23
2025-05-02 12:42:41,735 - INFO - Thread 21068 - Sessão 1 - Verificando link com texto: 848,1
2025-05-02 12:42:41,735 - INFO - Thread 21068 - Sessão 1 - Verificando link com texto: 0DTY7
2025-05-02 12:42:41,735 - INFO - Thread 21068 - Sessão 1 - Verificando link com texto: 37.233.759 MARIA GENEROZA H SECUNDES SINTICLEPEMP
2025-05-02 12:42:41,735 - INFO - Thread 21068 - Sessão 1 - Verificando link com texto: 28141000021519067
2025-05-02 12:42:41,736 - INFO - Thread 21068 - Sessão 1 - Verificando link com texto: 20/10/23
2025-05-02 12:42:41,736 - INFO - Thread 21068 - Sessão 1 - Verificando link com texto: 848,1
2025-05-02 12:42:41,736 - INFO - Thread 21068 - Sessão 1 - Verificando link com texto: 0DTY7
2025-05-02 12:42:41,736 - INFO - Thread 21068 - Sessão 1 - Verificando link com texto: 37.233.759 MARIA GENEROZA H SECUNDES SINTICLEPEMP
2025-05-02 12:42:41,736 - INFO - Thread 21068 - Sessão 1 - Verificando link com texto: 28141000021488753
2025-05-02 12:42:41,736 - INFO - Thread 21068 - Sessão 1 - Verificando link com texto: 20/09/23
2025-05-02 12:42:41,736 - INFO - Thread 21068 - Sessão 1 - Verificando link com texto: 848,1
2025-05-02 12:42:41,736 - INFO - Thread 21068 - Sessão 1 - Verificando link com texto: 0DTY7
2025-05-02 12:42:41,736 - INFO - Thread 21068 - Sessão 1 - Verificando link com texto: 37.233.759 MARIA GENEROZA H SECUNDES SINTICLEPEMP
2025-05-02 12:42:41,736 - INFO - Thread 21068 - Sessão 1 - Verificando link com texto: 28141000021463491
2025-05-02 12:42:41,736 - INFO - Thread 21068 - Sessão 1 - Verificando link com texto: 20/08/23
2025-05-02 12:42:41,736 - INFO - Thread 21068 - Sessão 1 - Verificando link com texto: 848,1
2025-05-02 12:42:41,736 - INFO - Thread 21068 - Sessão 1 - Verificando link com texto: 0DTY7
2025-05-02 12:42:41,737 - INFO - Thread 21068 - Sessão 1 - Verificando link com texto: 37.233.759 MARIA GENEROZA H SECUNDES SINTICLEPEMP
2025-05-02 12:42:41,737 - INFO - Thread 21068 - Sessão 1 - Verificando link com texto: 28141000021434148
2025-05-02 12:42:41,737 - INFO - Thread 21068 - Sessão 1 - Verificando link com texto: 10/07/23
2025-05-02 12:42:41,737 - INFO - Thread 21068 - Sessão 1 - Verificando link com texto: 848,1
2025-05-02 12:42:41,737 - INFO - Thread 21068 - Sessão 1 - Verificando link com texto: 0DTY7
2025-05-02 12:42:41,737 - INFO - Thread 21068 - Sessão 1 - Verificando link com texto: 37.233.759 MARIA GENEROZA H SECUNDES SINTICLEPEMP
2025-05-02 12:42:41,737 - INFO - Thread 21068 - Sessão 1 - Verificando link com texto: 28141000021423401
2025-05-02 12:42:41,737 - INFO - Thread 21068 - Sessão 1 - Verificando link com texto: 10/06/23
2025-05-02 12:42:41,737 - INFO - Thread 21068 - Sessão 1 - Verificando link com texto: 927,3
2025-05-02 12:42:41,738 - ERROR - Thread 21068 - Sessão 1 - Data de vencimento 20/5/25 não encontrada. Datas disponíveis: ['0DTY7', '37.233.759 MARIA GENEROZA H SECUNDES SINTICLEPEMP', '28141000021976197', '20/04/25', '1134,5', '0DTY7', '37.233.759 MARIA GENEROZA H SECUNDES SINTICLEPEMP', '28141000021956316', '20/03/25', '1134,5', '0DTY7', '37.233.759 MARIA GENEROZA H SECUNDES SINTICLEPEMP', '28141000021930377', '20/02/25', '1317,15', '0DTY7', '37.233.759 MARIA GENEROZA H SECUNDES SINTICLEPEMP', '28141000021908626', '20/01/25', '924,41', '0DTY7', '37.233.759 MARIA GENEROZA H SECUNDES SINTICLEPEMP', '28141000021887251', '20/12/24', '924,41', '0DTY7', '37.233.759 MARIA GENEROZA H SECUNDES SINTICLEPEMP', '28141000021864258', '20/11/24', '924,41', '0DTY7', '37.233.759 MARIA GENEROZA H SECUNDES SINTICLEPEMP', '28141000021842190', '20/10/24', '924,41', '0DTY7', '37.233.759 MARIA GENEROZA H SECUNDES SINTICLEPEMP', '28141000021814795', '20/09/24', '924,41', '0DTY7', '37.233.759 MARIA GENEROZA H SECUNDES SINTICLEPEMP', '28141000021787832', '20/08/24', '924,41', '0DTY7', '37.233.759 MARIA GENEROZA H SECUNDES SINTICLEPEMP', '28141000021761826', '20/07/24', '924,41', '0DTY7', '37.233.759 MARIA GENEROZA H SECUNDES SINTICLEPEMP', '28141000021732486', '20/06/24', '924,41', '0DTY7', '37.233.759 MARIA GENEROZA H SECUNDES SINTICLEPEMP', '28141000021704712', '20/05/24', '984,3', '0DTY7', '37.233.759 MARIA GENEROZA H SECUNDES SINTICLEPEMP', '28141000021679898', '20/04/24', '848,1', '0DTY7', '37.233.759 MARIA GENEROZA H SECUNDES SINTICLEPEMP', '28141000021651692', '20/03/24', '848,1', '0DTY7', '37.233.759 MARIA GENEROZA H SECUNDES SINTICLEPEMP', '28141000021624463', '20/02/24', '1017,2', '0DTY7', '37.233.759 MARIA GENEROZA H SECUNDES SINTICLEPEMP', '28141000021604275', '20/01/24', '848,1', '0DTY7', '37.233.759 MARIA GENEROZA H SECUNDES SINTICLEPEMP', '28141000021573441', '20/12/23', '848,1', '0DTY7', '37.233.759 MARIA GENEROZA H SECUNDES SINTICLEPEMP', '28141000021545594', '20/11/23', '848,1', '0DTY7', '37.233.759 MARIA GENEROZA H SECUNDES SINTICLEPEMP', '28141000021519067', '20/10/23', '848,1', '0DTY7', '37.233.759 MARIA GENEROZA H SECUNDES SINTICLEPEMP', '28141000021488753', '20/09/23', '848,1', '0DTY7', '37.233.759 MARIA GENEROZA H SECUNDES SINTICLEPEMP', '28141000021463491', '20/08/23', '848,1', '0DTY7', '37.233.759 MARIA GENEROZA H SECUNDES SINTICLEPEMP', '28141000021434148', '10/07/23', '848,1', '0DTY7', '37.233.759 MARIA GENEROZA H SECUNDES SINTICLEPEMP', '28141000021423401', '10/06/23', '927,3']
2025-05-02 12:42:41,739 - INFO - Thread 33116 - Progresso: 1/3 (33%)
2025-05-02 12:42:41,837 - DEBUG - Thread 31472 - https://webhap.hapvida.com.br:443 "GET /pls/webhap/pk_nota_fiscal.listaNotasFiscais?pNoCache=1202422542&pIdSessao=42021205422516599044 HTTP/11" 200 None
2025-05-02 12:42:41,838 - INFO - Thread 31472 - Sessão 2 - Status do login: 200, URL: https://webhap.hapvida.com.br/pls/webhap/pk_nota_fiscal.listaNotasFiscais?pNoCache=1202422542&pIdSessao=42021205422516599044
2025-05-02 12:42:41,838 - INFO - Thread 31472 - Sessão 2 - Cookies após login: {}
2025-05-02 12:42:41,838 - INFO - Thread 31472 - Sessão 2 - Login bem-sucedido para empresa 0CPDD
2025-05-02 12:42:41,865 - INFO - Thread 31472 - Sessão 2 - pIdSessao extraído: 42021205422516599044
2025-05-02 12:42:41,866 - DEBUG - Thread 2524 - https://webhap.hapvida.com.br:443 "GET /pls/webhap/pk_nota_fiscal.listaNotasFiscais?pIdSessao=42021205422516599105 HTTP/11" 200 None
2025-05-02 12:42:41,867 - INFO - Thread 2524 - Sessão 3 - Status da requisição: 200, URL final: https://webhap.hapvida.com.br/pls/webhap/pk_nota_fiscal.listaNotasFiscais?pIdSessao=42021205422516599105
2025-05-02 12:42:41,868 - DEBUG - Thread 2524 - Sessão 3 - Primeiros 500 caracteres do HTML: 
    <head>
    <meta http-equiv="Content-Type" content="text/html; charset=utf-8" />
    <meta name="viewport" content="width=device-width, initial-scale=1.0">
    <title>Hapvida - Plano de Saúde</title>
    <link href="/hapvida/hapvida_avanz/sistema/css/simple-line-icons.css" rel="stylesheet" type="text/css" />
    <link href="/hapvida/hapvida_avanz/sistema/css/stlhapvida.css" rel="stylesheet" type="text/css" />
    <link href="/hapvida/hapvida_avanz/sistema/css/style-ie.css" rel="stylesheet" 
2025-05-02 12:42:41,890 - INFO - Thread 2524 - Sessão 3 - Buscando data de vencimento: 20/5/25
2025-05-02 12:42:41,890 - INFO - Thread 2524 - Sessão 3 - Verificando link com texto: 0CIX1
2025-05-02 12:42:41,890 - INFO - Thread 2524 - Sessão 3 - Verificando link com texto: 49.086.988 LUAN DE SOUSA FREIRE SINTICLEPEMP
2025-05-02 12:42:41,890 - INFO - Thread 2524 - Sessão 3 - Verificando link com texto: 1010526363579
2025-05-02 12:42:41,890 - INFO - Thread 2524 - Sessão 3 - Verificando link com texto: 20/04/25
2025-05-02 12:42:41,891 - INFO - Thread 2524 - Sessão 3 - Verificando link com texto: 1470,63
2025-05-02 12:42:41,891 - INFO - Thread 2524 - Sessão 3 - Verificando link com texto: 0CIX1
2025-05-02 12:42:41,891 - INFO - Thread 2524 - Sessão 3 - Verificando link com texto: 49.086.988 LUAN DE SOUSA FREIRE SINTICLEPEMP
2025-05-02 12:42:41,891 - INFO - Thread 2524 - Sessão 3 - Verificando link com texto: 1010517414018
2025-05-02 12:42:41,891 - INFO - Thread 2524 - Sessão 3 - Verificando link com texto: 20/03/25
2025-05-02 12:42:41,891 - INFO - Thread 2524 - Sessão 3 - Verificando link com texto: 1470,63
2025-05-02 12:42:41,891 - INFO - Thread 2524 - Sessão 3 - Verificando link com texto: 0CIX1
2025-05-02 12:42:41,891 - INFO - Thread 2524 - Sessão 3 - Verificando link com texto: 49.086.988 LUAN DE SOUSA FREIRE SINTICLEPEMP
2025-05-02 12:42:41,891 - INFO - Thread 2524 - Sessão 3 - Verificando link com texto: 1010502970726
2025-05-02 12:42:41,891 - INFO - Thread 2524 - Sessão 3 - Verificando link com texto: 20/02/25
2025-05-02 12:42:41,891 - INFO - Thread 2524 - Sessão 3 - Verificando link com texto: 1470,63
2025-05-02 12:42:41,891 - INFO - Thread 2524 - Sessão 3 - Verificando link com texto: 0CIX1
2025-05-02 12:42:41,892 - INFO - Thread 2524 - Sessão 3 - Verificando link com texto: 49.086.988 LUAN DE SOUSA FREIRE SINTICLEPEMP
2025-05-02 12:42:41,892 - INFO - Thread 2524 - Sessão 3 - Verificando link com texto: 1010492575129
2025-05-02 12:42:41,892 - INFO - Thread 2524 - Sessão 3 - Verificando link com texto: 20/01/25
2025-05-02 12:42:41,892 - INFO - Thread 2524 - Sessão 3 - Verificando link com texto: 1470,63
2025-05-02 12:42:41,892 - INFO - Thread 2524 - Sessão 3 - Verificando link com texto: 0CIX1
2025-05-02 12:42:41,892 - INFO - Thread 2524 - Sessão 3 - Verificando link com texto: 49.086.988 LUAN DE SOUSA FREIRE SINTICLEPEMP
2025-05-02 12:42:41,892 - INFO - Thread 2524 - Sessão 3 - Verificando link com texto: 1010481534388
2025-05-02 12:42:41,892 - INFO - Thread 2524 - Sessão 3 - Verificando link com texto: 20/12/24
2025-05-02 12:42:41,892 - INFO - Thread 2524 - Sessão 3 - Verificando link com texto: 1470,63
2025-05-02 12:42:41,893 - INFO - Thread 2524 - Sessão 3 - Verificando link com texto: 0CIX1
2025-05-02 12:42:41,893 - INFO - Thread 2524 - Sessão 3 - Verificando link com texto: 49.086.988 LUAN DE SOUSA FREIRE SINTICLEPEMP
2025-05-02 12:42:41,893 - INFO - Thread 2524 - Sessão 3 - Verificando link com texto: 1010468970790
2025-05-02 12:42:41,893 - INFO - Thread 2524 - Sessão 3 - Verificando link com texto: 20/11/24
2025-05-02 12:42:41,893 - INFO - Thread 2524 - Sessão 3 - Verificando link com texto: 1470,63
2025-05-02 12:42:41,893 - INFO - Thread 2524 - Sessão 3 - Verificando link com texto: 0CIX1
2025-05-02 12:42:41,893 - INFO - Thread 2524 - Sessão 3 - Verificando link com texto: 49.086.988 LUAN DE SOUSA FREIRE SINTICLEPEMP
2025-05-02 12:42:41,893 - INFO - Thread 2524 - Sessão 3 - Verificando link com texto: 1010461018392
2025-05-02 12:42:41,893 - INFO - Thread 2524 - Sessão 3 - Verificando link com texto: 20/10/24
2025-05-02 12:42:41,893 - INFO - Thread 2524 - Sessão 3 - Verificando link com texto: 1470,63
2025-05-02 12:42:41,894 - INFO - Thread 2524 - Sessão 3 - Verificando link com texto: 0CIX1
2025-05-02 12:42:41,894 - INFO - Thread 2524 - Sessão 3 - Verificando link com texto: 49.086.988 LUAN DE SOUSA FREIRE SINTICLEPEMP
2025-05-02 12:42:41,894 - INFO - Thread 2524 - Sessão 3 - Verificando link com texto: 1010447316861
2025-05-02 12:42:41,894 - INFO - Thread 2524 - Sessão 3 - Verificando link com texto: 20/09/24
2025-05-02 12:42:41,894 - INFO - Thread 2524 - Sessão 3 - Verificando link com texto: 1470,63
2025-05-02 12:42:41,894 - INFO - Thread 2524 - Sessão 3 - Verificando link com texto: 0CIX1
2025-05-02 12:42:41,894 - INFO - Thread 2524 - Sessão 3 - Verificando link com texto: 49.086.988 LUAN DE SOUSA FREIRE SINTICLEPEMP
2025-05-02 12:42:41,894 - INFO - Thread 2524 - Sessão 3 - Verificando link com texto: 1010435252200
2025-05-02 12:42:41,894 - INFO - Thread 2524 - Sessão 3 - Verificando link com texto: 20/08/24
2025-05-02 12:42:41,894 - INFO - Thread 2524 - Sessão 3 - Verificando link com texto: 1470,63
2025-05-02 12:42:41,895 - INFO - Thread 2524 - Sessão 3 - Verificando link com texto: 0CIX1
2025-05-02 12:42:41,895 - INFO - Thread 2524 - Sessão 3 - Verificando link com texto: 49.086.988 LUAN DE SOUSA FREIRE SINTICLEPEMP
2025-05-02 12:42:41,895 - INFO - Thread 2524 - Sessão 3 - Verificando link com texto: 1010425800329
2025-05-02 12:42:41,895 - INFO - Thread 2524 - Sessão 3 - Verificando link com texto: 20/07/24
2025-05-02 12:42:41,895 - INFO - Thread 2524 - Sessão 3 - Verificando link com texto: 1470,63
2025-05-02 12:42:41,895 - INFO - Thread 2524 - Sessão 3 - Verificando link com texto: 0CIX1
2025-05-02 12:42:41,895 - INFO - Thread 2524 - Sessão 3 - Verificando link com texto: 49.086.988 LUAN DE SOUSA FREIRE SINTICLEPEMP
2025-05-02 12:42:41,895 - INFO - Thread 2524 - Sessão 3 - Verificando link com texto: 1010413639420
2025-05-02 12:42:41,896 - INFO - Thread 2524 - Sessão 3 - Verificando link com texto: 20/06/24
2025-05-02 12:42:41,896 - INFO - Thread 2524 - Sessão 3 - Verificando link com texto: 1470,63
2025-05-02 12:42:41,896 - INFO - Thread 2524 - Sessão 3 - Verificando link com texto: 0CIX1
2025-05-02 12:42:41,896 - INFO - Thread 2524 - Sessão 3 - Verificando link com texto: 49.086.988 LUAN DE SOUSA FREIRE SINTICLEPEMP
2025-05-02 12:42:41,896 - INFO - Thread 2524 - Sessão 3 - Verificando link com texto: 1010402391970
2025-05-02 12:42:41,896 - INFO - Thread 2524 - Sessão 3 - Verificando link com texto: 20/05/24
2025-05-02 12:42:41,896 - INFO - Thread 2524 - Sessão 3 - Verificando link com texto: 1565,9
2025-05-02 12:42:41,896 - INFO - Thread 2524 - Sessão 3 - Verificando link com texto: 0CIX1
2025-05-02 12:42:41,896 - INFO - Thread 2524 - Sessão 3 - Verificando link com texto: 49.086.988 LUAN DE SOUSA FREIRE SINTICLEPEMP
2025-05-02 12:42:41,896 - INFO - Thread 2524 - Sessão 3 - Verificando link com texto: 1010393540041
2025-05-02 12:42:41,896 - INFO - Thread 2524 - Sessão 3 - Verificando link com texto: 20/04/24
2025-05-02 12:42:41,897 - INFO - Thread 2524 - Sessão 3 - Verificando link com texto: 1349,25
2025-05-02 12:42:41,897 - INFO - Thread 2524 - Sessão 3 - Verificando link com texto: 0CIX1
2025-05-02 12:42:41,897 - INFO - Thread 2524 - Sessão 3 - Verificando link com texto: 49.086.988 LUAN DE SOUSA FREIRE SINTICLEPEMP
2025-05-02 12:42:41,898 - INFO - Thread 2524 - Sessão 3 - Verificando link com texto: 1010380490717
2025-05-02 12:42:41,898 - INFO - Thread 2524 - Sessão 3 - Verificando link com texto: 20/03/24
2025-05-02 12:42:41,898 - INFO - Thread 2524 - Sessão 3 - Verificando link com texto: 1349,25
2025-05-02 12:42:41,898 - INFO - Thread 2524 - Sessão 3 - Verificando link com texto: 0CIX1
2025-05-02 12:42:41,899 - INFO - Thread 2524 - Sessão 3 - Verificando link com texto: 49.086.988 LUAN DE SOUSA FREIRE SINTICLEPEMP
2025-05-02 12:42:41,899 - INFO - Thread 2524 - Sessão 3 - Verificando link com texto: 1010368367099
2025-05-02 12:42:41,899 - INFO - Thread 2524 - Sessão 3 - Verificando link com texto: 20/02/24
2025-05-02 12:42:41,899 - INFO - Thread 2524 - Sessão 3 - Verificando link com texto: 1618,26
2025-05-02 12:42:41,899 - INFO - Thread 2524 - Sessão 3 - Verificando link com texto: 0CIX1
2025-05-02 12:42:41,899 - INFO - Thread 2524 - Sessão 3 - Verificando link com texto: 49.086.988 LUAN DE SOUSA FREIRE SINTICLEPEMP
2025-05-02 12:42:41,899 - INFO - Thread 2524 - Sessão 3 - Verificando link com texto: 1010360937376
2025-05-02 12:42:41,899 - INFO - Thread 2524 - Sessão 3 - Verificando link com texto: 20/01/24
2025-05-02 12:42:41,899 - INFO - Thread 2524 - Sessão 3 - Verificando link com texto: 1349,25
2025-05-02 12:42:41,899 - INFO - Thread 2524 - Sessão 3 - Verificando link com texto: 0CIX1
2025-05-02 12:42:41,899 - INFO - Thread 2524 - Sessão 3 - Verificando link com texto: 49.086.988 LUAN DE SOUSA FREIRE SINTICLEPEMP
2025-05-02 12:42:41,899 - INFO - Thread 2524 - Sessão 3 - Verificando link com texto: 1010347712110
2025-05-02 12:42:41,899 - INFO - Thread 2524 - Sessão 3 - Verificando link com texto: 20/12/23
2025-05-02 12:42:41,899 - INFO - Thread 2524 - Sessão 3 - Verificando link com texto: 1349,25
2025-05-02 12:42:41,900 - INFO - Thread 2524 - Sessão 3 - Verificando link com texto: 0CIX1
2025-05-02 12:42:41,900 - INFO - Thread 2524 - Sessão 3 - Verificando link com texto: 49.086.988 LUAN DE SOUSA FREIRE SINTICLEPEMP
2025-05-02 12:42:41,900 - INFO - Thread 2524 - Sessão 3 - Verificando link com texto: 1010336989175
2025-05-02 12:42:41,900 - INFO - Thread 2524 - Sessão 3 - Verificando link com texto: 20/11/23
2025-05-02 12:42:41,900 - INFO - Thread 2524 - Sessão 3 - Verificando link com texto: 1349,25
2025-05-02 12:42:41,900 - INFO - Thread 2524 - Sessão 3 - Verificando link com texto: 0CIX1
2025-05-02 12:42:41,900 - INFO - Thread 2524 - Sessão 3 - Verificando link com texto: 49.086.988 LUAN DE SOUSA FREIRE SINTICLEPEMP
2025-05-02 12:42:41,900 - INFO - Thread 2524 - Sessão 3 - Verificando link com texto: 1010326183488
2025-05-02 12:42:41,900 - INFO - Thread 2524 - Sessão 3 - Verificando link com texto: 20/10/23
2025-05-02 12:42:41,900 - INFO - Thread 2524 - Sessão 3 - Verificando link com texto: 2199,45
2025-05-02 12:42:41,900 - INFO - Thread 2524 - Sessão 3 - Verificando link com texto: 0CIX1
2025-05-02 12:42:41,900 - INFO - Thread 2524 - Sessão 3 - Verificando link com texto: 49.086.988 LUAN DE SOUSA FREIRE SINTICLEPEMP
2025-05-02 12:42:41,901 - INFO - Thread 2524 - Sessão 3 - Verificando link com texto: 1010314583281
2025-05-02 12:42:41,901 - INFO - Thread 2524 - Sessão 3 - Verificando link com texto: 20/09/23
2025-05-02 12:42:41,901 - INFO - Thread 2524 - Sessão 3 - Verificando link com texto: 578,25
2025-05-02 12:42:41,901 - INFO - Thread 2524 - Sessão 3 - Verificando link com texto: 0CIX1
2025-05-02 12:42:41,901 - INFO - Thread 2524 - Sessão 3 - Verificando link com texto: 49.086.988 LUAN DE SOUSA FREIRE SINTICLEPEMP
2025-05-02 12:42:41,901 - INFO - Thread 2524 - Sessão 3 - Verificando link com texto: 1010304984364
2025-05-02 12:42:41,901 - INFO - Thread 2524 - Sessão 3 - Verificando link com texto: 20/08/23
2025-05-02 12:42:41,901 - INFO - Thread 2524 - Sessão 3 - Verificando link com texto: 578,25
2025-05-02 12:42:41,901 - INFO - Thread 2524 - Sessão 3 - Verificando link com texto: 0CIX1
2025-05-02 12:42:41,901 - INFO - Thread 2524 - Sessão 3 - Verificando link com texto: 49.086.988 LUAN DE SOUSA FREIRE SINTICLEPEMP
2025-05-02 12:42:41,901 - INFO - Thread 2524 - Sessão 3 - Verificando link com texto: 1010293086403
2025-05-02 12:42:41,901 - INFO - Thread 2524 - Sessão 3 - Verificando link com texto: 20/07/23
2025-05-02 12:42:41,901 - INFO - Thread 2524 - Sessão 3 - Verificando link com texto: 578,25
2025-05-02 12:42:41,902 - INFO - Thread 2524 - Sessão 3 - Verificando link com texto: 0CIX1
2025-05-02 12:42:41,902 - INFO - Thread 2524 - Sessão 3 - Verificando link com texto: 49.086.988 LUAN DE SOUSA FREIRE SINTICLEPEMP
2025-05-02 12:42:41,902 - INFO - Thread 2524 - Sessão 3 - Verificando link com texto: 1010282593325
2025-05-02 12:42:41,902 - INFO - Thread 2524 - Sessão 3 - Verificando link com texto: 20/06/23
2025-05-02 12:42:41,902 - INFO - Thread 2524 - Sessão 3 - Verificando link com texto: 578,25
2025-05-02 12:42:41,902 - INFO - Thread 2524 - Sessão 3 - Verificando link com texto: 0CIX1
2025-05-02 12:42:41,902 - INFO - Thread 2524 - Sessão 3 - Verificando link com texto: 49.086.988 LUAN DE SOUSA FREIRE SINTICLEPEMP
2025-05-02 12:42:41,902 - INFO - Thread 2524 - Sessão 3 - Verificando link com texto: 1010272474935
2025-05-02 12:42:41,902 - INFO - Thread 2524 - Sessão 3 - Verificando link com texto: 20/05/23
2025-05-02 12:42:41,903 - INFO - Thread 2524 - Sessão 3 - Verificando link com texto: 729,18
2025-05-02 12:42:41,903 - INFO - Thread 2524 - Sessão 3 - Verificando link com texto: 0CIX1
2025-05-02 12:42:41,903 - INFO - Thread 2524 - Sessão 3 - Verificando link com texto: 49.086.988 LUAN DE SOUSA FREIRE SINTICLEPEMP
2025-05-02 12:42:41,903 - INFO - Thread 2524 - Sessão 3 - Verificando link com texto: 1010262052990
2025-05-02 12:42:41,903 - INFO - Thread 2524 - Sessão 3 - Verificando link com texto: 20/04/23
2025-05-02 12:42:41,903 - INFO - Thread 2524 - Sessão 3 - Verificando link com texto: 614,29
2025-05-02 12:42:41,903 - INFO - Thread 2524 - Sessão 3 - Verificando link com texto: 0CIX1
2025-05-02 12:42:41,903 - INFO - Thread 2524 - Sessão 3 - Verificando link com texto: 49.086.988 LUAN DE SOUSA FREIRE SINTICLEPEMP
2025-05-02 12:42:41,903 - INFO - Thread 2524 - Sessão 3 - Verificando link com texto: 28141000020799519
2025-05-02 12:42:41,903 - INFO - Thread 2524 - Sessão 3 - Verificando link com texto: 20/03/23
2025-05-02 12:42:41,903 - INFO - Thread 2524 - Sessão 3 - Verificando link com texto: 643,44
2025-05-02 12:42:41,904 - ERROR - Thread 2524 - Sessão 3 - Data de vencimento 20/5/25 não encontrada. Datas disponíveis: ['0CIX1', '49.086.988 LUAN DE SOUSA FREIRE SINTICLEPEMP', '1010526363579', '20/04/25', '1470,63', '0CIX1', '49.086.988 LUAN DE SOUSA FREIRE SINTICLEPEMP', '1010517414018', '20/03/25', '1470,63', '0CIX1', '49.086.988 LUAN DE SOUSA FREIRE SINTICLEPEMP', '1010502970726', '20/02/25', '1470,63', '0CIX1', '49.086.988 LUAN DE SOUSA FREIRE SINTICLEPEMP', '1010492575129', '20/01/25', '1470,63', '0CIX1', '49.086.988 LUAN DE SOUSA FREIRE SINTICLEPEMP', '1010481534388', '20/12/24', '1470,63', '0CIX1', '49.086.988 LUAN DE SOUSA FREIRE SINTICLEPEMP', '1010468970790', '20/11/24', '1470,63', '0CIX1', '49.086.988 LUAN DE SOUSA FREIRE SINTICLEPEMP', '1010461018392', '20/10/24', '1470,63', '0CIX1', '49.086.988 LUAN DE SOUSA FREIRE SINTICLEPEMP', '1010447316861', '20/09/24', '1470,63', '0CIX1', '49.086.988 LUAN DE SOUSA FREIRE SINTICLEPEMP', '1010435252200', '20/08/24', '1470,63', '0CIX1', '49.086.988 LUAN DE SOUSA FREIRE SINTICLEPEMP', '1010425800329', '20/07/24', '1470,63', '0CIX1', '49.086.988 LUAN DE SOUSA FREIRE SINTICLEPEMP', '1010413639420', '20/06/24', '1470,63', '0CIX1', '49.086.988 LUAN DE SOUSA FREIRE SINTICLEPEMP', '1010402391970', '20/05/24', '1565,9', '0CIX1', '49.086.988 LUAN DE SOUSA FREIRE SINTICLEPEMP', '1010393540041', '20/04/24', '1349,25', '0CIX1', '49.086.988 LUAN DE SOUSA FREIRE SINTICLEPEMP', '1010380490717', '20/03/24', '1349,25', '0CIX1', '49.086.988 LUAN DE SOUSA FREIRE SINTICLEPEMP', '1010368367099', '20/02/24', '1618,26', '0CIX1', '49.086.988 LUAN DE SOUSA FREIRE SINTICLEPEMP', '1010360937376', '20/01/24', '1349,25', '0CIX1', '49.086.988 LUAN DE SOUSA FREIRE SINTICLEPEMP', '1010347712110', '20/12/23', '1349,25', '0CIX1', '49.086.988 LUAN DE SOUSA FREIRE SINTICLEPEMP', '1010336989175', '20/11/23', '1349,25', '0CIX1', '49.086.988 LUAN DE SOUSA FREIRE SINTICLEPEMP', '1010326183488', '20/10/23', '2199,45', '0CIX1', '49.086.988 LUAN DE SOUSA FREIRE SINTICLEPEMP', '1010314583281', '20/09/23', '578,25', '0CIX1', '49.086.988 LUAN DE SOUSA FREIRE SINTICLEPEMP', '1010304984364', '20/08/23', '578,25', '0CIX1', '49.086.988 LUAN DE SOUSA FREIRE SINTICLEPEMP', '1010293086403', '20/07/23', '578,25', '0CIX1', '49.086.988 LUAN DE SOUSA FREIRE SINTICLEPEMP', '1010282593325', '20/06/23', '578,25', '0CIX1', '49.086.988 LUAN DE SOUSA FREIRE SINTICLEPEMP', '1010272474935', '20/05/23', '729,18', '0CIX1', '49.086.988 LUAN DE SOUSA FREIRE SINTICLEPEMP', '1010262052990', '20/04/23', '614,29', '0CIX1', '49.086.988 LUAN DE SOUSA FREIRE SINTICLEPEMP', '28141000020799519', '20/03/23', '643,44']
2025-05-02 12:42:41,904 - INFO - Thread 33116 - Progresso: 2/3 (66%)
2025-05-02 12:42:41,997 - DEBUG - Thread 31472 - https://webhap.hapvida.com.br:443 "GET /pls/webhap/pk_nota_fiscal.listaNotasFiscais?pIdSessao=42021205422516599044 HTTP/11" 200 None
2025-05-02 12:42:41,998 - INFO - Thread 31472 - Sessão 2 - Status da requisição: 200, URL final: https://webhap.hapvida.com.br/pls/webhap/pk_nota_fiscal.listaNotasFiscais?pIdSessao=42021205422516599044
2025-05-02 12:42:41,999 - DEBUG - Thread 31472 - Sessão 2 - Primeiros 500 caracteres do HTML: 
    <head>
    <meta http-equiv="Content-Type" content="text/html; charset=utf-8" />
    <meta name="viewport" content="width=device-width, initial-scale=1.0">
    <title>Hapvida - Plano de Saúde</title>
    <link href="/hapvida/hapvida_avanz/sistema/css/simple-line-icons.css" rel="stylesheet" type="text/css" />
    <link href="/hapvida/hapvida_avanz/sistema/css/stlhapvida.css" rel="stylesheet" type="text/css" />
    <link href="/hapvida/hapvida_avanz/sistema/css/style-ie.css" rel="stylesheet" 
2025-05-02 12:42:42,018 - INFO - Thread 31472 - Sessão 2 - Buscando data de vencimento: 20/5/25
2025-05-02 12:42:42,018 - INFO - Thread 31472 - Sessão 2 - Verificando link com texto: 0CPDD
2025-05-02 12:42:42,018 - INFO - Thread 31472 - Sessão 2 - Verificando link com texto: 44.537.597 EVANIA FERREIRA DA SILVA SINTICLEPEMP
2025-05-02 12:42:42,019 - INFO - Thread 31472 - Sessão 2 - Verificando link com texto: 1010526365865
2025-05-02 12:42:42,019 - INFO - Thread 31472 - Sessão 2 - Verificando link com texto: 20/04/25
2025-05-02 12:42:42,019 - INFO - Thread 31472 - Sessão 2 - Verificando link com texto: 840,36
2025-05-02 12:42:42,019 - INFO - Thread 31472 - Sessão 2 - Verificando link com texto: 0CPDD
2025-05-02 12:42:42,019 - INFO - Thread 31472 - Sessão 2 - Verificando link com texto: 44.537.597 EVANIA FERREIRA DA SILVA SINTICLEPEMP
2025-05-02 12:42:42,019 - INFO - Thread 31472 - Sessão 2 - Verificando link com texto: 1010517416100
2025-05-02 12:42:42,019 - INFO - Thread 31472 - Sessão 2 - Verificando link com texto: 20/03/25
2025-05-02 12:42:42,019 - INFO - Thread 31472 - Sessão 2 - Verificando link com texto: 840,36
2025-05-02 12:42:42,019 - INFO - Thread 31472 - Sessão 2 - Verificando link com texto: 0CPDD
2025-05-02 12:42:42,019 - INFO - Thread 31472 - Sessão 2 - Verificando link com texto: 44.537.597 EVANIA FERREIRA DA SILVA SINTICLEPEMP
2025-05-02 12:42:42,019 - INFO - Thread 31472 - Sessão 2 - Verificando link com texto: 1010502973008
2025-05-02 12:42:42,020 - INFO - Thread 31472 - Sessão 2 - Verificando link com texto: 20/02/25
2025-05-02 12:42:42,020 - INFO - Thread 31472 - Sessão 2 - Verificando link com texto: 840,36
2025-05-02 12:42:42,020 - INFO - Thread 31472 - Sessão 2 - Verificando link com texto: 0CPDD
2025-05-02 12:42:42,020 - INFO - Thread 31472 - Sessão 2 - Verificando link com texto: 44.537.597 EVANIA FERREIRA DA SILVA SINTICLEPEMP
2025-05-02 12:42:42,020 - INFO - Thread 31472 - Sessão 2 - Verificando link com texto: 1010492577407
2025-05-02 12:42:42,020 - INFO - Thread 31472 - Sessão 2 - Verificando link com texto: 20/01/25
2025-05-02 12:42:42,020 - INFO - Thread 31472 - Sessão 2 - Verificando link com texto: 840,36
2025-05-02 12:42:42,020 - INFO - Thread 31472 - Sessão 2 - Verificando link com texto: 0CPDD
2025-05-02 12:42:42,020 - INFO - Thread 31472 - Sessão 2 - Verificando link com texto: 44.537.597 EVANIA FERREIRA DA SILVA SINTICLEPEMP
2025-05-02 12:42:42,020 - INFO - Thread 31472 - Sessão 2 - Verificando link com texto: 1010481536674
2025-05-02 12:42:42,021 - INFO - Thread 31472 - Sessão 2 - Verificando link com texto: 20/12/24
2025-05-02 12:42:42,021 - INFO - Thread 31472 - Sessão 2 - Verificando link com texto: 840,36
2025-05-02 12:42:42,021 - INFO - Thread 31472 - Sessão 2 - Verificando link com texto: 0CPDD
2025-05-02 12:42:42,021 - INFO - Thread 31472 - Sessão 2 - Verificando link com texto: 44.537.597 EVANIA FERREIRA DA SILVA SINTICLEPEMP
2025-05-02 12:42:42,021 - INFO - Thread 31472 - Sessão 2 - Verificando link com texto: 1010468973136
2025-05-02 12:42:42,021 - INFO - Thread 31472 - Sessão 2 - Verificando link com texto: 20/11/24
2025-05-02 12:42:42,021 - INFO - Thread 31472 - Sessão 2 - Verificando link com texto: 840,36
2025-05-02 12:42:42,021 - INFO - Thread 31472 - Sessão 2 - Verificando link com texto: 0CPDD
2025-05-02 12:42:42,021 - INFO - Thread 31472 - Sessão 2 - Verificando link com texto: 44.537.597 EVANIA FERREIRA DA SILVA SINTICLEPEMP
2025-05-02 12:42:42,021 - INFO - Thread 31472 - Sessão 2 - Verificando link com texto: 1010461020753
2025-05-02 12:42:42,021 - INFO - Thread 31472 - Sessão 2 - Verificando link com texto: 20/10/24
2025-05-02 12:42:42,021 - INFO - Thread 31472 - Sessão 2 - Verificando link com texto: 840,36
2025-05-02 12:42:42,021 - INFO - Thread 31472 - Sessão 2 - Verificando link com texto: 0CPDD
2025-05-02 12:42:42,021 - INFO - Thread 31472 - Sessão 2 - Verificando link com texto: 44.537.597 EVANIA FERREIRA DA SILVA SINTICLEPEMP
2025-05-02 12:42:42,021 - INFO - Thread 31472 - Sessão 2 - Verificando link com texto: 1010447319305
2025-05-02 12:42:42,022 - INFO - Thread 31472 - Sessão 2 - Verificando link com texto: 20/09/24
2025-05-02 12:42:42,022 - INFO - Thread 31472 - Sessão 2 - Verificando link com texto: 840,36
2025-05-02 12:42:42,022 - INFO - Thread 31472 - Sessão 2 - Verificando link com texto: 0CPDD
2025-05-02 12:42:42,022 - INFO - Thread 31472 - Sessão 2 - Verificando link com texto: 44.537.597 EVANIA FERREIRA DA SILVA SINTICLEPEMP
2025-05-02 12:42:42,022 - INFO - Thread 31472 - Sessão 2 - Verificando link com texto: 1010435254645
2025-05-02 12:42:42,022 - INFO - Thread 31472 - Sessão 2 - Verificando link com texto: 20/08/24
2025-05-02 12:42:42,022 - INFO - Thread 31472 - Sessão 2 - Verificando link com texto: 840,36
2025-05-02 12:42:42,022 - INFO - Thread 31472 - Sessão 2 - Verificando link com texto: 0CPDD
2025-05-02 12:42:42,022 - INFO - Thread 31472 - Sessão 2 - Verificando link com texto: 44.537.597 EVANIA FERREIRA DA SILVA SINTICLEPEMP
2025-05-02 12:42:42,022 - INFO - Thread 31472 - Sessão 2 - Verificando link com texto: 1010425802801
2025-05-02 12:42:42,022 - INFO - Thread 31472 - Sessão 2 - Verificando link com texto: 20/07/24
2025-05-02 12:42:42,022 - INFO - Thread 31472 - Sessão 2 - Verificando link com texto: 840,36
2025-05-02 12:42:42,022 - INFO - Thread 31472 - Sessão 2 - Verificando link com texto: 0CPDD
2025-05-02 12:42:42,022 - INFO - Thread 31472 - Sessão 2 - Verificando link com texto: 44.537.597 EVANIA FERREIRA DA SILVA SINTICLEPEMP
2025-05-02 12:42:42,022 - INFO - Thread 31472 - Sessão 2 - Verificando link com texto: 1010413641816
2025-05-02 12:42:42,023 - INFO - Thread 31472 - Sessão 2 - Verificando link com texto: 20/06/24
2025-05-02 12:42:42,023 - INFO - Thread 31472 - Sessão 2 - Verificando link com texto: 840,36
2025-05-02 12:42:42,023 - INFO - Thread 31472 - Sessão 2 - Verificando link com texto: 0CPDD
2025-05-02 12:42:42,023 - INFO - Thread 31472 - Sessão 2 - Verificando link com texto: 44.537.597 EVANIA FERREIRA DA SILVA SINTICLEPEMP
2025-05-02 12:42:42,023 - INFO - Thread 31472 - Sessão 2 - Verificando link com texto: 1010402394405
2025-05-02 12:42:42,023 - INFO - Thread 31472 - Sessão 2 - Verificando link com texto: 20/05/24
2025-05-02 12:42:42,023 - INFO - Thread 31472 - Sessão 2 - Verificando link com texto: 894,8
2025-05-02 12:42:42,023 - INFO - Thread 31472 - Sessão 2 - Verificando link com texto: 0CPDD
2025-05-02 12:42:42,023 - INFO - Thread 31472 - Sessão 2 - Verificando link com texto: 44.537.597 EVANIA FERREIRA DA SILVA SINTICLEPEMP
2025-05-02 12:42:42,023 - INFO - Thread 31472 - Sessão 2 - Verificando link com texto: 1010393542621
2025-05-02 12:42:42,023 - INFO - Thread 31472 - Sessão 2 - Verificando link com texto: 20/04/24
2025-05-02 12:42:42,023 - INFO - Thread 31472 - Sessão 2 - Verificando link com texto: 771
2025-05-02 12:42:42,023 - INFO - Thread 31472 - Sessão 2 - Verificando link com texto: 0CPDD
2025-05-02 12:42:42,023 - INFO - Thread 31472 - Sessão 2 - Verificando link com texto: 44.537.597 EVANIA FERREIRA DA SILVA SINTICLEPEMP
2025-05-02 12:42:42,023 - INFO - Thread 31472 - Sessão 2 - Verificando link com texto: 1010380493481
2025-05-02 12:42:42,024 - INFO - Thread 31472 - Sessão 2 - Verificando link com texto: 20/03/24
2025-05-02 12:42:42,024 - INFO - Thread 31472 - Sessão 2 - Verificando link com texto: 771
2025-05-02 12:42:42,024 - INFO - Thread 31472 - Sessão 2 - Verificando link com texto: 0CPDD
2025-05-02 12:42:42,024 - INFO - Thread 31472 - Sessão 2 - Verificando link com texto: 44.537.597 EVANIA FERREIRA DA SILVA SINTICLEPEMP
2025-05-02 12:42:42,024 - INFO - Thread 31472 - Sessão 2 - Verificando link com texto: 1010368370200
2025-05-02 12:42:42,024 - INFO - Thread 31472 - Sessão 2 - Verificando link com texto: 20/02/24
2025-05-02 12:42:42,024 - INFO - Thread 31472 - Sessão 2 - Verificando link com texto: 924,72
2025-05-02 12:42:42,024 - INFO - Thread 31472 - Sessão 2 - Verificando link com texto: 0CPDD
2025-05-02 12:42:42,024 - INFO - Thread 31472 - Sessão 2 - Verificando link com texto: 44.537.597 EVANIA FERREIRA DA SILVA SINTICLEPEMP
2025-05-02 12:42:42,024 - INFO - Thread 31472 - Sessão 2 - Verificando link com texto: 1010360940555
2025-05-02 12:42:42,024 - INFO - Thread 31472 - Sessão 2 - Verificando link com texto: 20/01/24
2025-05-02 12:42:42,024 - INFO - Thread 31472 - Sessão 2 - Verificando link com texto: 771
2025-05-02 12:42:42,024 - INFO - Thread 31472 - Sessão 2 - Verificando link com texto: 0CPDD
2025-05-02 12:42:42,024 - INFO - Thread 31472 - Sessão 2 - Verificando link com texto: 44.537.597 EVANIA FERREIRA DA SILVA SINTICLEPEMP
2025-05-02 12:42:42,024 - INFO - Thread 31472 - Sessão 2 - Verificando link com texto: 1010347715349
2025-05-02 12:42:42,024 - INFO - Thread 31472 - Sessão 2 - Verificando link com texto: 20/12/23
2025-05-02 12:42:42,025 - INFO - Thread 31472 - Sessão 2 - Verificando link com texto: 1119
2025-05-02 12:42:42,025 - INFO - Thread 31472 - Sessão 2 - Verificando link com texto: 0CPDD
2025-05-02 12:42:42,025 - INFO - Thread 31472 - Sessão 2 - Verificando link com texto: 44.537.597 EVANIA FERREIRA DA SILVA SINTICLEPEMP
2025-05-02 12:42:42,025 - INFO - Thread 31472 - Sessão 2 - Verificando link com texto: 1010336992508
2025-05-02 12:42:42,025 - INFO - Thread 31472 - Sessão 2 - Verificando link com texto: 20/11/23
2025-05-02 12:42:42,025 - INFO - Thread 31472 - Sessão 2 - Verificando link com texto: 385,5
2025-05-02 12:42:42,025 - INFO - Thread 31472 - Sessão 2 - Verificando link com texto: 0CPDD
2025-05-02 12:42:42,025 - INFO - Thread 31472 - Sessão 2 - Verificando link com texto: 44.537.597 EVANIA FERREIRA DA SILVA SINTICLEPEMP
2025-05-02 12:42:42,025 - INFO - Thread 31472 - Sessão 2 - Verificando link com texto: 1010326186835
2025-05-02 12:42:42,025 - INFO - Thread 31472 - Sessão 2 - Verificando link com texto: 20/10/23
2025-05-02 12:42:42,025 - INFO - Thread 31472 - Sessão 2 - Verificando link com texto: 385,5
2025-05-02 12:42:42,025 - INFO - Thread 31472 - Sessão 2 - Verificando link com texto: 0CPDD
2025-05-02 12:42:42,025 - INFO - Thread 31472 - Sessão 2 - Verificando link com texto: 44.537.597 EVANIA FERREIRA DA SILVA SINTICLEPEMP
2025-05-02 12:42:42,025 - INFO - Thread 31472 - Sessão 2 - Verificando link com texto: 1010314586698
2025-05-02 12:42:42,025 - INFO - Thread 31472 - Sessão 2 - Verificando link com texto: 20/09/23
2025-05-02 12:42:42,026 - INFO - Thread 31472 - Sessão 2 - Verificando link com texto: 385,5
2025-05-02 12:42:42,026 - INFO - Thread 31472 - Sessão 2 - Verificando link com texto: 0CPDD
2025-05-02 12:42:42,026 - INFO - Thread 31472 - Sessão 2 - Verificando link com texto: 44.537.597 EVANIA FERREIRA DA SILVA SINTICLEPEMP
2025-05-02 12:42:42,026 - INFO - Thread 31472 - Sessão 2 - Verificando link com texto: 1010304987894
2025-05-02 12:42:42,026 - INFO - Thread 31472 - Sessão 2 - Verificando link com texto: 20/08/23
2025-05-02 12:42:42,026 - INFO - Thread 31472 - Sessão 2 - Verificando link com texto: 385,5
2025-05-02 12:42:42,026 - INFO - Thread 31472 - Sessão 2 - Verificando link com texto: 0CPDD
2025-05-02 12:42:42,026 - INFO - Thread 31472 - Sessão 2 - Verificando link com texto: 44.537.597 EVANIA FERREIRA DA SILVA SINTICLEPEMP
2025-05-02 12:42:42,026 - INFO - Thread 31472 - Sessão 2 - Verificando link com texto: 1010293090087
2025-05-02 12:42:42,026 - INFO - Thread 31472 - Sessão 2 - Verificando link com texto: 20/07/23
2025-05-02 12:42:42,026 - INFO - Thread 31472 - Sessão 2 - Verificando link com texto: 385,5
2025-05-02 12:42:42,026 - INFO - Thread 31472 - Sessão 2 - Verificando link com texto: 0CPDD
2025-05-02 12:42:42,026 - INFO - Thread 31472 - Sessão 2 - Verificando link com texto: 44.537.597 EVANIA FERREIRA DA SILVA SINTICLEPEMP
2025-05-02 12:42:42,026 - INFO - Thread 31472 - Sessão 2 - Verificando link com texto: 1010282597096
2025-05-02 12:42:42,026 - INFO - Thread 31472 - Sessão 2 - Verificando link com texto: 20/06/23
2025-05-02 12:42:42,027 - INFO - Thread 31472 - Sessão 2 - Verificando link com texto: 385,5
2025-05-02 12:42:42,027 - INFO - Thread 31472 - Sessão 2 - Verificando link com texto: 0CPDD
2025-05-02 12:42:42,027 - INFO - Thread 31472 - Sessão 2 - Verificando link com texto: 44.537.597 EVANIA FERREIRA DA SILVA SINTICLEPEMP
2025-05-02 12:42:42,027 - INFO - Thread 31472 - Sessão 2 - Verificando link com texto: 1010272478817
2025-05-02 12:42:42,027 - INFO - Thread 31472 - Sessão 2 - Verificando link com texto: 20/05/23
2025-05-02 12:42:42,027 - INFO - Thread 31472 - Sessão 2 - Verificando link com texto: 472,34
2025-05-02 12:42:42,027 - INFO - Thread 31472 - Sessão 2 - Verificando link com texto: 0CPDD
2025-05-02 12:42:42,027 - INFO - Thread 31472 - Sessão 2 - Verificando link com texto: 44.537.597 EVANIA FERREIRA DA SILVA SINTICLEPEMP
2025-05-02 12:42:42,027 - INFO - Thread 31472 - Sessão 2 - Verificando link com texto: 1010262056650
2025-05-02 12:42:42,027 - INFO - Thread 31472 - Sessão 2 - Verificando link com texto: 20/04/23
2025-05-02 12:42:42,027 - INFO - Thread 31472 - Sessão 2 - Verificando link com texto: 344,2
2025-05-02 12:42:42,027 - INFO - Thread 31472 - Sessão 2 - Verificando link com texto: 0CPDD
2025-05-02 12:42:42,027 - INFO - Thread 31472 - Sessão 2 - Verificando link com texto: 44.537.597 EVANIA FERREIRA DA SILVA SINTICLEPEMP
2025-05-02 12:42:42,027 - INFO - Thread 31472 - Sessão 2 - Verificando link com texto: 28141000021153611
2025-05-02 12:42:42,027 - INFO - Thread 31472 - Sessão 2 - Verificando link com texto: 20/03/23
2025-05-02 12:42:42,028 - INFO - Thread 31472 - Sessão 2 - Verificando link com texto: 379,56
2025-05-02 12:42:42,028 - ERROR - Thread 31472 - Sessão 2 - Data de vencimento 20/5/25 não encontrada. Datas disponíveis: ['0CPDD', '44.537.597 EVANIA FERREIRA DA SILVA SINTICLEPEMP', '1010526365865', '20/04/25', '840,36', '0CPDD', '44.537.597 EVANIA FERREIRA DA SILVA SINTICLEPEMP', '1010517416100', '20/03/25', '840,36', '0CPDD', '44.537.597 EVANIA FERREIRA DA SILVA SINTICLEPEMP', '1010502973008', '20/02/25', '840,36', '0CPDD', '44.537.597 EVANIA FERREIRA DA SILVA SINTICLEPEMP', '1010492577407', '20/01/25', '840,36', '0CPDD', '44.537.597 EVANIA FERREIRA DA SILVA SINTICLEPEMP', '1010481536674', '20/12/24', '840,36', '0CPDD', '44.537.597 EVANIA FERREIRA DA SILVA SINTICLEPEMP', '1010468973136', '20/11/24', '840,36', '0CPDD', '44.537.597 EVANIA FERREIRA DA SILVA SINTICLEPEMP', '1010461020753', '20/10/24', '840,36', '0CPDD', '44.537.597 EVANIA FERREIRA DA SILVA SINTICLEPEMP', '1010447319305', '20/09/24', '840,36', '0CPDD', '44.537.597 EVANIA FERREIRA DA SILVA SINTICLEPEMP', '1010435254645', '20/08/24', '840,36', '0CPDD', '44.537.597 EVANIA FERREIRA DA SILVA SINTICLEPEMP', '1010425802801', '20/07/24', '840,36', '0CPDD', '44.537.597 EVANIA FERREIRA DA SILVA SINTICLEPEMP', '1010413641816', '20/06/24', '840,36', '0CPDD', '44.537.597 EVANIA FERREIRA DA SILVA SINTICLEPEMP', '1010402394405', '20/05/24', '894,8', '0CPDD', '44.537.597 EVANIA FERREIRA DA SILVA SINTICLEPEMP', '1010393542621', '20/04/24', '771', '0CPDD', '44.537.597 EVANIA FERREIRA DA SILVA SINTICLEPEMP', '1010380493481', '20/03/24', '771', '0CPDD', '44.537.597 EVANIA FERREIRA DA SILVA SINTICLEPEMP', '1010368370200', '20/02/24', '924,72', '0CPDD', '44.537.597 EVANIA FERREIRA DA SILVA SINTICLEPEMP', '1010360940555', '20/01/24', '771', '0CPDD', '44.537.597 EVANIA FERREIRA DA SILVA SINTICLEPEMP', '1010347715349', '20/12/23', '1119', '0CPDD', '44.537.597 EVANIA FERREIRA DA SILVA SINTICLEPEMP', '1010336992508', '20/11/23', '385,5', '0CPDD', '44.537.597 EVANIA FERREIRA DA SILVA SINTICLEPEMP', '1010326186835', '20/10/23', '385,5', '0CPDD', '44.537.597 EVANIA FERREIRA DA SILVA SINTICLEPEMP', '1010314586698', '20/09/23', '385,5', '0CPDD', '44.537.597 EVANIA FERREIRA DA SILVA SINTICLEPEMP', '1010304987894', '20/08/23', '385,5', '0CPDD', '44.537.597 EVANIA FERREIRA DA SILVA SINTICLEPEMP', '1010293090087', '20/07/23', '385,5', '0CPDD', '44.537.597 EVANIA FERREIRA DA SILVA SINTICLEPEMP', '1010282597096', '20/06/23', '385,5', '0CPDD', '44.537.597 EVANIA FERREIRA DA SILVA SINTICLEPEMP', '1010272478817', '20/05/23', '472,34', '0CPDD', '44.537.597 EVANIA FERREIRA DA SILVA SINTICLEPEMP', '1010262056650', '20/04/23', '344,2', '0CPDD', '44.537.597 EVANIA FERREIRA DA SILVA SINTICLEPEMP', '28141000021153611', '20/03/23', '379,56']
2025-05-02 12:42:42,029 - INFO - Thread 33116 - Progresso: 3/3 (100%)
2025-05-02 12:42:42,290 - INFO - Thread 33116 - Status atualizados no Excel com sucesso
2025-05-02 12:42:42,291 - INFO - Thread 33116 - Extração de notas fiscais concluída
2025-05-02 12:42:42,292 - INFO - Thread 33116 - Subpasta vazia removida: C:\Users\chrys\OneDrive\Desktop\Site\downloads\driver_1
2025-05-02 12:42:42,292 - INFO - Thread 33116 - Subpasta vazia removida: C:\Users\chrys\OneDrive\Desktop\Site\downloads\driver_2
2025-05-02 12:42:42,293 - INFO - Thread 33116 - Subpasta vazia removida: C:\Users\chrys\OneDrive\Desktop\Site\downloads\driver_3
2025-05-02 12:42:42,293 - INFO - Thread 33116 - Subpasta vazia removida: C:\Users\chrys\OneDrive\Desktop\Site\downloads\driver_4
2025-05-02 12:42:42,294 - INFO - Thread 33116 - Subpasta vazia removida: C:\Users\chrys\OneDrive\Desktop\Site\downloads\driver_5
2025-05-02 12:42:42,295 - INFO - Thread 33116 - Subpasta vazia removida: C:\Users\chrys\OneDrive\Desktop\Site\downloads\driver_6
2025-05-02 12:42:42,295 - INFO - Thread 33116 - Subpasta vazia removida: C:\Users\chrys\OneDrive\Desktop\Site\downloads\driver_7
2025-05-02 12:42:42,296 - INFO - Thread 33116 - Subpasta vazia removida: C:\Users\chrys\OneDrive\Desktop\Site\downloads\driver_8
2025-05-02 12:42:42,299 - INFO - Thread 33116 - Sessão 1 fechada com sucesso
2025-05-02 12:42:42,301 - INFO - Thread 33116 - Sessão 2 fechada com sucesso
2025-05-02 12:42:42,303 - INFO - Thread 33116 - Sessão 3 fechada com sucesso
2025-05-02 12:42:42,303 - INFO - Thread 33116 - Sessão 4 fechada com sucesso
2025-05-02 12:42:42,303 - INFO - Thread 33116 - Sessão 5 fechada com sucesso
2025-05-02 12:42:42,303 - INFO - Thread 33116 - Sessão 6 fechada com sucesso
2025-05-02 12:42:42,303 - INFO - Thread 33116 - Sessão 7 fechada com sucesso
2025-05-02 12:42:42,303 - INFO - Thread 33116 - Sessão 8 fechada com sucesso
2025-05-02 12:42:42,304 - INFO - Thread 33116 - Extração de notas fiscais concluída. 29 notas geradas.
2025-05-02 12:43:07,869 - INFO - Thread 24680 - Iniciando extração de notas fiscais
2025-05-02 12:43:07,869 - INFO - Thread 24680 - Iniciando extração de notas fiscais
2025-05-02 12:43:07,886 - INFO - Thread 24680 - Total de empresas a processar: 3
2025-05-02 12:43:07,887 - INFO - Thread 24680 - Pasta de downloads criada: C:\Users\chrys\OneDrive\Desktop\Site\downloads\driver_1
2025-05-02 12:43:07,887 - INFO - Thread 24680 - Sessão 1 configurada com sucesso
2025-05-02 12:43:07,889 - INFO - Thread 24680 - Pasta de downloads criada: C:\Users\chrys\OneDrive\Desktop\Site\downloads\driver_2
2025-05-02 12:43:07,890 - INFO - Thread 24680 - Sessão 2 configurada com sucesso
2025-05-02 12:43:07,891 - INFO - Thread 24680 - Pasta de downloads criada: C:\Users\chrys\OneDrive\Desktop\Site\downloads\driver_3
2025-05-02 12:43:07,891 - INFO - Thread 24680 - Sessão 3 configurada com sucesso
2025-05-02 12:43:07,891 - INFO - Thread 24680 - Pasta de downloads criada: C:\Users\chrys\OneDrive\Desktop\Site\downloads\driver_4
2025-05-02 12:43:07,892 - INFO - Thread 24680 - Sessão 4 configurada com sucesso
2025-05-02 12:43:07,892 - INFO - Thread 24680 - Pasta de downloads criada: C:\Users\chrys\OneDrive\Desktop\Site\downloads\driver_5
2025-05-02 12:43:07,893 - INFO - Thread 24680 - Sessão 5 configurada com sucesso
2025-05-02 12:43:07,894 - INFO - Thread 24680 - Pasta de downloads criada: C:\Users\chrys\OneDrive\Desktop\Site\downloads\driver_6
2025-05-02 12:43:07,894 - INFO - Thread 24680 - Sessão 6 configurada com sucesso
2025-05-02 12:43:07,895 - INFO - Thread 24680 - Pasta de downloads criada: C:\Users\chrys\OneDrive\Desktop\Site\downloads\driver_7
2025-05-02 12:43:07,895 - INFO - Thread 24680 - Sessão 7 configurada com sucesso
2025-05-02 12:43:07,896 - INFO - Thread 24680 - Pasta de downloads criada: C:\Users\chrys\OneDrive\Desktop\Site\downloads\driver_8
2025-05-02 12:43:07,896 - INFO - Thread 24680 - Sessão 8 configurada com sucesso
2025-05-02 12:43:07,898 - INFO - Thread 19308 - Sessão 1 - Iniciando processamento da empresa: 0DTY7
2025-05-02 12:43:07,899 - INFO - Thread 28752 - Sessão 2 - Iniciando processamento da empresa: 0CPDD
2025-05-02 12:43:07,900 - INFO - Thread 31148 - Sessão 3 - Iniciando processamento da empresa: 0CIX1
2025-05-02 12:43:07,906 - DEBUG - Thread 19308 - Starting new HTTPS connection (1): webhap.hapvida.com.br:443
2025-05-02 12:43:07,906 - DEBUG - Thread 28752 - Starting new HTTPS connection (1): webhap.hapvida.com.br:443
2025-05-02 12:43:07,908 - DEBUG - Thread 31148 - Starting new HTTPS connection (1): webhap.hapvida.com.br:443
2025-05-02 12:43:09,174 - DEBUG - Thread 19308 - https://webhap.hapvida.com.br:443 "POST /pls/webhap/pk_nota_fiscal.loginValidacao HTTP/11" 302 2
2025-05-02 12:43:09,188 - DEBUG - Thread 28752 - https://webhap.hapvida.com.br:443 "POST /pls/webhap/pk_nota_fiscal.loginValidacao HTTP/11" 302 2
2025-05-02 12:43:09,232 - DEBUG - Thread 31148 - https://webhap.hapvida.com.br:443 "POST /pls/webhap/pk_nota_fiscal.loginValidacao HTTP/11" 302 2
2025-05-02 12:43:09,291 - DEBUG - Thread 19308 - https://webhap.hapvida.com.br:443 "GET /pls/webhap/pk_nota_fiscal.listaNotasFiscais?pNoCache=1202432510&pIdSessao=43021205102516599004 HTTP/11" 200 None
2025-05-02 12:43:09,292 - INFO - Thread 19308 - Sessão 1 - Status do login: 200, URL: https://webhap.hapvida.com.br/pls/webhap/pk_nota_fiscal.listaNotasFiscais?pNoCache=1202432510&pIdSessao=43021205102516599004
2025-05-02 12:43:09,293 - INFO - Thread 19308 - Sessão 1 - Cookies após login: {}
2025-05-02 12:43:09,293 - INFO - Thread 19308 - Sessão 1 - Login bem-sucedido para empresa 0DTY7
2025-05-02 12:43:09,316 - INFO - Thread 19308 - Sessão 1 - pIdSessao extraído: 43021205102516599004
2025-05-02 12:43:09,368 - DEBUG - Thread 28752 - https://webhap.hapvida.com.br:443 "GET /pls/webhap/pk_nota_fiscal.listaNotasFiscais?pNoCache=1202432510&pIdSessao=43021205102516599095 HTTP/11" 200 None
2025-05-02 12:43:09,369 - INFO - Thread 28752 - Sessão 2 - Status do login: 200, URL: https://webhap.hapvida.com.br/pls/webhap/pk_nota_fiscal.listaNotasFiscais?pNoCache=1202432510&pIdSessao=43021205102516599095
2025-05-02 12:43:09,369 - INFO - Thread 28752 - Sessão 2 - Cookies após login: {}
2025-05-02 12:43:09,369 - INFO - Thread 28752 - Sessão 2 - Login bem-sucedido para empresa 0CPDD
2025-05-02 12:43:09,389 - INFO - Thread 28752 - Sessão 2 - pIdSessao extraído: 43021205102516599095
2025-05-02 12:43:09,398 - DEBUG - Thread 31148 - https://webhap.hapvida.com.br:443 "GET /pls/webhap/pk_nota_fiscal.listaNotasFiscais?pNoCache=1202432510&pIdSessao=43021205102516599096 HTTP/11" 200 None
2025-05-02 12:43:09,398 - INFO - Thread 31148 - Sessão 3 - Status do login: 200, URL: https://webhap.hapvida.com.br/pls/webhap/pk_nota_fiscal.listaNotasFiscais?pNoCache=1202432510&pIdSessao=43021205102516599096
2025-05-02 12:43:09,399 - INFO - Thread 31148 - Sessão 3 - Cookies após login: {}
2025-05-02 12:43:09,399 - INFO - Thread 31148 - Sessão 3 - Login bem-sucedido para empresa 0CIX1
2025-05-02 12:43:09,418 - INFO - Thread 31148 - Sessão 3 - pIdSessao extraído: 43021205102516599096
2025-05-02 12:43:09,453 - DEBUG - Thread 19308 - https://webhap.hapvida.com.br:443 "GET /pls/webhap/pk_nota_fiscal.listaNotasFiscais?pIdSessao=43021205102516599004 HTTP/11" 200 None
2025-05-02 12:43:09,454 - INFO - Thread 19308 - Sessão 1 - Status da requisição: 200, URL final: https://webhap.hapvida.com.br/pls/webhap/pk_nota_fiscal.listaNotasFiscais?pIdSessao=43021205102516599004
2025-05-02 12:43:09,454 - DEBUG - Thread 19308 - Sessão 1 - Primeiros 500 caracteres do HTML: 
    <head>
    <meta http-equiv="Content-Type" content="text/html; charset=utf-8" />
    <meta name="viewport" content="width=device-width, initial-scale=1.0">
    <title>Hapvida - Plano de Saúde</title>
    <link href="/hapvida/hapvida_avanz/sistema/css/simple-line-icons.css" rel="stylesheet" type="text/css" />
    <link href="/hapvida/hapvida_avanz/sistema/css/stlhapvida.css" rel="stylesheet" type="text/css" />
    <link href="/hapvida/hapvida_avanz/sistema/css/style-ie.css" rel="stylesheet" 
2025-05-02 12:43:09,472 - INFO - Thread 19308 - Sessão 1 - Buscando data de vencimento: 20/5/25
2025-05-02 12:43:09,472 - INFO - Thread 19308 - Sessão 1 - Verificando link com texto: 0DTY7
2025-05-02 12:43:09,472 - INFO - Thread 19308 - Sessão 1 - Verificando link com texto: 37.233.759 MARIA GENEROZA H SECUNDES SINTICLEPEMP
2025-05-02 12:43:09,473 - INFO - Thread 19308 - Sessão 1 - Verificando link com texto: 28141000021976197
2025-05-02 12:43:09,473 - INFO - Thread 19308 - Sessão 1 - Verificando link com texto: 20/04/25
2025-05-02 12:43:09,473 - INFO - Thread 19308 - Sessão 1 - Verificando link com texto: 1134,5
2025-05-02 12:43:09,473 - INFO - Thread 19308 - Sessão 1 - Verificando link com texto: 0DTY7
2025-05-02 12:43:09,473 - INFO - Thread 19308 - Sessão 1 - Verificando link com texto: 37.233.759 MARIA GENEROZA H SECUNDES SINTICLEPEMP
2025-05-02 12:43:09,473 - INFO - Thread 19308 - Sessão 1 - Verificando link com texto: 28141000021956316
2025-05-02 12:43:09,473 - INFO - Thread 19308 - Sessão 1 - Verificando link com texto: 20/03/25
2025-05-02 12:43:09,473 - INFO - Thread 19308 - Sessão 1 - Verificando link com texto: 1134,5
2025-05-02 12:43:09,473 - INFO - Thread 19308 - Sessão 1 - Verificando link com texto: 0DTY7
2025-05-02 12:43:09,474 - INFO - Thread 19308 - Sessão 1 - Verificando link com texto: 37.233.759 MARIA GENEROZA H SECUNDES SINTICLEPEMP
2025-05-02 12:43:09,474 - INFO - Thread 19308 - Sessão 1 - Verificando link com texto: 28141000021930377
2025-05-02 12:43:09,474 - INFO - Thread 19308 - Sessão 1 - Verificando link com texto: 20/02/25
2025-05-02 12:43:09,474 - INFO - Thread 19308 - Sessão 1 - Verificando link com texto: 1317,15
2025-05-02 12:43:09,474 - INFO - Thread 19308 - Sessão 1 - Verificando link com texto: 0DTY7
2025-05-02 12:43:09,475 - INFO - Thread 19308 - Sessão 1 - Verificando link com texto: 37.233.759 MARIA GENEROZA H SECUNDES SINTICLEPEMP
2025-05-02 12:43:09,475 - INFO - Thread 19308 - Sessão 1 - Verificando link com texto: 28141000021908626
2025-05-02 12:43:09,475 - INFO - Thread 19308 - Sessão 1 - Verificando link com texto: 20/01/25
2025-05-02 12:43:09,475 - INFO - Thread 19308 - Sessão 1 - Verificando link com texto: 924,41
2025-05-02 12:43:09,475 - INFO - Thread 19308 - Sessão 1 - Verificando link com texto: 0DTY7
2025-05-02 12:43:09,476 - INFO - Thread 19308 - Sessão 1 - Verificando link com texto: 37.233.759 MARIA GENEROZA H SECUNDES SINTICLEPEMP
2025-05-02 12:43:09,476 - INFO - Thread 19308 - Sessão 1 - Verificando link com texto: 28141000021887251
2025-05-02 12:43:09,476 - INFO - Thread 19308 - Sessão 1 - Verificando link com texto: 20/12/24
2025-05-02 12:43:09,476 - INFO - Thread 19308 - Sessão 1 - Verificando link com texto: 924,41
2025-05-02 12:43:09,476 - INFO - Thread 19308 - Sessão 1 - Verificando link com texto: 0DTY7
2025-05-02 12:43:09,476 - INFO - Thread 19308 - Sessão 1 - Verificando link com texto: 37.233.759 MARIA GENEROZA H SECUNDES SINTICLEPEMP
2025-05-02 12:43:09,476 - INFO - Thread 19308 - Sessão 1 - Verificando link com texto: 28141000021864258
2025-05-02 12:43:09,476 - INFO - Thread 19308 - Sessão 1 - Verificando link com texto: 20/11/24
2025-05-02 12:43:09,476 - INFO - Thread 19308 - Sessão 1 - Verificando link com texto: 924,41
2025-05-02 12:43:09,477 - INFO - Thread 19308 - Sessão 1 - Verificando link com texto: 0DTY7
2025-05-02 12:43:09,477 - INFO - Thread 19308 - Sessão 1 - Verificando link com texto: 37.233.759 MARIA GENEROZA H SECUNDES SINTICLEPEMP
2025-05-02 12:43:09,477 - INFO - Thread 19308 - Sessão 1 - Verificando link com texto: 28141000021842190
2025-05-02 12:43:09,477 - INFO - Thread 19308 - Sessão 1 - Verificando link com texto: 20/10/24
2025-05-02 12:43:09,477 - INFO - Thread 19308 - Sessão 1 - Verificando link com texto: 924,41
2025-05-02 12:43:09,477 - INFO - Thread 19308 - Sessão 1 - Verificando link com texto: 0DTY7
2025-05-02 12:43:09,477 - INFO - Thread 19308 - Sessão 1 - Verificando link com texto: 37.233.759 MARIA GENEROZA H SECUNDES SINTICLEPEMP
2025-05-02 12:43:09,477 - INFO - Thread 19308 - Sessão 1 - Verificando link com texto: 28141000021814795
2025-05-02 12:43:09,477 - INFO - Thread 19308 - Sessão 1 - Verificando link com texto: 20/09/24
2025-05-02 12:43:09,477 - INFO - Thread 19308 - Sessão 1 - Verificando link com texto: 924,41
2025-05-02 12:43:09,478 - INFO - Thread 19308 - Sessão 1 - Verificando link com texto: 0DTY7
2025-05-02 12:43:09,478 - INFO - Thread 19308 - Sessão 1 - Verificando link com texto: 37.233.759 MARIA GENEROZA H SECUNDES SINTICLEPEMP
2025-05-02 12:43:09,478 - INFO - Thread 19308 - Sessão 1 - Verificando link com texto: 28141000021787832
2025-05-02 12:43:09,478 - INFO - Thread 19308 - Sessão 1 - Verificando link com texto: 20/08/24
2025-05-02 12:43:09,478 - INFO - Thread 19308 - Sessão 1 - Verificando link com texto: 924,41
2025-05-02 12:43:09,478 - INFO - Thread 19308 - Sessão 1 - Verificando link com texto: 0DTY7
2025-05-02 12:43:09,478 - INFO - Thread 19308 - Sessão 1 - Verificando link com texto: 37.233.759 MARIA GENEROZA H SECUNDES SINTICLEPEMP
2025-05-02 12:43:09,478 - INFO - Thread 19308 - Sessão 1 - Verificando link com texto: 28141000021761826
2025-05-02 12:43:09,479 - INFO - Thread 19308 - Sessão 1 - Verificando link com texto: 20/07/24
2025-05-02 12:43:09,479 - INFO - Thread 19308 - Sessão 1 - Verificando link com texto: 924,41
2025-05-02 12:43:09,479 - INFO - Thread 19308 - Sessão 1 - Verificando link com texto: 0DTY7
2025-05-02 12:43:09,479 - INFO - Thread 19308 - Sessão 1 - Verificando link com texto: 37.233.759 MARIA GENEROZA H SECUNDES SINTICLEPEMP
2025-05-02 12:43:09,479 - INFO - Thread 19308 - Sessão 1 - Verificando link com texto: 28141000021732486
2025-05-02 12:43:09,479 - INFO - Thread 19308 - Sessão 1 - Verificando link com texto: 20/06/24
2025-05-02 12:43:09,479 - INFO - Thread 19308 - Sessão 1 - Verificando link com texto: 924,41
2025-05-02 12:43:09,479 - INFO - Thread 19308 - Sessão 1 - Verificando link com texto: 0DTY7
2025-05-02 12:43:09,479 - INFO - Thread 19308 - Sessão 1 - Verificando link com texto: 37.233.759 MARIA GENEROZA H SECUNDES SINTICLEPEMP
2025-05-02 12:43:09,480 - INFO - Thread 19308 - Sessão 1 - Verificando link com texto: 28141000021704712
2025-05-02 12:43:09,480 - INFO - Thread 19308 - Sessão 1 - Verificando link com texto: 20/05/24
2025-05-02 12:43:09,480 - INFO - Thread 19308 - Sessão 1 - Verificando link com texto: 984,3
2025-05-02 12:43:09,480 - INFO - Thread 19308 - Sessão 1 - Verificando link com texto: 0DTY7
2025-05-02 12:43:09,480 - INFO - Thread 19308 - Sessão 1 - Verificando link com texto: 37.233.759 MARIA GENEROZA H SECUNDES SINTICLEPEMP
2025-05-02 12:43:09,480 - INFO - Thread 19308 - Sessão 1 - Verificando link com texto: 28141000021679898
2025-05-02 12:43:09,480 - INFO - Thread 19308 - Sessão 1 - Verificando link com texto: 20/04/24
2025-05-02 12:43:09,480 - INFO - Thread 19308 - Sessão 1 - Verificando link com texto: 848,1
2025-05-02 12:43:09,480 - INFO - Thread 19308 - Sessão 1 - Verificando link com texto: 0DTY7
2025-05-02 12:43:09,481 - INFO - Thread 19308 - Sessão 1 - Verificando link com texto: 37.233.759 MARIA GENEROZA H SECUNDES SINTICLEPEMP
2025-05-02 12:43:09,481 - INFO - Thread 19308 - Sessão 1 - Verificando link com texto: 28141000021651692
2025-05-02 12:43:09,481 - INFO - Thread 19308 - Sessão 1 - Verificando link com texto: 20/03/24
2025-05-02 12:43:09,481 - INFO - Thread 19308 - Sessão 1 - Verificando link com texto: 848,1
2025-05-02 12:43:09,481 - INFO - Thread 19308 - Sessão 1 - Verificando link com texto: 0DTY7
2025-05-02 12:43:09,481 - INFO - Thread 19308 - Sessão 1 - Verificando link com texto: 37.233.759 MARIA GENEROZA H SECUNDES SINTICLEPEMP
2025-05-02 12:43:09,481 - INFO - Thread 19308 - Sessão 1 - Verificando link com texto: 28141000021624463
2025-05-02 12:43:09,481 - INFO - Thread 19308 - Sessão 1 - Verificando link com texto: 20/02/24
2025-05-02 12:43:09,481 - INFO - Thread 19308 - Sessão 1 - Verificando link com texto: 1017,2
2025-05-02 12:43:09,481 - INFO - Thread 19308 - Sessão 1 - Verificando link com texto: 0DTY7
2025-05-02 12:43:09,482 - INFO - Thread 19308 - Sessão 1 - Verificando link com texto: 37.233.759 MARIA GENEROZA H SECUNDES SINTICLEPEMP
2025-05-02 12:43:09,482 - INFO - Thread 19308 - Sessão 1 - Verificando link com texto: 28141000021604275
2025-05-02 12:43:09,482 - INFO - Thread 19308 - Sessão 1 - Verificando link com texto: 20/01/24
2025-05-02 12:43:09,482 - INFO - Thread 19308 - Sessão 1 - Verificando link com texto: 848,1
2025-05-02 12:43:09,482 - INFO - Thread 19308 - Sessão 1 - Verificando link com texto: 0DTY7
2025-05-02 12:43:09,482 - INFO - Thread 19308 - Sessão 1 - Verificando link com texto: 37.233.759 MARIA GENEROZA H SECUNDES SINTICLEPEMP
2025-05-02 12:43:09,482 - INFO - Thread 19308 - Sessão 1 - Verificando link com texto: 28141000021573441
2025-05-02 12:43:09,482 - INFO - Thread 19308 - Sessão 1 - Verificando link com texto: 20/12/23
2025-05-02 12:43:09,483 - INFO - Thread 19308 - Sessão 1 - Verificando link com texto: 848,1
2025-05-02 12:43:09,483 - INFO - Thread 19308 - Sessão 1 - Verificando link com texto: 0DTY7
2025-05-02 12:43:09,483 - INFO - Thread 19308 - Sessão 1 - Verificando link com texto: 37.233.759 MARIA GENEROZA H SECUNDES SINTICLEPEMP
2025-05-02 12:43:09,483 - INFO - Thread 19308 - Sessão 1 - Verificando link com texto: 28141000021545594
2025-05-02 12:43:09,483 - INFO - Thread 19308 - Sessão 1 - Verificando link com texto: 20/11/23
2025-05-02 12:43:09,483 - INFO - Thread 19308 - Sessão 1 - Verificando link com texto: 848,1
2025-05-02 12:43:09,483 - INFO - Thread 19308 - Sessão 1 - Verificando link com texto: 0DTY7
2025-05-02 12:43:09,483 - INFO - Thread 19308 - Sessão 1 - Verificando link com texto: 37.233.759 MARIA GENEROZA H SECUNDES SINTICLEPEMP
2025-05-02 12:43:09,483 - INFO - Thread 19308 - Sessão 1 - Verificando link com texto: 28141000021519067
2025-05-02 12:43:09,483 - INFO - Thread 19308 - Sessão 1 - Verificando link com texto: 20/10/23
2025-05-02 12:43:09,484 - INFO - Thread 19308 - Sessão 1 - Verificando link com texto: 848,1
2025-05-02 12:43:09,484 - INFO - Thread 19308 - Sessão 1 - Verificando link com texto: 0DTY7
2025-05-02 12:43:09,484 - INFO - Thread 19308 - Sessão 1 - Verificando link com texto: 37.233.759 MARIA GENEROZA H SECUNDES SINTICLEPEMP
2025-05-02 12:43:09,484 - INFO - Thread 19308 - Sessão 1 - Verificando link com texto: 28141000021488753
2025-05-02 12:43:09,484 - INFO - Thread 19308 - Sessão 1 - Verificando link com texto: 20/09/23
2025-05-02 12:43:09,484 - INFO - Thread 19308 - Sessão 1 - Verificando link com texto: 848,1
2025-05-02 12:43:09,484 - INFO - Thread 19308 - Sessão 1 - Verificando link com texto: 0DTY7
2025-05-02 12:43:09,484 - INFO - Thread 19308 - Sessão 1 - Verificando link com texto: 37.233.759 MARIA GENEROZA H SECUNDES SINTICLEPEMP
2025-05-02 12:43:09,484 - INFO - Thread 19308 - Sessão 1 - Verificando link com texto: 28141000021463491
2025-05-02 12:43:09,484 - INFO - Thread 19308 - Sessão 1 - Verificando link com texto: 20/08/23
2025-05-02 12:43:09,484 - INFO - Thread 19308 - Sessão 1 - Verificando link com texto: 848,1
2025-05-02 12:43:09,484 - INFO - Thread 19308 - Sessão 1 - Verificando link com texto: 0DTY7
2025-05-02 12:43:09,485 - INFO - Thread 19308 - Sessão 1 - Verificando link com texto: 37.233.759 MARIA GENEROZA H SECUNDES SINTICLEPEMP
2025-05-02 12:43:09,485 - INFO - Thread 19308 - Sessão 1 - Verificando link com texto: 28141000021434148
2025-05-02 12:43:09,485 - INFO - Thread 19308 - Sessão 1 - Verificando link com texto: 10/07/23
2025-05-02 12:43:09,485 - INFO - Thread 19308 - Sessão 1 - Verificando link com texto: 848,1
2025-05-02 12:43:09,485 - INFO - Thread 19308 - Sessão 1 - Verificando link com texto: 0DTY7
2025-05-02 12:43:09,485 - INFO - Thread 19308 - Sessão 1 - Verificando link com texto: 37.233.759 MARIA GENEROZA H SECUNDES SINTICLEPEMP
2025-05-02 12:43:09,485 - INFO - Thread 19308 - Sessão 1 - Verificando link com texto: 28141000021423401
2025-05-02 12:43:09,485 - INFO - Thread 19308 - Sessão 1 - Verificando link com texto: 10/06/23
2025-05-02 12:43:09,485 - INFO - Thread 19308 - Sessão 1 - Verificando link com texto: 927,3
2025-05-02 12:43:09,486 - ERROR - Thread 19308 - Sessão 1 - Data de vencimento 20/5/25 não encontrada. Datas disponíveis: ['0DTY7', '37.233.759 MARIA GENEROZA H SECUNDES SINTICLEPEMP', '28141000021976197', '20/04/25', '1134,5', '0DTY7', '37.233.759 MARIA GENEROZA H SECUNDES SINTICLEPEMP', '28141000021956316', '20/03/25', '1134,5', '0DTY7', '37.233.759 MARIA GENEROZA H SECUNDES SINTICLEPEMP', '28141000021930377', '20/02/25', '1317,15', '0DTY7', '37.233.759 MARIA GENEROZA H SECUNDES SINTICLEPEMP', '28141000021908626', '20/01/25', '924,41', '0DTY7', '37.233.759 MARIA GENEROZA H SECUNDES SINTICLEPEMP', '28141000021887251', '20/12/24', '924,41', '0DTY7', '37.233.759 MARIA GENEROZA H SECUNDES SINTICLEPEMP', '28141000021864258', '20/11/24', '924,41', '0DTY7', '37.233.759 MARIA GENEROZA H SECUNDES SINTICLEPEMP', '28141000021842190', '20/10/24', '924,41', '0DTY7', '37.233.759 MARIA GENEROZA H SECUNDES SINTICLEPEMP', '28141000021814795', '20/09/24', '924,41', '0DTY7', '37.233.759 MARIA GENEROZA H SECUNDES SINTICLEPEMP', '28141000021787832', '20/08/24', '924,41', '0DTY7', '37.233.759 MARIA GENEROZA H SECUNDES SINTICLEPEMP', '28141000021761826', '20/07/24', '924,41', '0DTY7', '37.233.759 MARIA GENEROZA H SECUNDES SINTICLEPEMP', '28141000021732486', '20/06/24', '924,41', '0DTY7', '37.233.759 MARIA GENEROZA H SECUNDES SINTICLEPEMP', '28141000021704712', '20/05/24', '984,3', '0DTY7', '37.233.759 MARIA GENEROZA H SECUNDES SINTICLEPEMP', '28141000021679898', '20/04/24', '848,1', '0DTY7', '37.233.759 MARIA GENEROZA H SECUNDES SINTICLEPEMP', '28141000021651692', '20/03/24', '848,1', '0DTY7', '37.233.759 MARIA GENEROZA H SECUNDES SINTICLEPEMP', '28141000021624463', '20/02/24', '1017,2', '0DTY7', '37.233.759 MARIA GENEROZA H SECUNDES SINTICLEPEMP', '28141000021604275', '20/01/24', '848,1', '0DTY7', '37.233.759 MARIA GENEROZA H SECUNDES SINTICLEPEMP', '28141000021573441', '20/12/23', '848,1', '0DTY7', '37.233.759 MARIA GENEROZA H SECUNDES SINTICLEPEMP', '28141000021545594', '20/11/23', '848,1', '0DTY7', '37.233.759 MARIA GENEROZA H SECUNDES SINTICLEPEMP', '28141000021519067', '20/10/23', '848,1', '0DTY7', '37.233.759 MARIA GENEROZA H SECUNDES SINTICLEPEMP', '28141000021488753', '20/09/23', '848,1', '0DTY7', '37.233.759 MARIA GENEROZA H SECUNDES SINTICLEPEMP', '28141000021463491', '20/08/23', '848,1', '0DTY7', '37.233.759 MARIA GENEROZA H SECUNDES SINTICLEPEMP', '28141000021434148', '10/07/23', '848,1', '0DTY7', '37.233.759 MARIA GENEROZA H SECUNDES SINTICLEPEMP', '28141000021423401', '10/06/23', '927,3']
2025-05-02 12:43:09,486 - INFO - Thread 24680 - Progresso: 1/3 (33%)
2025-05-02 12:43:09,566 - DEBUG - Thread 28752 - https://webhap.hapvida.com.br:443 "GET /pls/webhap/pk_nota_fiscal.listaNotasFiscais?pIdSessao=43021205102516599095 HTTP/11" 200 None
2025-05-02 12:43:09,625 - INFO - Thread 28752 - Sessão 2 - Status da requisição: 200, URL final: https://webhap.hapvida.com.br/pls/webhap/pk_nota_fiscal.listaNotasFiscais?pIdSessao=43021205102516599095
2025-05-02 12:43:09,625 - DEBUG - Thread 28752 - Sessão 2 - Primeiros 500 caracteres do HTML: 
    <head>
    <meta http-equiv="Content-Type" content="text/html; charset=utf-8" />
    <meta name="viewport" content="width=device-width, initial-scale=1.0">
    <title>Hapvida - Plano de Saúde</title>
    <link href="/hapvida/hapvida_avanz/sistema/css/simple-line-icons.css" rel="stylesheet" type="text/css" />
    <link href="/hapvida/hapvida_avanz/sistema/css/stlhapvida.css" rel="stylesheet" type="text/css" />
    <link href="/hapvida/hapvida_avanz/sistema/css/style-ie.css" rel="stylesheet" 
2025-05-02 12:43:09,645 - INFO - Thread 28752 - Sessão 2 - Buscando data de vencimento: 20/5/25
2025-05-02 12:43:09,646 - INFO - Thread 28752 - Sessão 2 - Verificando link com texto: 0CPDD
2025-05-02 12:43:09,646 - INFO - Thread 28752 - Sessão 2 - Verificando link com texto: 44.537.597 EVANIA FERREIRA DA SILVA SINTICLEPEMP
2025-05-02 12:43:09,646 - INFO - Thread 28752 - Sessão 2 - Verificando link com texto: 1010526365865
2025-05-02 12:43:09,646 - INFO - Thread 28752 - Sessão 2 - Verificando link com texto: 20/04/25
2025-05-02 12:43:09,646 - INFO - Thread 28752 - Sessão 2 - Verificando link com texto: 840,36
2025-05-02 12:43:09,646 - INFO - Thread 28752 - Sessão 2 - Verificando link com texto: 0CPDD
2025-05-02 12:43:09,647 - INFO - Thread 28752 - Sessão 2 - Verificando link com texto: 44.537.597 EVANIA FERREIRA DA SILVA SINTICLEPEMP
2025-05-02 12:43:09,647 - INFO - Thread 28752 - Sessão 2 - Verificando link com texto: 1010517416100
2025-05-02 12:43:09,647 - INFO - Thread 28752 - Sessão 2 - Verificando link com texto: 20/03/25
2025-05-02 12:43:09,647 - INFO - Thread 28752 - Sessão 2 - Verificando link com texto: 840,36
2025-05-02 12:43:09,647 - INFO - Thread 28752 - Sessão 2 - Verificando link com texto: 0CPDD
2025-05-02 12:43:09,647 - INFO - Thread 28752 - Sessão 2 - Verificando link com texto: 44.537.597 EVANIA FERREIRA DA SILVA SINTICLEPEMP
2025-05-02 12:43:09,647 - INFO - Thread 28752 - Sessão 2 - Verificando link com texto: 1010502973008
2025-05-02 12:43:09,647 - INFO - Thread 28752 - Sessão 2 - Verificando link com texto: 20/02/25
2025-05-02 12:43:09,647 - INFO - Thread 28752 - Sessão 2 - Verificando link com texto: 840,36
2025-05-02 12:43:09,647 - INFO - Thread 28752 - Sessão 2 - Verificando link com texto: 0CPDD
2025-05-02 12:43:09,647 - INFO - Thread 28752 - Sessão 2 - Verificando link com texto: 44.537.597 EVANIA FERREIRA DA SILVA SINTICLEPEMP
2025-05-02 12:43:09,647 - INFO - Thread 28752 - Sessão 2 - Verificando link com texto: 1010492577407
2025-05-02 12:43:09,648 - INFO - Thread 28752 - Sessão 2 - Verificando link com texto: 20/01/25
2025-05-02 12:43:09,648 - INFO - Thread 28752 - Sessão 2 - Verificando link com texto: 840,36
2025-05-02 12:43:09,648 - INFO - Thread 28752 - Sessão 2 - Verificando link com texto: 0CPDD
2025-05-02 12:43:09,648 - INFO - Thread 28752 - Sessão 2 - Verificando link com texto: 44.537.597 EVANIA FERREIRA DA SILVA SINTICLEPEMP
2025-05-02 12:43:09,648 - INFO - Thread 28752 - Sessão 2 - Verificando link com texto: 1010481536674
2025-05-02 12:43:09,648 - INFO - Thread 28752 - Sessão 2 - Verificando link com texto: 20/12/24
2025-05-02 12:43:09,648 - INFO - Thread 28752 - Sessão 2 - Verificando link com texto: 840,36
2025-05-02 12:43:09,648 - INFO - Thread 28752 - Sessão 2 - Verificando link com texto: 0CPDD
2025-05-02 12:43:09,648 - INFO - Thread 28752 - Sessão 2 - Verificando link com texto: 44.537.597 EVANIA FERREIRA DA SILVA SINTICLEPEMP
2025-05-02 12:43:09,648 - INFO - Thread 28752 - Sessão 2 - Verificando link com texto: 1010468973136
2025-05-02 12:43:09,648 - INFO - Thread 28752 - Sessão 2 - Verificando link com texto: 20/11/24
2025-05-02 12:43:09,649 - INFO - Thread 28752 - Sessão 2 - Verificando link com texto: 840,36
2025-05-02 12:43:09,649 - INFO - Thread 28752 - Sessão 2 - Verificando link com texto: 0CPDD
2025-05-02 12:43:09,649 - INFO - Thread 28752 - Sessão 2 - Verificando link com texto: 44.537.597 EVANIA FERREIRA DA SILVA SINTICLEPEMP
2025-05-02 12:43:09,649 - INFO - Thread 28752 - Sessão 2 - Verificando link com texto: 1010461020753
2025-05-02 12:43:09,649 - INFO - Thread 28752 - Sessão 2 - Verificando link com texto: 20/10/24
2025-05-02 12:43:09,649 - INFO - Thread 28752 - Sessão 2 - Verificando link com texto: 840,36
2025-05-02 12:43:09,649 - INFO - Thread 28752 - Sessão 2 - Verificando link com texto: 0CPDD
2025-05-02 12:43:09,649 - INFO - Thread 28752 - Sessão 2 - Verificando link com texto: 44.537.597 EVANIA FERREIRA DA SILVA SINTICLEPEMP
2025-05-02 12:43:09,649 - INFO - Thread 28752 - Sessão 2 - Verificando link com texto: 1010447319305
2025-05-02 12:43:09,649 - INFO - Thread 28752 - Sessão 2 - Verificando link com texto: 20/09/24
2025-05-02 12:43:09,649 - INFO - Thread 28752 - Sessão 2 - Verificando link com texto: 840,36
2025-05-02 12:43:09,650 - INFO - Thread 28752 - Sessão 2 - Verificando link com texto: 0CPDD
2025-05-02 12:43:09,650 - INFO - Thread 28752 - Sessão 2 - Verificando link com texto: 44.537.597 EVANIA FERREIRA DA SILVA SINTICLEPEMP
2025-05-02 12:43:09,650 - INFO - Thread 28752 - Sessão 2 - Verificando link com texto: 1010435254645
2025-05-02 12:43:09,650 - INFO - Thread 28752 - Sessão 2 - Verificando link com texto: 20/08/24
2025-05-02 12:43:09,650 - INFO - Thread 28752 - Sessão 2 - Verificando link com texto: 840,36
2025-05-02 12:43:09,650 - INFO - Thread 28752 - Sessão 2 - Verificando link com texto: 0CPDD
2025-05-02 12:43:09,650 - INFO - Thread 28752 - Sessão 2 - Verificando link com texto: 44.537.597 EVANIA FERREIRA DA SILVA SINTICLEPEMP
2025-05-02 12:43:09,650 - INFO - Thread 28752 - Sessão 2 - Verificando link com texto: 1010425802801
2025-05-02 12:43:09,650 - INFO - Thread 28752 - Sessão 2 - Verificando link com texto: 20/07/24
2025-05-02 12:43:09,650 - INFO - Thread 28752 - Sessão 2 - Verificando link com texto: 840,36
2025-05-02 12:43:09,650 - INFO - Thread 28752 - Sessão 2 - Verificando link com texto: 0CPDD
2025-05-02 12:43:09,651 - INFO - Thread 28752 - Sessão 2 - Verificando link com texto: 44.537.597 EVANIA FERREIRA DA SILVA SINTICLEPEMP
2025-05-02 12:43:09,651 - INFO - Thread 28752 - Sessão 2 - Verificando link com texto: 1010413641816
2025-05-02 12:43:09,651 - INFO - Thread 28752 - Sessão 2 - Verificando link com texto: 20/06/24
2025-05-02 12:43:09,651 - INFO - Thread 28752 - Sessão 2 - Verificando link com texto: 840,36
2025-05-02 12:43:09,651 - INFO - Thread 28752 - Sessão 2 - Verificando link com texto: 0CPDD
2025-05-02 12:43:09,651 - INFO - Thread 28752 - Sessão 2 - Verificando link com texto: 44.537.597 EVANIA FERREIRA DA SILVA SINTICLEPEMP
2025-05-02 12:43:09,651 - INFO - Thread 28752 - Sessão 2 - Verificando link com texto: 1010402394405
2025-05-02 12:43:09,651 - INFO - Thread 28752 - Sessão 2 - Verificando link com texto: 20/05/24
2025-05-02 12:43:09,651 - INFO - Thread 28752 - Sessão 2 - Verificando link com texto: 894,8
2025-05-02 12:43:09,651 - INFO - Thread 28752 - Sessão 2 - Verificando link com texto: 0CPDD
2025-05-02 12:43:09,651 - INFO - Thread 28752 - Sessão 2 - Verificando link com texto: 44.537.597 EVANIA FERREIRA DA SILVA SINTICLEPEMP
2025-05-02 12:43:09,651 - INFO - Thread 28752 - Sessão 2 - Verificando link com texto: 1010393542621
2025-05-02 12:43:09,652 - INFO - Thread 28752 - Sessão 2 - Verificando link com texto: 20/04/24
2025-05-02 12:43:09,652 - INFO - Thread 28752 - Sessão 2 - Verificando link com texto: 771
2025-05-02 12:43:09,652 - INFO - Thread 28752 - Sessão 2 - Verificando link com texto: 0CPDD
2025-05-02 12:43:09,652 - INFO - Thread 28752 - Sessão 2 - Verificando link com texto: 44.537.597 EVANIA FERREIRA DA SILVA SINTICLEPEMP
2025-05-02 12:43:09,652 - INFO - Thread 28752 - Sessão 2 - Verificando link com texto: 1010380493481
2025-05-02 12:43:09,652 - INFO - Thread 28752 - Sessão 2 - Verificando link com texto: 20/03/24
2025-05-02 12:43:09,652 - INFO - Thread 28752 - Sessão 2 - Verificando link com texto: 771
2025-05-02 12:43:09,652 - INFO - Thread 28752 - Sessão 2 - Verificando link com texto: 0CPDD
2025-05-02 12:43:09,652 - INFO - Thread 28752 - Sessão 2 - Verificando link com texto: 44.537.597 EVANIA FERREIRA DA SILVA SINTICLEPEMP
2025-05-02 12:43:09,652 - INFO - Thread 28752 - Sessão 2 - Verificando link com texto: 1010368370200
2025-05-02 12:43:09,652 - INFO - Thread 28752 - Sessão 2 - Verificando link com texto: 20/02/24
2025-05-02 12:43:09,652 - INFO - Thread 28752 - Sessão 2 - Verificando link com texto: 924,72
2025-05-02 12:43:09,652 - INFO - Thread 28752 - Sessão 2 - Verificando link com texto: 0CPDD
2025-05-02 12:43:09,653 - INFO - Thread 28752 - Sessão 2 - Verificando link com texto: 44.537.597 EVANIA FERREIRA DA SILVA SINTICLEPEMP
2025-05-02 12:43:09,653 - INFO - Thread 28752 - Sessão 2 - Verificando link com texto: 1010360940555
2025-05-02 12:43:09,653 - INFO - Thread 28752 - Sessão 2 - Verificando link com texto: 20/01/24
2025-05-02 12:43:09,653 - INFO - Thread 28752 - Sessão 2 - Verificando link com texto: 771
2025-05-02 12:43:09,653 - INFO - Thread 28752 - Sessão 2 - Verificando link com texto: 0CPDD
2025-05-02 12:43:09,653 - INFO - Thread 28752 - Sessão 2 - Verificando link com texto: 44.537.597 EVANIA FERREIRA DA SILVA SINTICLEPEMP
2025-05-02 12:43:09,653 - INFO - Thread 28752 - Sessão 2 - Verificando link com texto: 1010347715349
2025-05-02 12:43:09,653 - INFO - Thread 28752 - Sessão 2 - Verificando link com texto: 20/12/23
2025-05-02 12:43:09,653 - INFO - Thread 28752 - Sessão 2 - Verificando link com texto: 1119
2025-05-02 12:43:09,653 - INFO - Thread 28752 - Sessão 2 - Verificando link com texto: 0CPDD
2025-05-02 12:43:09,653 - INFO - Thread 28752 - Sessão 2 - Verificando link com texto: 44.537.597 EVANIA FERREIRA DA SILVA SINTICLEPEMP
2025-05-02 12:43:09,653 - INFO - Thread 28752 - Sessão 2 - Verificando link com texto: 1010336992508
2025-05-02 12:43:09,654 - INFO - Thread 28752 - Sessão 2 - Verificando link com texto: 20/11/23
2025-05-02 12:43:09,654 - INFO - Thread 28752 - Sessão 2 - Verificando link com texto: 385,5
2025-05-02 12:43:09,654 - INFO - Thread 28752 - Sessão 2 - Verificando link com texto: 0CPDD
2025-05-02 12:43:09,654 - INFO - Thread 28752 - Sessão 2 - Verificando link com texto: 44.537.597 EVANIA FERREIRA DA SILVA SINTICLEPEMP
2025-05-02 12:43:09,654 - INFO - Thread 28752 - Sessão 2 - Verificando link com texto: 1010326186835
2025-05-02 12:43:09,654 - INFO - Thread 28752 - Sessão 2 - Verificando link com texto: 20/10/23
2025-05-02 12:43:09,654 - INFO - Thread 28752 - Sessão 2 - Verificando link com texto: 385,5
2025-05-02 12:43:09,654 - INFO - Thread 28752 - Sessão 2 - Verificando link com texto: 0CPDD
2025-05-02 12:43:09,654 - INFO - Thread 28752 - Sessão 2 - Verificando link com texto: 44.537.597 EVANIA FERREIRA DA SILVA SINTICLEPEMP
2025-05-02 12:43:09,654 - INFO - Thread 28752 - Sessão 2 - Verificando link com texto: 1010314586698
2025-05-02 12:43:09,654 - INFO - Thread 28752 - Sessão 2 - Verificando link com texto: 20/09/23
2025-05-02 12:43:09,654 - INFO - Thread 28752 - Sessão 2 - Verificando link com texto: 385,5
2025-05-02 12:43:09,654 - INFO - Thread 28752 - Sessão 2 - Verificando link com texto: 0CPDD
2025-05-02 12:43:09,655 - INFO - Thread 28752 - Sessão 2 - Verificando link com texto: 44.537.597 EVANIA FERREIRA DA SILVA SINTICLEPEMP
2025-05-02 12:43:09,655 - INFO - Thread 28752 - Sessão 2 - Verificando link com texto: 1010304987894
2025-05-02 12:43:09,655 - INFO - Thread 28752 - Sessão 2 - Verificando link com texto: 20/08/23
2025-05-02 12:43:09,655 - INFO - Thread 28752 - Sessão 2 - Verificando link com texto: 385,5
2025-05-02 12:43:09,655 - INFO - Thread 28752 - Sessão 2 - Verificando link com texto: 0CPDD
2025-05-02 12:43:09,655 - INFO - Thread 28752 - Sessão 2 - Verificando link com texto: 44.537.597 EVANIA FERREIRA DA SILVA SINTICLEPEMP
2025-05-02 12:43:09,655 - INFO - Thread 28752 - Sessão 2 - Verificando link com texto: 1010293090087
2025-05-02 12:43:09,655 - INFO - Thread 28752 - Sessão 2 - Verificando link com texto: 20/07/23
2025-05-02 12:43:09,655 - INFO - Thread 28752 - Sessão 2 - Verificando link com texto: 385,5
2025-05-02 12:43:09,655 - INFO - Thread 28752 - Sessão 2 - Verificando link com texto: 0CPDD
2025-05-02 12:43:09,655 - INFO - Thread 28752 - Sessão 2 - Verificando link com texto: 44.537.597 EVANIA FERREIRA DA SILVA SINTICLEPEMP
2025-05-02 12:43:09,656 - INFO - Thread 28752 - Sessão 2 - Verificando link com texto: 1010282597096
2025-05-02 12:43:09,656 - INFO - Thread 28752 - Sessão 2 - Verificando link com texto: 20/06/23
2025-05-02 12:43:09,656 - INFO - Thread 28752 - Sessão 2 - Verificando link com texto: 385,5
2025-05-02 12:43:09,656 - INFO - Thread 28752 - Sessão 2 - Verificando link com texto: 0CPDD
2025-05-02 12:43:09,656 - INFO - Thread 28752 - Sessão 2 - Verificando link com texto: 44.537.597 EVANIA FERREIRA DA SILVA SINTICLEPEMP
2025-05-02 12:43:09,656 - INFO - Thread 28752 - Sessão 2 - Verificando link com texto: 1010272478817
2025-05-02 12:43:09,656 - INFO - Thread 28752 - Sessão 2 - Verificando link com texto: 20/05/23
2025-05-02 12:43:09,656 - INFO - Thread 28752 - Sessão 2 - Verificando link com texto: 472,34
2025-05-02 12:43:09,656 - INFO - Thread 28752 - Sessão 2 - Verificando link com texto: 0CPDD
2025-05-02 12:43:09,656 - INFO - Thread 28752 - Sessão 2 - Verificando link com texto: 44.537.597 EVANIA FERREIRA DA SILVA SINTICLEPEMP
2025-05-02 12:43:09,656 - INFO - Thread 28752 - Sessão 2 - Verificando link com texto: 1010262056650
2025-05-02 12:43:09,657 - INFO - Thread 28752 - Sessão 2 - Verificando link com texto: 20/04/23
2025-05-02 12:43:09,657 - INFO - Thread 28752 - Sessão 2 - Verificando link com texto: 344,2
2025-05-02 12:43:09,657 - INFO - Thread 28752 - Sessão 2 - Verificando link com texto: 0CPDD
2025-05-02 12:43:09,657 - INFO - Thread 28752 - Sessão 2 - Verificando link com texto: 44.537.597 EVANIA FERREIRA DA SILVA SINTICLEPEMP
2025-05-02 12:43:09,657 - INFO - Thread 28752 - Sessão 2 - Verificando link com texto: 28141000021153611
2025-05-02 12:43:09,657 - INFO - Thread 28752 - Sessão 2 - Verificando link com texto: 20/03/23
2025-05-02 12:43:09,657 - INFO - Thread 28752 - Sessão 2 - Verificando link com texto: 379,56
2025-05-02 12:43:09,658 - ERROR - Thread 28752 - Sessão 2 - Data de vencimento 20/5/25 não encontrada. Datas disponíveis: ['0CPDD', '44.537.597 EVANIA FERREIRA DA SILVA SINTICLEPEMP', '1010526365865', '20/04/25', '840,36', '0CPDD', '44.537.597 EVANIA FERREIRA DA SILVA SINTICLEPEMP', '1010517416100', '20/03/25', '840,36', '0CPDD', '44.537.597 EVANIA FERREIRA DA SILVA SINTICLEPEMP', '1010502973008', '20/02/25', '840,36', '0CPDD', '44.537.597 EVANIA FERREIRA DA SILVA SINTICLEPEMP', '1010492577407', '20/01/25', '840,36', '0CPDD', '44.537.597 EVANIA FERREIRA DA SILVA SINTICLEPEMP', '1010481536674', '20/12/24', '840,36', '0CPDD', '44.537.597 EVANIA FERREIRA DA SILVA SINTICLEPEMP', '1010468973136', '20/11/24', '840,36', '0CPDD', '44.537.597 EVANIA FERREIRA DA SILVA SINTICLEPEMP', '1010461020753', '20/10/24', '840,36', '0CPDD', '44.537.597 EVANIA FERREIRA DA SILVA SINTICLEPEMP', '1010447319305', '20/09/24', '840,36', '0CPDD', '44.537.597 EVANIA FERREIRA DA SILVA SINTICLEPEMP', '1010435254645', '20/08/24', '840,36', '0CPDD', '44.537.597 EVANIA FERREIRA DA SILVA SINTICLEPEMP', '1010425802801', '20/07/24', '840,36', '0CPDD', '44.537.597 EVANIA FERREIRA DA SILVA SINTICLEPEMP', '1010413641816', '20/06/24', '840,36', '0CPDD', '44.537.597 EVANIA FERREIRA DA SILVA SINTICLEPEMP', '1010402394405', '20/05/24', '894,8', '0CPDD', '44.537.597 EVANIA FERREIRA DA SILVA SINTICLEPEMP', '1010393542621', '20/04/24', '771', '0CPDD', '44.537.597 EVANIA FERREIRA DA SILVA SINTICLEPEMP', '1010380493481', '20/03/24', '771', '0CPDD', '44.537.597 EVANIA FERREIRA DA SILVA SINTICLEPEMP', '1010368370200', '20/02/24', '924,72', '0CPDD', '44.537.597 EVANIA FERREIRA DA SILVA SINTICLEPEMP', '1010360940555', '20/01/24', '771', '0CPDD', '44.537.597 EVANIA FERREIRA DA SILVA SINTICLEPEMP', '1010347715349', '20/12/23', '1119', '0CPDD', '44.537.597 EVANIA FERREIRA DA SILVA SINTICLEPEMP', '1010336992508', '20/11/23', '385,5', '0CPDD', '44.537.597 EVANIA FERREIRA DA SILVA SINTICLEPEMP', '1010326186835', '20/10/23', '385,5', '0CPDD', '44.537.597 EVANIA FERREIRA DA SILVA SINTICLEPEMP', '1010314586698', '20/09/23', '385,5', '0CPDD', '44.537.597 EVANIA FERREIRA DA SILVA SINTICLEPEMP', '1010304987894', '20/08/23', '385,5', '0CPDD', '44.537.597 EVANIA FERREIRA DA SILVA SINTICLEPEMP', '1010293090087', '20/07/23', '385,5', '0CPDD', '44.537.597 EVANIA FERREIRA DA SILVA SINTICLEPEMP', '1010282597096', '20/06/23', '385,5', '0CPDD', '44.537.597 EVANIA FERREIRA DA SILVA SINTICLEPEMP', '1010272478817', '20/05/23', '472,34', '0CPDD', '44.537.597 EVANIA FERREIRA DA SILVA SINTICLEPEMP', '1010262056650', '20/04/23', '344,2', '0CPDD', '44.537.597 EVANIA FERREIRA DA SILVA SINTICLEPEMP', '28141000021153611', '20/03/23', '379,56']
2025-05-02 12:43:09,658 - INFO - Thread 24680 - Progresso: 2/3 (66%)
2025-05-02 12:43:09,706 - DEBUG - Thread 31148 - https://webhap.hapvida.com.br:443 "GET /pls/webhap/pk_nota_fiscal.listaNotasFiscais?pIdSessao=43021205102516599096 HTTP/11" 200 None
2025-05-02 12:43:09,707 - INFO - Thread 31148 - Sessão 3 - Status da requisição: 200, URL final: https://webhap.hapvida.com.br/pls/webhap/pk_nota_fiscal.listaNotasFiscais?pIdSessao=43021205102516599096
2025-05-02 12:43:09,707 - DEBUG - Thread 31148 - Sessão 3 - Primeiros 500 caracteres do HTML: 
    <head>
    <meta http-equiv="Content-Type" content="text/html; charset=utf-8" />
    <meta name="viewport" content="width=device-width, initial-scale=1.0">
    <title>Hapvida - Plano de Saúde</title>
    <link href="/hapvida/hapvida_avanz/sistema/css/simple-line-icons.css" rel="stylesheet" type="text/css" />
    <link href="/hapvida/hapvida_avanz/sistema/css/stlhapvida.css" rel="stylesheet" type="text/css" />
    <link href="/hapvida/hapvida_avanz/sistema/css/style-ie.css" rel="stylesheet" 
2025-05-02 12:43:09,729 - INFO - Thread 31148 - Sessão 3 - Buscando data de vencimento: 20/5/25
2025-05-02 12:43:09,730 - INFO - Thread 31148 - Sessão 3 - Verificando link com texto: 0CIX1
2025-05-02 12:43:09,730 - INFO - Thread 31148 - Sessão 3 - Verificando link com texto: 49.086.988 LUAN DE SOUSA FREIRE SINTICLEPEMP
2025-05-02 12:43:09,730 - INFO - Thread 31148 - Sessão 3 - Verificando link com texto: 1010526363579
2025-05-02 12:43:09,730 - INFO - Thread 31148 - Sessão 3 - Verificando link com texto: 20/04/25
2025-05-02 12:43:09,730 - INFO - Thread 31148 - Sessão 3 - Verificando link com texto: 1470,63
2025-05-02 12:43:09,730 - INFO - Thread 31148 - Sessão 3 - Verificando link com texto: 0CIX1
2025-05-02 12:43:09,730 - INFO - Thread 31148 - Sessão 3 - Verificando link com texto: 49.086.988 LUAN DE SOUSA FREIRE SINTICLEPEMP
2025-05-02 12:43:09,730 - INFO - Thread 31148 - Sessão 3 - Verificando link com texto: 1010517414018
2025-05-02 12:43:09,730 - INFO - Thread 31148 - Sessão 3 - Verificando link com texto: 20/03/25
2025-05-02 12:43:09,731 - INFO - Thread 31148 - Sessão 3 - Verificando link com texto: 1470,63
2025-05-02 12:43:09,731 - INFO - Thread 31148 - Sessão 3 - Verificando link com texto: 0CIX1
2025-05-02 12:43:09,731 - INFO - Thread 31148 - Sessão 3 - Verificando link com texto: 49.086.988 LUAN DE SOUSA FREIRE SINTICLEPEMP
2025-05-02 12:43:09,731 - INFO - Thread 31148 - Sessão 3 - Verificando link com texto: 1010502970726
2025-05-02 12:43:09,731 - INFO - Thread 31148 - Sessão 3 - Verificando link com texto: 20/02/25
2025-05-02 12:43:09,731 - INFO - Thread 31148 - Sessão 3 - Verificando link com texto: 1470,63
2025-05-02 12:43:09,731 - INFO - Thread 31148 - Sessão 3 - Verificando link com texto: 0CIX1
2025-05-02 12:43:09,731 - INFO - Thread 31148 - Sessão 3 - Verificando link com texto: 49.086.988 LUAN DE SOUSA FREIRE SINTICLEPEMP
2025-05-02 12:43:09,731 - INFO - Thread 31148 - Sessão 3 - Verificando link com texto: 1010492575129
2025-05-02 12:43:09,731 - INFO - Thread 31148 - Sessão 3 - Verificando link com texto: 20/01/25
2025-05-02 12:43:09,731 - INFO - Thread 31148 - Sessão 3 - Verificando link com texto: 1470,63
2025-05-02 12:43:09,731 - INFO - Thread 31148 - Sessão 3 - Verificando link com texto: 0CIX1
2025-05-02 12:43:09,731 - INFO - Thread 31148 - Sessão 3 - Verificando link com texto: 49.086.988 LUAN DE SOUSA FREIRE SINTICLEPEMP
2025-05-02 12:43:09,731 - INFO - Thread 31148 - Sessão 3 - Verificando link com texto: 1010481534388
2025-05-02 12:43:09,732 - INFO - Thread 31148 - Sessão 3 - Verificando link com texto: 20/12/24
2025-05-02 12:43:09,732 - INFO - Thread 31148 - Sessão 3 - Verificando link com texto: 1470,63
2025-05-02 12:43:09,732 - INFO - Thread 31148 - Sessão 3 - Verificando link com texto: 0CIX1
2025-05-02 12:43:09,732 - INFO - Thread 31148 - Sessão 3 - Verificando link com texto: 49.086.988 LUAN DE SOUSA FREIRE SINTICLEPEMP
2025-05-02 12:43:09,732 - INFO - Thread 31148 - Sessão 3 - Verificando link com texto: 1010468970790
2025-05-02 12:43:09,732 - INFO - Thread 31148 - Sessão 3 - Verificando link com texto: 20/11/24
2025-05-02 12:43:09,732 - INFO - Thread 31148 - Sessão 3 - Verificando link com texto: 1470,63
2025-05-02 12:43:09,732 - INFO - Thread 31148 - Sessão 3 - Verificando link com texto: 0CIX1
2025-05-02 12:43:09,732 - INFO - Thread 31148 - Sessão 3 - Verificando link com texto: 49.086.988 LUAN DE SOUSA FREIRE SINTICLEPEMP
2025-05-02 12:43:09,732 - INFO - Thread 31148 - Sessão 3 - Verificando link com texto: 1010461018392
2025-05-02 12:43:09,732 - INFO - Thread 31148 - Sessão 3 - Verificando link com texto: 20/10/24
2025-05-02 12:43:09,732 - INFO - Thread 31148 - Sessão 3 - Verificando link com texto: 1470,63
2025-05-02 12:43:09,732 - INFO - Thread 31148 - Sessão 3 - Verificando link com texto: 0CIX1
2025-05-02 12:43:09,732 - INFO - Thread 31148 - Sessão 3 - Verificando link com texto: 49.086.988 LUAN DE SOUSA FREIRE SINTICLEPEMP
2025-05-02 12:43:09,733 - INFO - Thread 31148 - Sessão 3 - Verificando link com texto: 1010447316861
2025-05-02 12:43:09,733 - INFO - Thread 31148 - Sessão 3 - Verificando link com texto: 20/09/24
2025-05-02 12:43:09,733 - INFO - Thread 31148 - Sessão 3 - Verificando link com texto: 1470,63
2025-05-02 12:43:09,733 - INFO - Thread 31148 - Sessão 3 - Verificando link com texto: 0CIX1
2025-05-02 12:43:09,733 - INFO - Thread 31148 - Sessão 3 - Verificando link com texto: 49.086.988 LUAN DE SOUSA FREIRE SINTICLEPEMP
2025-05-02 12:43:09,733 - INFO - Thread 31148 - Sessão 3 - Verificando link com texto: 1010435252200
2025-05-02 12:43:09,733 - INFO - Thread 31148 - Sessão 3 - Verificando link com texto: 20/08/24
2025-05-02 12:43:09,733 - INFO - Thread 31148 - Sessão 3 - Verificando link com texto: 1470,63
2025-05-02 12:43:09,733 - INFO - Thread 31148 - Sessão 3 - Verificando link com texto: 0CIX1
2025-05-02 12:43:09,733 - INFO - Thread 31148 - Sessão 3 - Verificando link com texto: 49.086.988 LUAN DE SOUSA FREIRE SINTICLEPEMP
2025-05-02 12:43:09,733 - INFO - Thread 31148 - Sessão 3 - Verificando link com texto: 1010425800329
2025-05-02 12:43:09,733 - INFO - Thread 31148 - Sessão 3 - Verificando link com texto: 20/07/24
2025-05-02 12:43:09,733 - INFO - Thread 31148 - Sessão 3 - Verificando link com texto: 1470,63
2025-05-02 12:43:09,734 - INFO - Thread 31148 - Sessão 3 - Verificando link com texto: 0CIX1
2025-05-02 12:43:09,734 - INFO - Thread 31148 - Sessão 3 - Verificando link com texto: 49.086.988 LUAN DE SOUSA FREIRE SINTICLEPEMP
2025-05-02 12:43:09,734 - INFO - Thread 31148 - Sessão 3 - Verificando link com texto: 1010413639420
2025-05-02 12:43:09,734 - INFO - Thread 31148 - Sessão 3 - Verificando link com texto: 20/06/24
2025-05-02 12:43:09,734 - INFO - Thread 31148 - Sessão 3 - Verificando link com texto: 1470,63
2025-05-02 12:43:09,734 - INFO - Thread 31148 - Sessão 3 - Verificando link com texto: 0CIX1
2025-05-02 12:43:09,734 - INFO - Thread 31148 - Sessão 3 - Verificando link com texto: 49.086.988 LUAN DE SOUSA FREIRE SINTICLEPEMP
2025-05-02 12:43:09,734 - INFO - Thread 31148 - Sessão 3 - Verificando link com texto: 1010402391970
2025-05-02 12:43:09,734 - INFO - Thread 31148 - Sessão 3 - Verificando link com texto: 20/05/24
2025-05-02 12:43:09,734 - INFO - Thread 31148 - Sessão 3 - Verificando link com texto: 1565,9
2025-05-02 12:43:09,734 - INFO - Thread 31148 - Sessão 3 - Verificando link com texto: 0CIX1
2025-05-02 12:43:09,734 - INFO - Thread 31148 - Sessão 3 - Verificando link com texto: 49.086.988 LUAN DE SOUSA FREIRE SINTICLEPEMP
2025-05-02 12:43:09,734 - INFO - Thread 31148 - Sessão 3 - Verificando link com texto: 1010393540041
2025-05-02 12:43:09,734 - INFO - Thread 31148 - Sessão 3 - Verificando link com texto: 20/04/24
2025-05-02 12:43:09,735 - INFO - Thread 31148 - Sessão 3 - Verificando link com texto: 1349,25
2025-05-02 12:43:09,735 - INFO - Thread 31148 - Sessão 3 - Verificando link com texto: 0CIX1
2025-05-02 12:43:09,735 - INFO - Thread 31148 - Sessão 3 - Verificando link com texto: 49.086.988 LUAN DE SOUSA FREIRE SINTICLEPEMP
2025-05-02 12:43:09,735 - INFO - Thread 31148 - Sessão 3 - Verificando link com texto: 1010380490717
2025-05-02 12:43:09,735 - INFO - Thread 31148 - Sessão 3 - Verificando link com texto: 20/03/24
2025-05-02 12:43:09,735 - INFO - Thread 31148 - Sessão 3 - Verificando link com texto: 1349,25
2025-05-02 12:43:09,735 - INFO - Thread 31148 - Sessão 3 - Verificando link com texto: 0CIX1
2025-05-02 12:43:09,735 - INFO - Thread 31148 - Sessão 3 - Verificando link com texto: 49.086.988 LUAN DE SOUSA FREIRE SINTICLEPEMP
2025-05-02 12:43:09,735 - INFO - Thread 31148 - Sessão 3 - Verificando link com texto: 1010368367099
2025-05-02 12:43:09,735 - INFO - Thread 31148 - Sessão 3 - Verificando link com texto: 20/02/24
2025-05-02 12:43:09,735 - INFO - Thread 31148 - Sessão 3 - Verificando link com texto: 1618,26
2025-05-02 12:43:09,735 - INFO - Thread 31148 - Sessão 3 - Verificando link com texto: 0CIX1
2025-05-02 12:43:09,735 - INFO - Thread 31148 - Sessão 3 - Verificando link com texto: 49.086.988 LUAN DE SOUSA FREIRE SINTICLEPEMP
2025-05-02 12:43:09,736 - INFO - Thread 31148 - Sessão 3 - Verificando link com texto: 1010360937376
2025-05-02 12:43:09,736 - INFO - Thread 31148 - Sessão 3 - Verificando link com texto: 20/01/24
2025-05-02 12:43:09,736 - INFO - Thread 31148 - Sessão 3 - Verificando link com texto: 1349,25
2025-05-02 12:43:09,736 - INFO - Thread 31148 - Sessão 3 - Verificando link com texto: 0CIX1
2025-05-02 12:43:09,736 - INFO - Thread 31148 - Sessão 3 - Verificando link com texto: 49.086.988 LUAN DE SOUSA FREIRE SINTICLEPEMP
2025-05-02 12:43:09,736 - INFO - Thread 31148 - Sessão 3 - Verificando link com texto: 1010347712110
2025-05-02 12:43:09,736 - INFO - Thread 31148 - Sessão 3 - Verificando link com texto: 20/12/23
2025-05-02 12:43:09,736 - INFO - Thread 31148 - Sessão 3 - Verificando link com texto: 1349,25
2025-05-02 12:43:09,736 - INFO - Thread 31148 - Sessão 3 - Verificando link com texto: 0CIX1
2025-05-02 12:43:09,736 - INFO - Thread 31148 - Sessão 3 - Verificando link com texto: 49.086.988 LUAN DE SOUSA FREIRE SINTICLEPEMP
2025-05-02 12:43:09,736 - INFO - Thread 31148 - Sessão 3 - Verificando link com texto: 1010336989175
2025-05-02 12:43:09,736 - INFO - Thread 31148 - Sessão 3 - Verificando link com texto: 20/11/23
2025-05-02 12:43:09,736 - INFO - Thread 31148 - Sessão 3 - Verificando link com texto: 1349,25
2025-05-02 12:43:09,736 - INFO - Thread 31148 - Sessão 3 - Verificando link com texto: 0CIX1
2025-05-02 12:43:09,737 - INFO - Thread 31148 - Sessão 3 - Verificando link com texto: 49.086.988 LUAN DE SOUSA FREIRE SINTICLEPEMP
2025-05-02 12:43:09,737 - INFO - Thread 31148 - Sessão 3 - Verificando link com texto: 1010326183488
2025-05-02 12:43:09,737 - INFO - Thread 31148 - Sessão 3 - Verificando link com texto: 20/10/23
2025-05-02 12:43:09,737 - INFO - Thread 31148 - Sessão 3 - Verificando link com texto: 2199,45
2025-05-02 12:43:09,737 - INFO - Thread 31148 - Sessão 3 - Verificando link com texto: 0CIX1
2025-05-02 12:43:09,737 - INFO - Thread 31148 - Sessão 3 - Verificando link com texto: 49.086.988 LUAN DE SOUSA FREIRE SINTICLEPEMP
2025-05-02 12:43:09,737 - INFO - Thread 31148 - Sessão 3 - Verificando link com texto: 1010314583281
2025-05-02 12:43:09,737 - INFO - Thread 31148 - Sessão 3 - Verificando link com texto: 20/09/23
2025-05-02 12:43:09,737 - INFO - Thread 31148 - Sessão 3 - Verificando link com texto: 578,25
2025-05-02 12:43:09,737 - INFO - Thread 31148 - Sessão 3 - Verificando link com texto: 0CIX1
2025-05-02 12:43:09,737 - INFO - Thread 31148 - Sessão 3 - Verificando link com texto: 49.086.988 LUAN DE SOUSA FREIRE SINTICLEPEMP
2025-05-02 12:43:09,737 - INFO - Thread 31148 - Sessão 3 - Verificando link com texto: 1010304984364
2025-05-02 12:43:09,737 - INFO - Thread 31148 - Sessão 3 - Verificando link com texto: 20/08/23
2025-05-02 12:43:09,738 - INFO - Thread 31148 - Sessão 3 - Verificando link com texto: 578,25
2025-05-02 12:43:09,738 - INFO - Thread 31148 - Sessão 3 - Verificando link com texto: 0CIX1
2025-05-02 12:43:09,738 - INFO - Thread 31148 - Sessão 3 - Verificando link com texto: 49.086.988 LUAN DE SOUSA FREIRE SINTICLEPEMP
2025-05-02 12:43:09,738 - INFO - Thread 31148 - Sessão 3 - Verificando link com texto: 1010293086403
2025-05-02 12:43:09,738 - INFO - Thread 31148 - Sessão 3 - Verificando link com texto: 20/07/23
2025-05-02 12:43:09,738 - INFO - Thread 31148 - Sessão 3 - Verificando link com texto: 578,25
2025-05-02 12:43:09,738 - INFO - Thread 31148 - Sessão 3 - Verificando link com texto: 0CIX1
2025-05-02 12:43:09,738 - INFO - Thread 31148 - Sessão 3 - Verificando link com texto: 49.086.988 LUAN DE SOUSA FREIRE SINTICLEPEMP
2025-05-02 12:43:09,738 - INFO - Thread 31148 - Sessão 3 - Verificando link com texto: 1010282593325
2025-05-02 12:43:09,738 - INFO - Thread 31148 - Sessão 3 - Verificando link com texto: 20/06/23
2025-05-02 12:43:09,738 - INFO - Thread 31148 - Sessão 3 - Verificando link com texto: 578,25
2025-05-02 12:43:09,738 - INFO - Thread 31148 - Sessão 3 - Verificando link com texto: 0CIX1
2025-05-02 12:43:09,738 - INFO - Thread 31148 - Sessão 3 - Verificando link com texto: 49.086.988 LUAN DE SOUSA FREIRE SINTICLEPEMP
2025-05-02 12:43:09,738 - INFO - Thread 31148 - Sessão 3 - Verificando link com texto: 1010272474935
2025-05-02 12:43:09,739 - INFO - Thread 31148 - Sessão 3 - Verificando link com texto: 20/05/23
2025-05-02 12:43:09,739 - INFO - Thread 31148 - Sessão 3 - Verificando link com texto: 729,18
2025-05-02 12:43:09,739 - INFO - Thread 31148 - Sessão 3 - Verificando link com texto: 0CIX1
2025-05-02 12:43:09,739 - INFO - Thread 31148 - Sessão 3 - Verificando link com texto: 49.086.988 LUAN DE SOUSA FREIRE SINTICLEPEMP
2025-05-02 12:43:09,739 - INFO - Thread 31148 - Sessão 3 - Verificando link com texto: 1010262052990
2025-05-02 12:43:09,739 - INFO - Thread 31148 - Sessão 3 - Verificando link com texto: 20/04/23
2025-05-02 12:43:09,739 - INFO - Thread 31148 - Sessão 3 - Verificando link com texto: 614,29
2025-05-02 12:43:09,739 - INFO - Thread 31148 - Sessão 3 - Verificando link com texto: 0CIX1
2025-05-02 12:43:09,739 - INFO - Thread 31148 - Sessão 3 - Verificando link com texto: 49.086.988 LUAN DE SOUSA FREIRE SINTICLEPEMP
2025-05-02 12:43:09,739 - INFO - Thread 31148 - Sessão 3 - Verificando link com texto: 28141000020799519
2025-05-02 12:43:09,739 - INFO - Thread 31148 - Sessão 3 - Verificando link com texto: 20/03/23
2025-05-02 12:43:09,739 - INFO - Thread 31148 - Sessão 3 - Verificando link com texto: 643,44
2025-05-02 12:43:09,740 - ERROR - Thread 31148 - Sessão 3 - Data de vencimento 20/5/25 não encontrada. Datas disponíveis: ['0CIX1', '49.086.988 LUAN DE SOUSA FREIRE SINTICLEPEMP', '1010526363579', '20/04/25', '1470,63', '0CIX1', '49.086.988 LUAN DE SOUSA FREIRE SINTICLEPEMP', '1010517414018', '20/03/25', '1470,63', '0CIX1', '49.086.988 LUAN DE SOUSA FREIRE SINTICLEPEMP', '1010502970726', '20/02/25', '1470,63', '0CIX1', '49.086.988 LUAN DE SOUSA FREIRE SINTICLEPEMP', '1010492575129', '20/01/25', '1470,63', '0CIX1', '49.086.988 LUAN DE SOUSA FREIRE SINTICLEPEMP', '1010481534388', '20/12/24', '1470,63', '0CIX1', '49.086.988 LUAN DE SOUSA FREIRE SINTICLEPEMP', '1010468970790', '20/11/24', '1470,63', '0CIX1', '49.086.988 LUAN DE SOUSA FREIRE SINTICLEPEMP', '1010461018392', '20/10/24', '1470,63', '0CIX1', '49.086.988 LUAN DE SOUSA FREIRE SINTICLEPEMP', '1010447316861', '20/09/24', '1470,63', '0CIX1', '49.086.988 LUAN DE SOUSA FREIRE SINTICLEPEMP', '1010435252200', '20/08/24', '1470,63', '0CIX1', '49.086.988 LUAN DE SOUSA FREIRE SINTICLEPEMP', '1010425800329', '20/07/24', '1470,63', '0CIX1', '49.086.988 LUAN DE SOUSA FREIRE SINTICLEPEMP', '1010413639420', '20/06/24', '1470,63', '0CIX1', '49.086.988 LUAN DE SOUSA FREIRE SINTICLEPEMP', '1010402391970', '20/05/24', '1565,9', '0CIX1', '49.086.988 LUAN DE SOUSA FREIRE SINTICLEPEMP', '1010393540041', '20/04/24', '1349,25', '0CIX1', '49.086.988 LUAN DE SOUSA FREIRE SINTICLEPEMP', '1010380490717', '20/03/24', '1349,25', '0CIX1', '49.086.988 LUAN DE SOUSA FREIRE SINTICLEPEMP', '1010368367099', '20/02/24', '1618,26', '0CIX1', '49.086.988 LUAN DE SOUSA FREIRE SINTICLEPEMP', '1010360937376', '20/01/24', '1349,25', '0CIX1', '49.086.988 LUAN DE SOUSA FREIRE SINTICLEPEMP', '1010347712110', '20/12/23', '1349,25', '0CIX1', '49.086.988 LUAN DE SOUSA FREIRE SINTICLEPEMP', '1010336989175', '20/11/23', '1349,25', '0CIX1', '49.086.988 LUAN DE SOUSA FREIRE SINTICLEPEMP', '1010326183488', '20/10/23', '2199,45', '0CIX1', '49.086.988 LUAN DE SOUSA FREIRE SINTICLEPEMP', '1010314583281', '20/09/23', '578,25', '0CIX1', '49.086.988 LUAN DE SOUSA FREIRE SINTICLEPEMP', '1010304984364', '20/08/23', '578,25', '0CIX1', '49.086.988 LUAN DE SOUSA FREIRE SINTICLEPEMP', '1010293086403', '20/07/23', '578,25', '0CIX1', '49.086.988 LUAN DE SOUSA FREIRE SINTICLEPEMP', '1010282593325', '20/06/23', '578,25', '0CIX1', '49.086.988 LUAN DE SOUSA FREIRE SINTICLEPEMP', '1010272474935', '20/05/23', '729,18', '0CIX1', '49.086.988 LUAN DE SOUSA FREIRE SINTICLEPEMP', '1010262052990', '20/04/23', '614,29', '0CIX1', '49.086.988 LUAN DE SOUSA FREIRE SINTICLEPEMP', '28141000020799519', '20/03/23', '643,44']
2025-05-02 12:43:09,740 - INFO - Thread 24680 - Progresso: 3/3 (100%)
2025-05-02 12:43:09,774 - INFO - Thread 24680 - Status atualizados no Excel com sucesso
2025-05-02 12:43:09,774 - INFO - Thread 24680 - Extração de notas fiscais concluída
2025-05-02 12:43:09,775 - INFO - Thread 24680 - Subpasta vazia removida: C:\Users\chrys\OneDrive\Desktop\Site\downloads\driver_1
2025-05-02 12:43:09,777 - INFO - Thread 24680 - Subpasta vazia removida: C:\Users\chrys\OneDrive\Desktop\Site\downloads\driver_2
2025-05-02 12:43:09,778 - INFO - Thread 24680 - Subpasta vazia removida: C:\Users\chrys\OneDrive\Desktop\Site\downloads\driver_3
2025-05-02 12:43:09,779 - INFO - Thread 24680 - Subpasta vazia removida: C:\Users\chrys\OneDrive\Desktop\Site\downloads\driver_4
2025-05-02 12:43:09,780 - INFO - Thread 24680 - Subpasta vazia removida: C:\Users\chrys\OneDrive\Desktop\Site\downloads\driver_5
2025-05-02 12:43:09,781 - INFO - Thread 24680 - Subpasta vazia removida: C:\Users\chrys\OneDrive\Desktop\Site\downloads\driver_6
2025-05-02 12:43:09,782 - INFO - Thread 24680 - Subpasta vazia removida: C:\Users\chrys\OneDrive\Desktop\Site\downloads\driver_7
2025-05-02 12:43:09,782 - INFO - Thread 24680 - Subpasta vazia removida: C:\Users\chrys\OneDrive\Desktop\Site\downloads\driver_8
2025-05-02 12:43:09,784 - INFO - Thread 24680 - Sessão 1 fechada com sucesso
2025-05-02 12:43:09,786 - INFO - Thread 24680 - Sessão 2 fechada com sucesso
2025-05-02 12:43:09,788 - INFO - Thread 24680 - Sessão 3 fechada com sucesso
2025-05-02 12:43:09,788 - INFO - Thread 24680 - Sessão 4 fechada com sucesso
2025-05-02 12:43:09,788 - INFO - Thread 24680 - Sessão 5 fechada com sucesso
2025-05-02 12:43:09,788 - INFO - Thread 24680 - Sessão 6 fechada com sucesso
2025-05-02 12:43:09,788 - INFO - Thread 24680 - Sessão 7 fechada com sucesso
2025-05-02 12:43:09,788 - INFO - Thread 24680 - Sessão 8 fechada com sucesso
2025-05-02 12:43:09,789 - INFO - Thread 24680 - Extração de notas fiscais concluída. 0 notas geradas.
2025-05-02 12:43:23,492 - INFO - Thread 31408 - Iniciando extração de relatórios
2025-05-02 12:43:23,493 - INFO - Thread 31408 - Iniciando extração de relatórios Hapvida
2025-05-02 12:43:23,507 - INFO - Thread 31408 - Total de linhas a processar: 3
2025-05-02 12:43:23,508 - INFO - Thread 31408 - Pasta de downloads criada: C:\Users\chrys\OneDrive\Desktop\Site\downloads\driver_1
2025-05-02 12:43:23,509 - INFO - Thread 31408 - Sessão 1 configurada com sucesso
2025-05-02 12:43:23,510 - INFO - Thread 31408 - Pasta de downloads criada: C:\Users\chrys\OneDrive\Desktop\Site\downloads\driver_2
2025-05-02 12:43:23,510 - INFO - Thread 31408 - Sessão 2 configurada com sucesso
2025-05-02 12:43:23,511 - INFO - Thread 31408 - Pasta de downloads criada: C:\Users\chrys\OneDrive\Desktop\Site\downloads\driver_3
2025-05-02 12:43:23,511 - INFO - Thread 31408 - Sessão 3 configurada com sucesso
2025-05-02 12:43:23,512 - INFO - Thread 31408 - Pasta de downloads criada: C:\Users\chrys\OneDrive\Desktop\Site\downloads\driver_4
2025-05-02 12:43:23,512 - INFO - Thread 31408 - Sessão 4 configurada com sucesso
2025-05-02 12:43:23,512 - INFO - Thread 31408 - Pasta de downloads criada: C:\Users\chrys\OneDrive\Desktop\Site\downloads\driver_5
2025-05-02 12:43:23,513 - INFO - Thread 31408 - Sessão 5 configurada com sucesso
2025-05-02 12:43:23,513 - INFO - Thread 31408 - Pasta de downloads criada: C:\Users\chrys\OneDrive\Desktop\Site\downloads\driver_6
2025-05-02 12:43:23,514 - INFO - Thread 31408 - Sessão 6 configurada com sucesso
2025-05-02 12:43:23,514 - INFO - Thread 31408 - Pasta de downloads criada: C:\Users\chrys\OneDrive\Desktop\Site\downloads\driver_7
2025-05-02 12:43:23,514 - INFO - Thread 31408 - Sessão 7 configurada com sucesso
2025-05-02 12:43:23,515 - INFO - Thread 31408 - Pasta de downloads criada: C:\Users\chrys\OneDrive\Desktop\Site\downloads\driver_8
2025-05-02 12:43:23,515 - INFO - Thread 31408 - Sessão 8 configurada com sucesso
2025-05-02 12:43:23,517 - INFO - Thread 16804 - Sessão 1 - Iniciando login para CNPJ: 37233759000124
2025-05-02 12:43:23,518 - INFO - Thread 30556 - Sessão 2 - Iniciando login para CNPJ: 44537597000183
2025-05-02 12:43:23,520 - INFO - Thread 32192 - Sessão 3 - Iniciando login para CNPJ: 49086988000142
2025-05-02 12:43:23,523 - DEBUG - Thread 32192 - Starting new HTTPS connection (1): webhap.hapvida.com.br:443
2025-05-02 12:43:23,529 - DEBUG - Thread 16804 - Starting new HTTPS connection (1): webhap.hapvida.com.br:443
2025-05-02 12:43:23,529 - DEBUG - Thread 30556 - Starting new HTTPS connection (1): webhap.hapvida.com.br:443
2025-05-02 12:43:24,647 - DEBUG - Thread 32192 - https://webhap.hapvida.com.br:443 "POST /pls/webhap/webNewTrocaArquivo.loginValidacao HTTP/11" 302 2
2025-05-02 12:43:24,718 - DEBUG - Thread 30556 - https://webhap.hapvida.com.br:443 "POST /pls/webhap/webNewTrocaArquivo.loginValidacao HTTP/11" 302 2
2025-05-02 12:43:24,755 - DEBUG - Thread 32192 - https://webhap.hapvida.com.br:443 "GET /pls/webhap/webNewTrocaArquivo.Menu?pPessoa=206229677&pNoCache=1202432525&pIdSessao=I/Mv91brgJRddu90k6HdJODDusFJvT75 HTTP/11" 200 None
2025-05-02 12:43:24,755 - INFO - Thread 32192 - Sessão 3 - Status do login: 200, URL: https://webhap.hapvida.com.br/pls/webhap/webNewTrocaArquivo.Menu?pPessoa=206229677&pNoCache=1202432525&pIdSessao=I/Mv91brgJRddu90k6HdJODDusFJvT75
2025-05-02 12:43:24,756 - INFO - Thread 32192 - Sessão 3 - Cookies após login: {}
2025-05-02 12:43:24,756 - INFO - Thread 32192 - Sessão 3 - Login bem-sucedido
2025-05-02 12:43:24,766 - INFO - Thread 32192 - Sessão 3 - Acessando URL de download: https://webhap.hapvida.com.br/pls/webhap/webNewTrocaArquivo2.Download?pPessoa=206229677&pNoCache=1202432526&pIdSessao=I/Mv91brgJRddu90k6HdJODDusFJvT75
2025-05-02 12:43:24,798 - DEBUG - Thread 16804 - https://webhap.hapvida.com.br:443 "POST /pls/webhap/webNewTrocaArquivo.loginValidacao HTTP/11" 302 2
2025-05-02 12:43:24,837 - DEBUG - Thread 30556 - https://webhap.hapvida.com.br:443 "GET /pls/webhap/webNewTrocaArquivo.Menu?pPessoa=206960770&pNoCache=1202432525&pIdSessao=I/Mv91brgJRddu90k6HdJJJDScR9WZ80 HTTP/11" 200 None
2025-05-02 12:43:24,837 - INFO - Thread 30556 - Sessão 2 - Status do login: 200, URL: https://webhap.hapvida.com.br/pls/webhap/webNewTrocaArquivo.Menu?pPessoa=206960770&pNoCache=1202432525&pIdSessao=I/Mv91brgJRddu90k6HdJJJDScR9WZ80
2025-05-02 12:43:24,837 - INFO - Thread 30556 - Sessão 2 - Cookies após login: {}
2025-05-02 12:43:24,838 - INFO - Thread 30556 - Sessão 2 - Login bem-sucedido
2025-05-02 12:43:24,849 - INFO - Thread 30556 - Sessão 2 - Acessando URL de download: https://webhap.hapvida.com.br/pls/webhap/webNewTrocaArquivo2.Download?pPessoa=206960770&pNoCache=1202432526&pIdSessao=I/Mv91brgJRddu90k6HdJJJDScR9WZ80
2025-05-02 12:43:24,902 - DEBUG - Thread 16804 - https://webhap.hapvida.com.br:443 "GET /pls/webhap/webNewTrocaArquivo.Menu?pPessoa=215114402&pNoCache=1202432526&pIdSessao=I/Mv91brgJRddu90k6HdJFmjVaRBFj4v HTTP/11" 200 None
2025-05-02 12:43:24,902 - INFO - Thread 16804 - Sessão 1 - Status do login: 200, URL: https://webhap.hapvida.com.br/pls/webhap/webNewTrocaArquivo.Menu?pPessoa=215114402&pNoCache=1202432526&pIdSessao=I/Mv91brgJRddu90k6HdJFmjVaRBFj4v
2025-05-02 12:43:24,903 - INFO - Thread 16804 - Sessão 1 - Cookies após login: {}
2025-05-02 12:43:24,903 - INFO - Thread 16804 - Sessão 1 - Login bem-sucedido
2025-05-02 12:43:24,911 - INFO - Thread 16804 - Sessão 1 - Acessando URL de download: https://webhap.hapvida.com.br/pls/webhap/webNewTrocaArquivo2.Download?pPessoa=215114402&pNoCache=1202432526&pIdSessao=I/Mv91brgJRddu90k6HdJFmjVaRBFj4v
2025-05-02 12:43:25,290 - DEBUG - Thread 32192 - https://webhap.hapvida.com.br:443 "GET /pls/webhap/webNewTrocaArquivo2.Download?pPessoa=206229677&pNoCache=1202432526&pIdSessao=I/Mv91brgJRddu90k6HdJODDusFJvT75 HTTP/11" 200 None
2025-05-02 12:43:25,292 - INFO - Thread 32192 - Sessão 3 - Status da página de download: 200
2025-05-02 12:43:25,438 - DEBUG - Thread 30556 - https://webhap.hapvida.com.br:443 "GET /pls/webhap/webNewTrocaArquivo2.Download?pPessoa=206960770&pNoCache=1202432526&pIdSessao=I/Mv91brgJRddu90k6HdJJJDScR9WZ80 HTTP/11" 200 None
2025-05-02 12:43:25,439 - INFO - Thread 30556 - Sessão 2 - Status da página de download: 200
2025-05-02 12:43:25,473 - DEBUG - Thread 32192 - https://webhap.hapvida.com.br:443 "GET /servicos_online/downloads/HUMASTER/EMPRESA_0CIX1_REMESSA_4265428.PDF HTTP/11" 200 10564
2025-05-02 12:43:25,476 - INFO - Thread 32192 - Sessão 3 - Status do download PDF (tentativa 1): 200
2025-05-02 12:43:25,479 - INFO - Thread 32192 - Sessão 3 - PDF salvo: C:\Users\chrys\OneDrive\Desktop\Site\downloads\driver_3\EMPRESA_0CIX1_REMESSA_4265428.pdf
2025-05-02 12:43:25,582 - DEBUG - Thread 16804 - https://webhap.hapvida.com.br:443 "GET /pls/webhap/webNewTrocaArquivo2.Download?pPessoa=215114402&pNoCache=1202432526&pIdSessao=I/Mv91brgJRddu90k6HdJFmjVaRBFj4v HTTP/11" 200 None
2025-05-02 12:43:25,583 - INFO - Thread 16804 - Sessão 1 - Status da página de download: 200
2025-05-02 12:43:25,609 - DEBUG - Thread 30556 - https://webhap.hapvida.com.br:443 "GET /servicos_online/downloads/HUMASTER/EMPRESA_0CPDD_REMESSA_4265428.PDF HTTP/11" 200 6540
2025-05-02 12:43:25,610 - INFO - Thread 30556 - Sessão 2 - Status do download PDF (tentativa 1): 200
2025-05-02 12:43:25,612 - INFO - Thread 30556 - Sessão 2 - PDF salvo: C:\Users\chrys\OneDrive\Desktop\Site\downloads\driver_2\EMPRESA_0CPDD_REMESSA_4265428.pdf
2025-05-02 12:43:25,626 - DEBUG - Thread 32192 - https://webhap.hapvida.com.br:443 "GET /servicos_online/downloads/HUMASTER/EMPRESA_0CIX1_REMESSA_4265428.CSV HTTP/11" 200 3431
2025-05-02 12:43:25,627 - INFO - Thread 32192 - Sessão 3 - Status do download CSV (tentativa 1): 200
2025-05-02 12:43:25,628 - INFO - Thread 32192 - Sessão 3 - CSV salvo: C:\Users\chrys\OneDrive\Desktop\Site\downloads\driver_3\EMPRESA_0CIX1_REMESSA_4265428.csv
2025-05-02 12:43:25,629 - INFO - Thread 31408 - Progresso: 1/3 (33%)
2025-05-02 12:43:25,699 - DEBUG - Thread 16804 - https://webhap.hapvida.com.br:443 "GET /servicos_online/downloads/HUMASTER/EMPRESA_0DTY7_REMESSA_4265427.PDF HTTP/11" 200 10082
2025-05-02 12:43:25,700 - INFO - Thread 16804 - Sessão 1 - Status do download PDF (tentativa 1): 200
2025-05-02 12:43:25,702 - INFO - Thread 16804 - Sessão 1 - PDF salvo: C:\Users\chrys\OneDrive\Desktop\Site\downloads\driver_1\EMPRESA_0DTY7_REMESSA_4265427.pdf
2025-05-02 12:43:25,719 - DEBUG - Thread 30556 - https://webhap.hapvida.com.br:443 "GET /servicos_online/downloads/HUMASTER/EMPRESA_0CPDD_REMESSA_4265428.CSV HTTP/11" 200 2063
2025-05-02 12:43:25,720 - INFO - Thread 30556 - Sessão 2 - Status do download CSV (tentativa 1): 200
2025-05-02 12:43:25,721 - INFO - Thread 30556 - Sessão 2 - CSV salvo: C:\Users\chrys\OneDrive\Desktop\Site\downloads\driver_2\EMPRESA_0CPDD_REMESSA_4265428.csv
2025-05-02 12:43:25,721 - INFO - Thread 31408 - Progresso: 2/3 (66%)
2025-05-02 12:43:25,804 - DEBUG - Thread 16804 - https://webhap.hapvida.com.br:443 "GET /servicos_online/downloads/HUMASTER/EMPRESA_0DTY7_REMESSA_4265427.CSV HTTP/11" 200 2279
2025-05-02 12:43:25,805 - INFO - Thread 16804 - Sessão 1 - Status do download CSV (tentativa 1): 200
2025-05-02 12:43:25,807 - INFO - Thread 16804 - Sessão 1 - CSV salvo: C:\Users\chrys\OneDrive\Desktop\Site\downloads\driver_1\EMPRESA_0DTY7_REMESSA_4265427.csv
2025-05-02 12:43:25,807 - INFO - Thread 31408 - Progresso: 3/3 (100%)
2025-05-02 12:43:25,864 - INFO - Thread 31408 - Status atualizados no Excel com sucesso
2025-05-02 12:43:25,867 - INFO - Thread 31408 - Arquivo movido: C:\Users\chrys\OneDrive\Desktop\Site\downloads\driver_1\EMPRESA_0DTY7_REMESSA_4265427.csv -> C:\Users\chrys\OneDrive\Desktop\Site\downloads\EMPRESA_0DTY7_REMESSA_4265427.csv
2025-05-02 12:43:25,869 - INFO - Thread 31408 - Arquivo movido: C:\Users\chrys\OneDrive\Desktop\Site\downloads\driver_1\EMPRESA_0DTY7_REMESSA_4265427.pdf -> C:\Users\chrys\OneDrive\Desktop\Site\downloads\EMPRESA_0DTY7_REMESSA_4265427.pdf
2025-05-02 12:43:25,870 - INFO - Thread 31408 - Subpasta vazia removida: C:\Users\chrys\OneDrive\Desktop\Site\downloads\driver_1
2025-05-02 12:43:25,871 - INFO - Thread 31408 - Arquivo movido: C:\Users\chrys\OneDrive\Desktop\Site\downloads\driver_2\EMPRESA_0CPDD_REMESSA_4265428.csv -> C:\Users\chrys\OneDrive\Desktop\Site\downloads\EMPRESA_0CPDD_REMESSA_4265428.csv
2025-05-02 12:43:25,872 - INFO - Thread 31408 - Arquivo movido: C:\Users\chrys\OneDrive\Desktop\Site\downloads\driver_2\EMPRESA_0CPDD_REMESSA_4265428.pdf -> C:\Users\chrys\OneDrive\Desktop\Site\downloads\EMPRESA_0CPDD_REMESSA_4265428.pdf
2025-05-02 12:43:25,872 - INFO - Thread 31408 - Subpasta vazia removida: C:\Users\chrys\OneDrive\Desktop\Site\downloads\driver_2
2025-05-02 12:43:25,873 - INFO - Thread 31408 - Arquivo movido: C:\Users\chrys\OneDrive\Desktop\Site\downloads\driver_3\EMPRESA_0CIX1_REMESSA_4265428.csv -> C:\Users\chrys\OneDrive\Desktop\Site\downloads\EMPRESA_0CIX1_REMESSA_4265428.csv
2025-05-02 12:43:25,875 - INFO - Thread 31408 - Arquivo movido: C:\Users\chrys\OneDrive\Desktop\Site\downloads\driver_3\EMPRESA_0CIX1_REMESSA_4265428.pdf -> C:\Users\chrys\OneDrive\Desktop\Site\downloads\EMPRESA_0CIX1_REMESSA_4265428.pdf
2025-05-02 12:43:25,876 - INFO - Thread 31408 - Subpasta vazia removida: C:\Users\chrys\OneDrive\Desktop\Site\downloads\driver_3
2025-05-02 12:43:25,876 - INFO - Thread 31408 - Subpasta vazia removida: C:\Users\chrys\OneDrive\Desktop\Site\downloads\driver_4
2025-05-02 12:43:25,877 - INFO - Thread 31408 - Subpasta vazia removida: C:\Users\chrys\OneDrive\Desktop\Site\downloads\driver_5
2025-05-02 12:43:25,878 - INFO - Thread 31408 - Subpasta vazia removida: C:\Users\chrys\OneDrive\Desktop\Site\downloads\driver_6
2025-05-02 12:43:25,878 - INFO - Thread 31408 - Subpasta vazia removida: C:\Users\chrys\OneDrive\Desktop\Site\downloads\driver_7
2025-05-02 12:43:25,879 - INFO - Thread 31408 - Subpasta vazia removida: C:\Users\chrys\OneDrive\Desktop\Site\downloads\driver_8
2025-05-02 12:43:25,879 - INFO - Thread 31408 - Extração de relatórios concluída
2025-05-02 12:43:25,881 - INFO - Thread 31408 - Sessão 1 fechada com sucesso
2025-05-02 12:43:25,885 - INFO - Thread 31408 - Sessão 2 fechada com sucesso
2025-05-02 12:43:25,888 - INFO - Thread 31408 - Sessão 3 fechada com sucesso
2025-05-02 12:43:25,888 - INFO - Thread 31408 - Sessão 4 fechada com sucesso
2025-05-02 12:43:25,888 - INFO - Thread 31408 - Sessão 5 fechada com sucesso
2025-05-02 12:43:25,888 - INFO - Thread 31408 - Sessão 6 fechada com sucesso
2025-05-02 12:43:25,888 - INFO - Thread 31408 - Sessão 7 fechada com sucesso
2025-05-02 12:43:25,889 - INFO - Thread 31408 - Sessão 8 fechada com sucesso
2025-05-02 12:43:25,889 - INFO - Thread 31408 - Extração de relatórios concluída. 6 relatórios gerados.
2025-05-02 12:47:50,727 - INFO - Thread 9556 - Iniciando extração de boletos
2025-05-02 12:47:50,727 - INFO - Thread 9556 - 🔄 Iniciando o processamento de boletos Hapvida
2025-05-02 12:47:50,732 - INFO - Thread 9556 - Backup do Excel criado: uploads\SINTICLEPEMPa.xlsx.bak
2025-05-02 12:47:50,733 - INFO - Thread 9556 - ✅ Backup do arquivo Excel criado com sucesso
2025-05-02 12:47:50,842 - INFO - Thread 9556 - 🔍 Processando 3 empresas para boletos com vencimento em 20/05/2025
2025-05-02 12:47:50,846 - DEBUG - Thread 22460 - Using proactor: IocpProactor
2025-05-02 12:47:50,847 - DEBUG - Thread 30216 - Using proactor: IocpProactor
2025-05-02 12:47:50,848 - DEBUG - Thread 14296 - Using proactor: IocpProactor
2025-05-02 12:47:50,849 - DEBUG - Thread 32444 - Using proactor: IocpProactor
2025-05-02 12:47:50,851 - DEBUG - Thread 35812 - Using proactor: IocpProactor
2025-05-02 12:47:50,855 - DEBUG - Thread 9388 - Using proactor: IocpProactor
2025-05-02 12:47:50,856 - DEBUG - Thread 19756 - Using proactor: IocpProactor
2025-05-02 12:47:50,858 - DEBUG - Thread 25792 - Using proactor: IocpProactor
2025-05-02 12:47:50,859 - DEBUG - Thread 26772 - Using proactor: IocpProactor
2025-05-02 12:47:50,863 - DEBUG - Thread 6172 - Using proactor: IocpProactor
2025-05-02 12:47:50,866 - DEBUG - Thread 22716 - Using proactor: IocpProactor
2025-05-02 12:47:50,869 - DEBUG - Thread 27304 - Using proactor: IocpProactor
2025-05-02 12:47:50,904 - DEBUG - Thread 26044 - Using proactor: IocpProactor
2025-05-02 12:47:50,926 - DEBUG - Thread 18104 - Using proactor: IocpProactor
2025-05-02 12:47:50,928 - DEBUG - Thread 12608 - Using proactor: IocpProactor
2025-05-02 12:47:54,401 - INFO - Thread 26044 - Worker 12: Navegador inicializado
2025-05-02 12:47:54,401 - INFO - Thread 26044 - Worker 12: Processando 0DTY7 (37.233.759 MARIA GENEROZA H SECUNDES)
2025-05-02 12:47:54,405 - DEBUG - Thread 26044 - Starting new HTTPS connection (1): webhap.hapvida.com.br:443
2025-05-02 12:47:54,416 - INFO - Thread 12608 - Worker 14: Navegador inicializado
2025-05-02 12:47:54,416 - INFO - Thread 12608 - Worker 14: Processando 0CPDD (44.537.597 EVANIA FERREIRA DA SILVA)
2025-05-02 12:47:54,417 - DEBUG - Thread 12608 - Starting new HTTPS connection (1): webhap.hapvida.com.br:443
2025-05-02 12:47:54,457 - INFO - Thread 25792 - Worker 7: Navegador inicializado
2025-05-02 12:47:54,458 - INFO - Thread 6172 - Worker 9: Navegador inicializado
2025-05-02 12:47:54,458 - INFO - Thread 25792 - Worker 7: Processando 0CIX1 (49.086.988 LUAN DE SOUSA FREIRE)
2025-05-02 12:47:54,459 - INFO - Thread 6172 - Worker 9: Fila vazia, encerrando
2025-05-02 12:47:54,461 - DEBUG - Thread 25792 - Starting new HTTPS connection (1): webhap.hapvida.com.br:443
2025-05-02 12:47:54,493 - INFO - Thread 27304 - Worker 11: Navegador inicializado
2025-05-02 12:47:54,493 - INFO - Thread 27304 - Worker 11: Fila vazia, encerrando
2025-05-02 12:47:54,643 - INFO - Thread 14296 - Worker 2: Navegador inicializado
2025-05-02 12:47:54,643 - INFO - Thread 14296 - Worker 2: Fila vazia, encerrando
2025-05-02 12:47:54,961 - INFO - Thread 18104 - Worker 13: Navegador inicializado
2025-05-02 12:47:54,961 - INFO - Thread 18104 - Worker 13: Fila vazia, encerrando
2025-05-02 12:47:54,985 - INFO - Thread 30216 - Worker 1: Navegador inicializado
2025-05-02 12:47:54,986 - INFO - Thread 30216 - Worker 1: Fila vazia, encerrando
2025-05-02 12:47:54,987 - INFO - Thread 9388 - Worker 5: Navegador inicializado
2025-05-02 12:47:54,987 - INFO - Thread 9388 - Worker 5: Fila vazia, encerrando
2025-05-02 12:47:56,267 - INFO - Thread 22460 - Worker 0: Navegador inicializado
2025-05-02 12:47:56,267 - INFO - Thread 22460 - Worker 0: Fila vazia, encerrando
2025-05-02 12:47:56,364 - INFO - Thread 32444 - Worker 3: Navegador inicializado
2025-05-02 12:47:56,375 - INFO - Thread 22716 - Worker 10: Navegador inicializado
2025-05-02 12:47:56,391 - INFO - Thread 19756 - Worker 6: Navegador inicializado
2025-05-02 12:47:56,397 - INFO - Thread 26772 - Worker 8: Navegador inicializado
2025-05-02 12:47:56,460 - INFO - Thread 32444 - Worker 3: Fila vazia, encerrando
2025-05-02 12:47:56,460 - INFO - Thread 22716 - Worker 10: Fila vazia, encerrando
2025-05-02 12:47:56,461 - INFO - Thread 19756 - Worker 6: Fila vazia, encerrando
2025-05-02 12:47:56,461 - INFO - Thread 26772 - Worker 8: Fila vazia, encerrando
2025-05-02 12:47:56,585 - DEBUG - Thread 26044 - https://webhap.hapvida.com.br:443 "GET /pls/webhap/webNewBoletoEmpresa.login HTTP/11" 200 None
2025-05-02 12:47:56,704 - DEBUG - Thread 12608 - https://webhap.hapvida.com.br:443 "GET /pls/webhap/webNewBoletoEmpresa.login HTTP/11" 200 None
2025-05-02 12:47:56,768 - DEBUG - Thread 26044 - https://webhap.hapvida.com.br:443 "POST /pls/webhap/webNewBoletoEmpresa.loginValidacao HTTP/11" 302 2
2025-05-02 12:47:56,785 - DEBUG - Thread 25792 - https://webhap.hapvida.com.br:443 "GET /pls/webhap/webNewBoletoEmpresa.login HTTP/11" 200 None
2025-05-02 12:47:56,840 - INFO - Thread 35812 - Worker 4: Navegador inicializado
2025-05-02 12:47:56,840 - INFO - Thread 35812 - Worker 4: Fila vazia, encerrando
2025-05-02 12:47:56,867 - DEBUG - Thread 12608 - https://webhap.hapvida.com.br:443 "POST /pls/webhap/webNewBoletoEmpresa.loginValidacao HTTP/11" 302 2
2025-05-02 12:47:56,952 - DEBUG - Thread 25792 - https://webhap.hapvida.com.br:443 "POST /pls/webhap/webNewBoletoEmpresa.loginValidacao HTTP/11" 302 2
2025-05-02 12:47:57,162 - INFO - Thread 14296 - Worker 2: Navegador fechado
2025-05-02 12:47:57,234 - DEBUG - Thread 26044 - https://webhap.hapvida.com.br:443 "GET /pls/webhap/webNewBoletoEmpresa.obrigacaoLista?pPessoa=215114402&pNoCache=1202472558&pIdSessao=KSYBnoIH5Qg9I4hK1WExqJnYVbIscIIa HTTP/11" 200 None
2025-05-02 12:47:57,305 - DEBUG - Thread 12608 - https://webhap.hapvida.com.br:443 "GET /pls/webhap/webNewBoletoEmpresa.obrigacaoLista?pPessoa=206960770&pNoCache=1202472558&pIdSessao=KSYBnoIH5QjPPPKpaxfEjKIYwTgvhyYpYC HTTP/11" 200 None
2025-05-02 12:47:57,349 - INFO - Thread 18104 - Worker 13: Navegador fechado
2025-05-02 12:47:57,350 - DEBUG - Thread 26044 - https://webhap.hapvida.com.br:443 "POST /pls/webhap/webNewBoletoEmpresa.obrigacaoDados HTTP/11" 200 None
2025-05-02 12:47:57,395 - DEBUG - Thread 25792 - https://webhap.hapvida.com.br:443 "GET /pls/webhap/webNewBoletoEmpresa.obrigacaoLista?pPessoa=206229677&pNoCache=1202472558&pIdSessao=KSYBnoIH5QjPPPKpaxfEjKIbHv9MO1QOVu HTTP/11" 200 None
2025-05-02 12:47:57,414 - INFO - Thread 22460 - Worker 0: Navegador fechado
2025-05-02 12:47:57,422 - DEBUG - Thread 12608 - https://webhap.hapvida.com.br:443 "POST /pls/webhap/webNewBoletoEmpresa.obrigacaoDados HTTP/11" 200 None
2025-05-02 12:47:57,448 - DEBUG - Thread 26044 - https://webhap.hapvida.com.br:443 "POST /pls/webhap/webNewBoletoEmpresa.validaObrigacao HTTP/11" 302 None
2025-05-02 12:47:57,471 - INFO - Thread 26772 - Worker 8: Navegador fechado
2025-05-02 12:47:57,500 - INFO - Thread 9388 - Worker 5: Navegador fechado
2025-05-02 12:47:57,520 - DEBUG - Thread 25792 - https://webhap.hapvida.com.br:443 "POST /pls/webhap/webNewBoletoEmpresa.obrigacaoDados HTTP/11" 200 None
2025-05-02 12:47:57,521 - DEBUG - Thread 12608 - https://webhap.hapvida.com.br:443 "POST /pls/webhap/webNewBoletoEmpresa.validaObrigacao HTTP/11" 302 None
2025-05-02 12:47:57,555 - INFO - Thread 27304 - Worker 11: Navegador fechado
2025-05-02 12:47:57,558 - INFO - Thread 6172 - Worker 9: Navegador fechado
2025-05-02 12:47:57,609 - INFO - Thread 32444 - Worker 3: Navegador fechado
2025-05-02 12:47:57,619 - INFO - Thread 19756 - Worker 6: Navegador fechado
2025-05-02 12:47:57,625 - DEBUG - Thread 26044 - https://webhap.hapvida.com.br:443 "GET /pls/webhap/webNewBoletoEmpresa.boleto_cc?pIdSessao=KSYBnoIH5Qg9I4hK1WExqJnYVbIscIIa&pNoCache=1202472558&pPessoa=215114402&pObrigacao=3067788230 HTTP/11" 200 None
2025-05-02 12:47:57,629 - DEBUG - Thread 25792 - https://webhap.hapvida.com.br:443 "POST /pls/webhap/webNewBoletoEmpresa.validaObrigacao HTTP/11" 302 None
2025-05-02 12:47:57,650 - DEBUG - Thread 12608 - https://webhap.hapvida.com.br:443 "GET /pls/webhap/webNewBoletoEmpresa.boleto_cc?pIdSessao=KSYBnoIH5QjPPPKpaxfEjKIYwTgvhyYpYC&pNoCache=1202472558&pPessoa=206960770&pObrigacao=3067885170 HTTP/11" 200 None
2025-05-02 12:47:57,658 - INFO - Thread 30216 - Worker 1: Navegador fechado
2025-05-02 12:47:57,672 - INFO - Thread 22716 - Worker 10: Navegador fechado
2025-05-02 12:47:57,682 - INFO - Thread 35812 - Worker 4: Navegador fechado
2025-05-02 12:47:57,760 - DEBUG - Thread 25792 - https://webhap.hapvida.com.br:443 "GET /pls/webhap/webNewBoletoEmpresa.boleto_cc?pIdSessao=KSYBnoIH5QjPPPKpaxfEjKIbHv9MO1QOVu&pNoCache=1202472558&pPessoa=206229677&pObrigacao=3067883011 HTTP/11" 200 None
2025-05-02 12:48:06,103 - INFO - Thread 26044 - Worker 12: ✅ 37.233.759 MARIA GENEROZA H SECUNDES.pdf gerado com sucesso
2025-05-02 12:48:06,204 - INFO - Thread 26044 - Worker 12: Fila vazia, encerrando
2025-05-02 12:48:06,340 - INFO - Thread 26044 - Worker 12: Navegador fechado
2025-05-02 12:48:06,344 - INFO - Thread 25792 - Worker 7: ✅ 49.086.988 LUAN DE SOUSA FREIRE.pdf gerado com sucesso
2025-05-02 12:48:06,443 - INFO - Thread 12608 - Worker 14: ✅ 44.537.597 EVANIA FERREIRA DA SILVA.pdf gerado com sucesso
2025-05-02 12:48:06,445 - INFO - Thread 25792 - Worker 7: Fila vazia, encerrando
2025-05-02 12:48:06,544 - INFO - Thread 12608 - Worker 14: Fila vazia, encerrando
2025-05-02 12:48:06,578 - INFO - Thread 25792 - Worker 7: Navegador fechado
2025-05-02 12:48:06,645 - INFO - Thread 12608 - Worker 14: Navegador fechado
2025-05-02 12:48:06,676 - INFO - Thread 9556 - ✅ Excel atualizado com sucesso
2025-05-02 12:48:06,677 - INFO - Thread 9556 - 
✅ Relatório Final: 3 de 3 boletos gerados com sucesso (100.0%)
2025-05-02 12:48:06,677 - INFO - Thread 9556 - 📊 O arquivo Excel foi atualizado com os resultados: uploads\SINTICLEPEMPa.xlsx
2025-05-02 12:48:06,677 - INFO - Thread 9556 - 📂 PDFs salvos em: C:\Users\chrys\OneDrive\Desktop\Site\downloads
2025-05-02 12:48:06,678 - INFO - Thread 9556 - Extração de boletos concluída. 6 boletos gerados.
2025-05-02 12:48:36,308 - INFO - Thread 13456 - Iniciando extração de boletos
2025-05-02 12:48:36,309 - INFO - Thread 13456 - 🔄 Iniciando o processamento de boletos Hapvida
2025-05-02 12:48:36,311 - INFO - Thread 13456 - Backup do Excel criado: uploads\SINTICLEPEMPa.xlsx.bak
2025-05-02 12:48:36,311 - INFO - Thread 13456 - ✅ Backup do arquivo Excel criado com sucesso
2025-05-02 12:48:36,367 - INFO - Thread 13456 - 🔍 Processando 3 empresas para boletos com vencimento em 20/05/2025
2025-05-02 12:48:36,370 - DEBUG - Thread 2964 - Using proactor: IocpProactor
2025-05-02 12:48:36,371 - DEBUG - Thread 27144 - Using proactor: IocpProactor
2025-05-02 12:48:36,373 - DEBUG - Thread 12624 - Using proactor: IocpProactor
2025-05-02 12:48:36,373 - DEBUG - Thread 32876 - Using proactor: IocpProactor
2025-05-02 12:48:36,375 - DEBUG - Thread 33684 - Using proactor: IocpProactor
2025-05-02 12:48:36,376 - DEBUG - Thread 15716 - Using proactor: IocpProactor
2025-05-02 12:48:36,377 - DEBUG - Thread 30824 - Using proactor: IocpProactor
2025-05-02 12:48:36,380 - DEBUG - Thread 5592 - Using proactor: IocpProactor
2025-05-02 12:48:36,381 - DEBUG - Thread 25984 - Using proactor: IocpProactor
2025-05-02 12:48:36,383 - DEBUG - Thread 4900 - Using proactor: IocpProactor
2025-05-02 12:48:36,385 - DEBUG - Thread 17040 - Using proactor: IocpProactor
2025-05-02 12:48:36,392 - DEBUG - Thread 11948 - Using proactor: IocpProactor
2025-05-02 12:48:36,430 - DEBUG - Thread 14028 - Using proactor: IocpProactor
2025-05-02 12:48:36,460 - DEBUG - Thread 29668 - Using proactor: IocpProactor
2025-05-02 12:48:36,496 - DEBUG - Thread 16724 - Using proactor: IocpProactor
2025-05-02 12:48:38,861 - INFO - Thread 11948 - Worker 11: Navegador inicializado
2025-05-02 12:48:38,861 - INFO - Thread 11948 - Worker 11: Processando 0DTY7 (37.233.759 MARIA GENEROZA H SECUNDES)
2025-05-02 12:48:38,864 - DEBUG - Thread 11948 - Starting new HTTPS connection (1): webhap.hapvida.com.br:443
2025-05-02 12:48:38,866 - INFO - Thread 27144 - Worker 1: Navegador inicializado
2025-05-02 12:48:38,866 - INFO - Thread 27144 - Worker 1: Processando 0CPDD (44.537.597 EVANIA FERREIRA DA SILVA)
2025-05-02 12:48:38,868 - DEBUG - Thread 27144 - Starting new HTTPS connection (1): webhap.hapvida.com.br:443
2025-05-02 12:48:38,921 - INFO - Thread 15716 - Worker 5: Navegador inicializado
2025-05-02 12:48:38,922 - INFO - Thread 15716 - Worker 5: Processando 0CIX1 (49.086.988 LUAN DE SOUSA FREIRE)
2025-05-02 12:48:38,923 - DEBUG - Thread 15716 - Starting new HTTPS connection (1): webhap.hapvida.com.br:443
2025-05-02 12:48:38,956 - INFO - Thread 33684 - Worker 4: Navegador inicializado
2025-05-02 12:48:38,956 - INFO - Thread 33684 - Worker 4: Fila vazia, encerrando
2025-05-02 12:48:39,172 - INFO - Thread 5592 - Worker 7: Navegador inicializado
2025-05-02 12:48:39,172 - INFO - Thread 5592 - Worker 7: Fila vazia, encerrando
2025-05-02 12:48:39,194 - INFO - Thread 12624 - Worker 2: Navegador inicializado
2025-05-02 12:48:39,195 - INFO - Thread 12624 - Worker 2: Fila vazia, encerrando
2025-05-02 12:48:39,202 - INFO - Thread 32876 - Worker 3: Navegador inicializado
2025-05-02 12:48:39,203 - INFO - Thread 32876 - Worker 3: Fila vazia, encerrando
2025-05-02 12:48:39,223 - INFO - Thread 30824 - Worker 6: Navegador inicializado
2025-05-02 12:48:39,223 - INFO - Thread 30824 - Worker 6: Fila vazia, encerrando
2025-05-02 12:48:39,313 - INFO - Thread 2964 - Worker 0: Navegador inicializado
2025-05-02 12:48:39,313 - INFO - Thread 2964 - Worker 0: Fila vazia, encerrando
2025-05-02 12:48:39,370 - INFO - Thread 17040 - Worker 10: Navegador inicializado
2025-05-02 12:48:39,370 - INFO - Thread 17040 - Worker 10: Fila vazia, encerrando
2025-05-02 12:48:39,402 - INFO - Thread 14028 - Worker 12: Navegador inicializado
2025-05-02 12:48:39,402 - INFO - Thread 14028 - Worker 12: Fila vazia, encerrando
2025-05-02 12:48:39,648 - INFO - Thread 4900 - Worker 9: Navegador inicializado
2025-05-02 12:48:39,648 - INFO - Thread 4900 - Worker 9: Fila vazia, encerrando
2025-05-02 12:48:39,797 - INFO - Thread 25984 - Worker 8: Navegador inicializado
2025-05-02 12:48:39,797 - INFO - Thread 25984 - Worker 8: Fila vazia, encerrando
2025-05-02 12:48:40,141 - INFO - Thread 16724 - Worker 14: Navegador inicializado
2025-05-02 12:48:40,141 - INFO - Thread 16724 - Worker 14: Fila vazia, encerrando
2025-05-02 12:48:40,490 - INFO - Thread 29668 - Worker 13: Navegador inicializado
2025-05-02 12:48:40,490 - INFO - Thread 29668 - Worker 13: Fila vazia, encerrando
2025-05-02 12:48:40,560 - INFO - Thread 33684 - Worker 4: Navegador fechado
2025-05-02 12:48:40,740 - INFO - Thread 29668 - Worker 13: Navegador fechado
2025-05-02 12:48:40,752 - DEBUG - Thread 15716 - https://webhap.hapvida.com.br:443 "GET /pls/webhap/webNewBoletoEmpresa.login HTTP/11" 200 None
2025-05-02 12:48:40,779 - DEBUG - Thread 11948 - https://webhap.hapvida.com.br:443 "GET /pls/webhap/webNewBoletoEmpresa.login HTTP/11" 200 None
2025-05-02 12:48:40,798 - DEBUG - Thread 27144 - https://webhap.hapvida.com.br:443 "GET /pls/webhap/webNewBoletoEmpresa.login HTTP/11" 200 None
2025-05-02 12:48:40,861 - INFO - Thread 30824 - Worker 6: Navegador fechado
2025-05-02 12:48:40,930 - DEBUG - Thread 15716 - https://webhap.hapvida.com.br:443 "POST /pls/webhap/webNewBoletoEmpresa.loginValidacao HTTP/11" 302 2
2025-05-02 12:48:40,932 - INFO - Thread 14028 - Worker 12: Navegador fechado
2025-05-02 12:48:40,987 - DEBUG - Thread 27144 - https://webhap.hapvida.com.br:443 "POST /pls/webhap/webNewBoletoEmpresa.loginValidacao HTTP/11" 302 2
2025-05-02 12:48:40,990 - DEBUG - Thread 11948 - https://webhap.hapvida.com.br:443 "POST /pls/webhap/webNewBoletoEmpresa.loginValidacao HTTP/11" 302 2
2025-05-02 12:48:40,992 - INFO - Thread 16724 - Worker 14: Navegador fechado
2025-05-02 12:48:41,028 - INFO - Thread 32876 - Worker 3: Navegador fechado
2025-05-02 12:48:41,058 - INFO - Thread 2964 - Worker 0: Navegador fechado
2025-05-02 12:48:41,058 - INFO - Thread 12624 - Worker 2: Navegador fechado
2025-05-02 12:48:41,062 - INFO - Thread 5592 - Worker 7: Navegador fechado
2025-05-02 12:48:41,066 - INFO - Thread 25984 - Worker 8: Navegador fechado
2025-05-02 12:48:41,110 - INFO - Thread 4900 - Worker 9: Navegador fechado
2025-05-02 12:48:41,138 - INFO - Thread 17040 - Worker 10: Navegador fechado
2025-05-02 12:48:41,465 - DEBUG - Thread 11948 - https://webhap.hapvida.com.br:443 "GET /pls/webhap/webNewBoletoEmpresa.obrigacaoLista?pPessoa=215114402&pNoCache=1202482542&pIdSessao=tWI4XXI/sbOn9sMS60AwxII7UfXTSC3W HTTP/11" 200 None
2025-05-02 12:48:41,495 - DEBUG - Thread 15716 - https://webhap.hapvida.com.br:443 "GET /pls/webhap/webNewBoletoEmpresa.obrigacaoLista?pPessoa=206229677&pNoCache=1202482542&pIdSessao=tWI4XXI/sbOn9sMS60AwxO6jWobaAhGr HTTP/11" 200 None
2025-05-02 12:48:41,613 - DEBUG - Thread 11948 - https://webhap.hapvida.com.br:443 "POST /pls/webhap/webNewBoletoEmpresa.obrigacaoDados HTTP/11" 200 None
2025-05-02 12:48:41,624 - DEBUG - Thread 15716 - https://webhap.hapvida.com.br:443 "POST /pls/webhap/webNewBoletoEmpresa.obrigacaoDados HTTP/11" 200 None
2025-05-02 12:48:41,629 - DEBUG - Thread 27144 - https://webhap.hapvida.com.br:443 "GET /pls/webhap/webNewBoletoEmpresa.obrigacaoLista?pPessoa=206960770&pNoCache=1202482542&pIdSessao=tWI4XXI/sbOn9sMS60AwxOgbVbAqyzYW HTTP/11" 200 None
2025-05-02 12:48:41,714 - DEBUG - Thread 11948 - https://webhap.hapvida.com.br:443 "POST /pls/webhap/webNewBoletoEmpresa.validaObrigacao HTTP/11" 302 None
2025-05-02 12:48:41,727 - DEBUG - Thread 15716 - https://webhap.hapvida.com.br:443 "POST /pls/webhap/webNewBoletoEmpresa.validaObrigacao HTTP/11" 302 None
2025-05-02 12:48:41,746 - DEBUG - Thread 27144 - https://webhap.hapvida.com.br:443 "POST /pls/webhap/webNewBoletoEmpresa.obrigacaoDados HTTP/11" 200 None
2025-05-02 12:48:41,827 - DEBUG - Thread 11948 - https://webhap.hapvida.com.br:443 "GET /pls/webhap/webNewBoletoEmpresa.boleto_cc?pIdSessao=tWI4XXI/sbOn9sMS60AwxII7UfXTSC3W&pNoCache=1202482542&pPessoa=215114402&pObrigacao=3067788230 HTTP/11" 200 None
2025-05-02 12:48:41,847 - DEBUG - Thread 27144 - https://webhap.hapvida.com.br:443 "POST /pls/webhap/webNewBoletoEmpresa.validaObrigacao HTTP/11" 302 None
2025-05-02 12:48:41,952 - DEBUG - Thread 15716 - https://webhap.hapvida.com.br:443 "GET /pls/webhap/webNewBoletoEmpresa.boleto_cc?pIdSessao=tWI4XXI/sbOn9sMS60AwxO6jWobaAhGr&pNoCache=1202482542&pPessoa=206229677&pObrigacao=3067883011 HTTP/11" 200 None
2025-05-02 12:48:42,453 - DEBUG - Thread 27144 - https://webhap.hapvida.com.br:443 "GET /pls/webhap/webNewBoletoEmpresa.boleto_cc?pIdSessao=tWI4XXI/sbOn9sMS60AwxOgbVbAqyzYW&pNoCache=1202482542&pPessoa=206960770&pObrigacao=3067885170 HTTP/11" 200 None
2025-05-02 12:48:47,187 - INFO - Thread 11948 - Worker 11: ✅ 37.233.759 MARIA GENEROZA H SECUNDES.pdf gerado com sucesso
2025-05-02 12:48:47,288 - INFO - Thread 11948 - Worker 11: Fila vazia, encerrando
2025-05-02 12:48:47,382 - INFO - Thread 11948 - Worker 11: Navegador fechado
2025-05-02 12:48:47,452 - INFO - Thread 15716 - Worker 5: ✅ 49.086.988 LUAN DE SOUSA FREIRE.pdf gerado com sucesso
2025-05-02 12:48:47,500 - INFO - Thread 27144 - Worker 1: ✅ 44.537.597 EVANIA FERREIRA DA SILVA.pdf gerado com sucesso
2025-05-02 12:48:47,553 - INFO - Thread 15716 - Worker 5: Fila vazia, encerrando
2025-05-02 12:48:47,600 - INFO - Thread 27144 - Worker 1: Fila vazia, encerrando
2025-05-02 12:48:47,686 - INFO - Thread 15716 - Worker 5: Navegador fechado
2025-05-02 12:48:47,698 - INFO - Thread 27144 - Worker 1: Navegador fechado
2025-05-02 12:48:47,724 - INFO - Thread 13456 - ✅ Excel atualizado com sucesso
2025-05-02 12:48:47,724 - INFO - Thread 13456 - 
✅ Relatório Final: 3 de 3 boletos gerados com sucesso (100.0%)
2025-05-02 12:48:47,724 - INFO - Thread 13456 - 📊 O arquivo Excel foi atualizado com os resultados: uploads\SINTICLEPEMPa.xlsx
2025-05-02 12:48:47,724 - INFO - Thread 13456 - 📂 PDFs salvos em: C:\Users\chrys\OneDrive\Desktop\Site\downloads
2025-05-02 12:48:47,725 - INFO - Thread 13456 - Extração de boletos concluída. 6 boletos gerados.
2025-05-02 12:53:24,336 - INFO - Thread 28940 - Iniciando extração de boletos
2025-05-02 12:53:24,336 - INFO - Thread 28940 - 🔄 Iniciando o processamento de boletos Hapvida
2025-05-02 12:53:24,338 - INFO - Thread 28940 - Backup do Excel criado: uploads\SINTICLEPEMPa.xlsx.bak
2025-05-02 12:53:24,339 - INFO - Thread 28940 - ✅ Backup do arquivo Excel criado com sucesso
2025-05-02 12:53:24,420 - INFO - Thread 28940 - 🔍 Processando 3 empresas para boletos com vencimento em 20/05/2025
2025-05-02 12:53:24,422 - DEBUG - Thread 5804 - Using proactor: IocpProactor
2025-05-02 12:53:24,424 - DEBUG - Thread 24048 - Using proactor: IocpProactor
2025-05-02 12:53:24,427 - DEBUG - Thread 17172 - Using proactor: IocpProactor
2025-05-02 12:53:24,427 - DEBUG - Thread 25380 - Using proactor: IocpProactor
2025-05-02 12:53:24,428 - DEBUG - Thread 32380 - Using proactor: IocpProactor
2025-05-02 12:53:24,429 - DEBUG - Thread 29448 - Using proactor: IocpProactor
2025-05-02 12:53:24,431 - DEBUG - Thread 23420 - Using proactor: IocpProactor
2025-05-02 12:53:24,435 - DEBUG - Thread 13008 - Using proactor: IocpProactor
2025-05-02 12:53:24,436 - DEBUG - Thread 2916 - Using proactor: IocpProactor
2025-05-02 12:53:24,438 - DEBUG - Thread 35584 - Using proactor: IocpProactor
2025-05-02 12:53:24,446 - DEBUG - Thread 1520 - Using proactor: IocpProactor
2025-05-02 12:53:24,460 - DEBUG - Thread 24696 - Using proactor: IocpProactor
2025-05-02 12:53:24,496 - DEBUG - Thread 24728 - Using proactor: IocpProactor
2025-05-02 12:53:24,526 - DEBUG - Thread 29624 - Using proactor: IocpProactor
2025-05-02 12:53:24,575 - DEBUG - Thread 21012 - Using proactor: IocpProactor
2025-05-02 12:53:27,063 - INFO - Thread 1520 - Worker 10: Navegador inicializado
2025-05-02 12:53:27,063 - INFO - Thread 1520 - Worker 10: Processando 0DTY7 (37.233.759 MARIA GENEROZA H SECUNDES)
2025-05-02 12:53:27,066 - DEBUG - Thread 1520 - Starting new HTTPS connection (1): webhap.hapvida.com.br:443
2025-05-02 12:53:27,178 - INFO - Thread 29624 - Worker 13: Navegador inicializado
2025-05-02 12:53:27,178 - INFO - Thread 29624 - Worker 13: Processando 0CPDD (44.537.597 EVANIA FERREIRA DA SILVA)
2025-05-02 12:53:27,180 - DEBUG - Thread 29624 - Starting new HTTPS connection (1): webhap.hapvida.com.br:443
2025-05-02 12:53:27,444 - INFO - Thread 35584 - Worker 9: Navegador inicializado
2025-05-02 12:53:27,444 - INFO - Thread 35584 - Worker 9: Processando 0CIX1 (49.086.988 LUAN DE SOUSA FREIRE)
2025-05-02 12:53:27,446 - DEBUG - Thread 35584 - Starting new HTTPS connection (1): webhap.hapvida.com.br:443
2025-05-02 12:53:27,590 - INFO - Thread 25380 - Worker 3: Navegador inicializado
2025-05-02 12:53:27,590 - INFO - Thread 25380 - Worker 3: Fila vazia, encerrando
2025-05-02 12:53:27,595 - INFO - Thread 23420 - Worker 6: Navegador inicializado
2025-05-02 12:53:27,595 - INFO - Thread 23420 - Worker 6: Fila vazia, encerrando
2025-05-02 12:53:27,637 - INFO - Thread 24048 - Worker 1: Navegador inicializado
2025-05-02 12:53:27,637 - INFO - Thread 24048 - Worker 1: Fila vazia, encerrando
2025-05-02 12:53:27,802 - INFO - Thread 2916 - Worker 8: Navegador inicializado
2025-05-02 12:53:27,802 - INFO - Thread 2916 - Worker 8: Fila vazia, encerrando
2025-05-02 12:53:27,814 - INFO - Thread 24696 - Worker 11: Navegador inicializado
2025-05-02 12:53:27,814 - INFO - Thread 24696 - Worker 11: Fila vazia, encerrando
2025-05-02 12:53:27,830 - INFO - Thread 32380 - Worker 4: Navegador inicializado
2025-05-02 12:53:27,830 - INFO - Thread 32380 - Worker 4: Fila vazia, encerrando
2025-05-02 12:53:28,381 - INFO - Thread 29448 - Worker 5: Navegador inicializado
2025-05-02 12:53:28,382 - INFO - Thread 29448 - Worker 5: Fila vazia, encerrando
2025-05-02 12:53:28,525 - INFO - Thread 24728 - Worker 12: Navegador inicializado
2025-05-02 12:53:28,526 - INFO - Thread 17172 - Worker 2: Navegador inicializado
2025-05-02 12:53:28,526 - INFO - Thread 24728 - Worker 12: Fila vazia, encerrando
2025-05-02 12:53:28,526 - INFO - Thread 17172 - Worker 2: Fila vazia, encerrando
2025-05-02 12:53:28,549 - DEBUG - Thread 1520 - https://webhap.hapvida.com.br:443 "GET /pls/webhap/webNewBoletoEmpresa.login HTTP/11" 200 None
2025-05-02 12:53:28,722 - DEBUG - Thread 1520 - https://webhap.hapvida.com.br:443 "POST /pls/webhap/webNewBoletoEmpresa.loginValidacao HTTP/11" 302 2
2025-05-02 12:53:28,814 - INFO - Thread 24048 - Worker 1: Navegador fechado
2025-05-02 12:53:28,856 - INFO - Thread 5804 - Worker 0: Navegador inicializado
2025-05-02 12:53:28,856 - INFO - Thread 5804 - Worker 0: Fila vazia, encerrando
2025-05-02 12:53:28,936 - INFO - Thread 21012 - Worker 14: Navegador inicializado
2025-05-02 12:53:28,936 - INFO - Thread 21012 - Worker 14: Fila vazia, encerrando
2025-05-02 12:53:29,009 - INFO - Thread 32380 - Worker 4: Navegador fechado
2025-05-02 12:53:29,194 - DEBUG - Thread 1520 - https://webhap.hapvida.com.br:443 "GET /pls/webhap/webNewBoletoEmpresa.obrigacaoLista?pPessoa=215114402&pNoCache=1202532529&pIdSessao=I1luSO7Yt3hMKPPPcYqcLiV5sNobaIk2rk HTTP/11" 200 None
2025-05-02 12:53:29,223 - INFO - Thread 13008 - Worker 7: Navegador inicializado
2025-05-02 12:53:29,223 - INFO - Thread 13008 - Worker 7: Fila vazia, encerrando
2025-05-02 12:53:29,321 - DEBUG - Thread 1520 - https://webhap.hapvida.com.br:443 "POST /pls/webhap/webNewBoletoEmpresa.obrigacaoDados HTTP/11" 200 None
2025-05-02 12:53:29,470 - INFO - Thread 5804 - Worker 0: Navegador fechado
2025-05-02 12:53:29,495 - DEBUG - Thread 1520 - https://webhap.hapvida.com.br:443 "POST /pls/webhap/webNewBoletoEmpresa.validaObrigacao HTTP/11" 302 None
2025-05-02 12:53:29,518 - INFO - Thread 23420 - Worker 6: Navegador fechado
2025-05-02 12:53:29,543 - INFO - Thread 2916 - Worker 8: Navegador fechado
2025-05-02 12:53:29,562 - DEBUG - Thread 29624 - https://webhap.hapvida.com.br:443 "GET /pls/webhap/webNewBoletoEmpresa.login HTTP/11" 200 None
2025-05-02 12:53:29,575 - INFO - Thread 24728 - Worker 12: Navegador fechado
2025-05-02 12:53:29,575 - INFO - Thread 25380 - Worker 3: Navegador fechado
2025-05-02 12:53:29,610 - DEBUG - Thread 1520 - https://webhap.hapvida.com.br:443 "GET /pls/webhap/webNewBoletoEmpresa.boleto_cc?pIdSessao=I1luSO7Yt3hMKPPPcYqcLiV5sNobaIk2rk&pNoCache=1202532529&pPessoa=215114402&pObrigacao=3067788230 HTTP/11" 200 None
2025-05-02 12:53:29,613 - INFO - Thread 21012 - Worker 14: Navegador fechado
2025-05-02 12:53:29,613 - INFO - Thread 24696 - Worker 11: Navegador fechado
2025-05-02 12:53:29,621 - INFO - Thread 29448 - Worker 5: Navegador fechado
2025-05-02 12:53:29,628 - INFO - Thread 17172 - Worker 2: Navegador fechado
2025-05-02 12:53:29,662 - DEBUG - Thread 35584 - https://webhap.hapvida.com.br:443 "GET /pls/webhap/webNewBoletoEmpresa.login HTTP/11" 200 None
2025-05-02 12:53:29,722 - DEBUG - Thread 29624 - https://webhap.hapvida.com.br:443 "POST /pls/webhap/webNewBoletoEmpresa.loginValidacao HTTP/11" 302 2
2025-05-02 12:53:29,818 - DEBUG - Thread 35584 - https://webhap.hapvida.com.br:443 "POST /pls/webhap/webNewBoletoEmpresa.loginValidacao HTTP/11" 302 2
2025-05-02 12:53:29,893 - INFO - Thread 13008 - Worker 7: Navegador fechado
2025-05-02 12:53:30,189 - DEBUG - Thread 29624 - https://webhap.hapvida.com.br:443 "GET /pls/webhap/webNewBoletoEmpresa.obrigacaoLista?pPessoa=206960770&pNoCache=1202532530&pIdSessao=I1luSO7Yt3hTJtf5/MIrgFgUmglqiSFm HTTP/11" 200 None
2025-05-02 12:53:30,304 - DEBUG - Thread 29624 - https://webhap.hapvida.com.br:443 "POST /pls/webhap/webNewBoletoEmpresa.obrigacaoDados HTTP/11" 200 None
2025-05-02 12:53:30,399 - DEBUG - Thread 29624 - https://webhap.hapvida.com.br:443 "POST /pls/webhap/webNewBoletoEmpresa.validaObrigacao HTTP/11" 302 None
2025-05-02 12:53:30,534 - DEBUG - Thread 29624 - https://webhap.hapvida.com.br:443 "GET /pls/webhap/webNewBoletoEmpresa.boleto_cc?pIdSessao=I1luSO7Yt3hTJtf5/MIrgFgUmglqiSFm&pNoCache=1202532530&pPessoa=206960770&pObrigacao=3067885170 HTTP/11" 200 None
2025-05-02 12:53:30,568 - DEBUG - Thread 35584 - https://webhap.hapvida.com.br:443 "GET /pls/webhap/webNewBoletoEmpresa.obrigacaoLista?pPessoa=206229677&pNoCache=1202532531&pIdSessao=I1luSO7Yt3gy12ftxkuItak2uawXCs4P HTTP/11" 200 None
2025-05-02 12:53:30,819 - DEBUG - Thread 35584 - https://webhap.hapvida.com.br:443 "POST /pls/webhap/webNewBoletoEmpresa.obrigacaoDados HTTP/11" 200 None
2025-05-02 12:53:30,917 - DEBUG - Thread 35584 - https://webhap.hapvida.com.br:443 "POST /pls/webhap/webNewBoletoEmpresa.validaObrigacao HTTP/11" 302 None
2025-05-02 12:53:31,066 - DEBUG - Thread 35584 - https://webhap.hapvida.com.br:443 "GET /pls/webhap/webNewBoletoEmpresa.boleto_cc?pIdSessao=I1luSO7Yt3gy12ftxkuItak2uawXCs4P&pNoCache=1202532531&pPessoa=206229677&pObrigacao=3067883011 HTTP/11" 200 None
2025-05-02 12:53:35,977 - INFO - Thread 1520 - Worker 10: ✅ 37.233.759 MARIA GENEROZA H SECUNDES.pdf gerado com sucesso
2025-05-02 12:53:36,077 - INFO - Thread 29624 - Worker 13: ✅ 44.537.597 EVANIA FERREIRA DA SILVA.pdf gerado com sucesso
2025-05-02 12:53:36,078 - INFO - Thread 1520 - Worker 10: Fila vazia, encerrando
2025-05-02 12:53:36,178 - INFO - Thread 29624 - Worker 13: Fila vazia, encerrando
2025-05-02 12:53:36,194 - INFO - Thread 1520 - Worker 10: Navegador fechado
2025-05-02 12:53:36,262 - INFO - Thread 29624 - Worker 13: Navegador fechado
2025-05-02 12:53:36,287 - INFO - Thread 35584 - Worker 9: ✅ 49.086.988 LUAN DE SOUSA FREIRE.pdf gerado com sucesso
2025-05-02 12:53:36,388 - INFO - Thread 35584 - Worker 9: Fila vazia, encerrando
2025-05-02 12:53:36,523 - INFO - Thread 35584 - Worker 9: Navegador fechado
2025-05-02 12:53:36,553 - INFO - Thread 28940 - ✅ Excel atualizado com sucesso
2025-05-02 12:53:36,554 - INFO - Thread 28940 - 
✅ Relatório Final: 3 de 3 boletos gerados com sucesso (100.0%)
2025-05-02 12:53:36,554 - INFO - Thread 28940 - 📊 O arquivo Excel foi atualizado com os resultados: uploads\SINTICLEPEMPa.xlsx
2025-05-02 12:53:36,554 - INFO - Thread 28940 - 📂 PDFs salvos em: C:\Users\chrys\OneDrive\Desktop\Site\downloads
2025-05-02 12:53:36,554 - INFO - Thread 28940 - Extração de boletos concluída. 6 boletos gerados.
2025-05-02 12:53:36,554 - INFO - Thread 28940 - Iniciando extração de notas fiscais
2025-05-02 12:53:36,555 - INFO - Thread 28940 - Iniciando extração de notas fiscais
2025-05-02 12:53:36,585 - INFO - Thread 28940 - Total de empresas a processar: 3
2025-05-02 12:53:36,586 - INFO - Thread 28940 - Pasta de downloads criada: C:\Users\chrys\OneDrive\Desktop\Site\downloads\driver_1
2025-05-02 12:53:36,586 - INFO - Thread 28940 - Sessão 1 configurada com sucesso
2025-05-02 12:53:36,587 - INFO - Thread 28940 - Pasta de downloads criada: C:\Users\chrys\OneDrive\Desktop\Site\downloads\driver_2
2025-05-02 12:53:36,587 - INFO - Thread 28940 - Sessão 2 configurada com sucesso
2025-05-02 12:53:36,587 - INFO - Thread 28940 - Pasta de downloads criada: C:\Users\chrys\OneDrive\Desktop\Site\downloads\driver_3
2025-05-02 12:53:36,588 - INFO - Thread 28940 - Sessão 3 configurada com sucesso
2025-05-02 12:53:36,588 - INFO - Thread 28940 - Pasta de downloads criada: C:\Users\chrys\OneDrive\Desktop\Site\downloads\driver_4
2025-05-02 12:53:36,588 - INFO - Thread 28940 - Sessão 4 configurada com sucesso
2025-05-02 12:53:36,589 - INFO - Thread 28940 - Pasta de downloads criada: C:\Users\chrys\OneDrive\Desktop\Site\downloads\driver_5
2025-05-02 12:53:36,589 - INFO - Thread 28940 - Sessão 5 configurada com sucesso
2025-05-02 12:53:36,589 - INFO - Thread 28940 - Pasta de downloads criada: C:\Users\chrys\OneDrive\Desktop\Site\downloads\driver_6
2025-05-02 12:53:36,590 - INFO - Thread 28940 - Sessão 6 configurada com sucesso
2025-05-02 12:53:36,590 - INFO - Thread 28940 - Pasta de downloads criada: C:\Users\chrys\OneDrive\Desktop\Site\downloads\driver_7
2025-05-02 12:53:36,590 - INFO - Thread 28940 - Sessão 7 configurada com sucesso
2025-05-02 12:53:36,592 - INFO - Thread 28940 - Pasta de downloads criada: C:\Users\chrys\OneDrive\Desktop\Site\downloads\driver_8
2025-05-02 12:53:36,592 - INFO - Thread 28940 - Sessão 8 configurada com sucesso
2025-05-02 12:53:36,593 - INFO - Thread 23740 - Sessão 1 - Iniciando processamento da empresa: 0DTY7
2025-05-02 12:53:36,594 - INFO - Thread 28076 - Sessão 2 - Iniciando processamento da empresa: 0CPDD
2025-05-02 12:53:36,595 - INFO - Thread 22464 - Sessão 3 - Iniciando processamento da empresa: 0CIX1
2025-05-02 12:53:36,598 - DEBUG - Thread 23740 - Starting new HTTPS connection (1): webhap.hapvida.com.br:443
2025-05-02 12:53:36,598 - DEBUG - Thread 28076 - Starting new HTTPS connection (1): webhap.hapvida.com.br:443
2025-05-02 12:53:36,599 - DEBUG - Thread 22464 - Starting new HTTPS connection (1): webhap.hapvida.com.br:443
2025-05-02 12:53:37,783 - DEBUG - Thread 23740 - https://webhap.hapvida.com.br:443 "POST /pls/webhap/pk_nota_fiscal.loginValidacao HTTP/11" 302 2
2025-05-02 12:53:37,784 - DEBUG - Thread 28076 - https://webhap.hapvida.com.br:443 "POST /pls/webhap/pk_nota_fiscal.loginValidacao HTTP/11" 302 2
2025-05-02 12:53:37,784 - DEBUG - Thread 22464 - https://webhap.hapvida.com.br:443 "POST /pls/webhap/pk_nota_fiscal.loginValidacao HTTP/11" 302 2
2025-05-02 12:53:37,919 - DEBUG - Thread 23740 - https://webhap.hapvida.com.br:443 "GET /pls/webhap/pk_nota_fiscal.listaNotasFiscais?pNoCache=1202532539&pIdSessao=53021205382516599207 HTTP/11" 200 None
2025-05-02 12:53:37,920 - INFO - Thread 23740 - Sessão 1 - Status do login: 200, URL: https://webhap.hapvida.com.br/pls/webhap/pk_nota_fiscal.listaNotasFiscais?pNoCache=1202532539&pIdSessao=53021205382516599207
2025-05-02 12:53:37,920 - INFO - Thread 23740 - Sessão 1 - Cookies após login: {}
2025-05-02 12:53:37,920 - INFO - Thread 23740 - Sessão 1 - Login bem-sucedido para empresa 0DTY7
2025-05-02 12:53:37,938 - INFO - Thread 23740 - Sessão 1 - pIdSessao extraído: 53021205382516599207
2025-05-02 12:53:37,938 - DEBUG - Thread 28076 - https://webhap.hapvida.com.br:443 "GET /pls/webhap/pk_nota_fiscal.listaNotasFiscais?pNoCache=1202532539&pIdSessao=53021205382516599139 HTTP/11" 200 None
2025-05-02 12:53:37,940 - INFO - Thread 28076 - Sessão 2 - Status do login: 200, URL: https://webhap.hapvida.com.br/pls/webhap/pk_nota_fiscal.listaNotasFiscais?pNoCache=1202532539&pIdSessao=53021205382516599139
2025-05-02 12:53:37,940 - INFO - Thread 28076 - Sessão 2 - Cookies após login: {}
2025-05-02 12:53:37,940 - INFO - Thread 28076 - Sessão 2 - Login bem-sucedido para empresa 0CPDD
2025-05-02 12:53:37,957 - INFO - Thread 28076 - Sessão 2 - pIdSessao extraído: 53021205382516599139
2025-05-02 12:53:37,968 - DEBUG - Thread 22464 - https://webhap.hapvida.com.br:443 "GET /pls/webhap/pk_nota_fiscal.listaNotasFiscais?pNoCache=1202532539&pIdSessao=53021205392516599188 HTTP/11" 200 None
2025-05-02 12:53:37,968 - INFO - Thread 22464 - Sessão 3 - Status do login: 200, URL: https://webhap.hapvida.com.br/pls/webhap/pk_nota_fiscal.listaNotasFiscais?pNoCache=1202532539&pIdSessao=53021205392516599188
2025-05-02 12:53:37,968 - INFO - Thread 22464 - Sessão 3 - Cookies após login: {}
2025-05-02 12:53:37,968 - INFO - Thread 22464 - Sessão 3 - Login bem-sucedido para empresa 0CIX1
2025-05-02 12:53:37,986 - INFO - Thread 22464 - Sessão 3 - pIdSessao extraído: 53021205392516599188
2025-05-02 12:53:38,075 - DEBUG - Thread 28076 - https://webhap.hapvida.com.br:443 "GET /pls/webhap/pk_nota_fiscal.listaNotasFiscais?pIdSessao=53021205382516599139 HTTP/11" 200 None
2025-05-02 12:53:38,075 - INFO - Thread 28076 - Sessão 2 - Status da requisição: 200, URL final: https://webhap.hapvida.com.br/pls/webhap/pk_nota_fiscal.listaNotasFiscais?pIdSessao=53021205382516599139
2025-05-02 12:53:38,076 - DEBUG - Thread 28076 - Sessão 2 - Primeiros 500 caracteres do HTML: 
    <head>
    <meta http-equiv="Content-Type" content="text/html; charset=utf-8" />
    <meta name="viewport" content="width=device-width, initial-scale=1.0">
    <title>Hapvida - Plano de Saúde</title>
    <link href="/hapvida/hapvida_avanz/sistema/css/simple-line-icons.css" rel="stylesheet" type="text/css" />
    <link href="/hapvida/hapvida_avanz/sistema/css/stlhapvida.css" rel="stylesheet" type="text/css" />
    <link href="/hapvida/hapvida_avanz/sistema/css/style-ie.css" rel="stylesheet" 
2025-05-02 12:53:38,094 - INFO - Thread 28076 - Sessão 2 - Buscando data de vencimento: 20/05/25
2025-05-02 12:53:38,094 - INFO - Thread 28076 - Sessão 2 - Verificando link com texto: 0CPDD
2025-05-02 12:53:38,095 - INFO - Thread 28076 - Sessão 2 - Verificando link com texto: 44.537.597 EVANIA FERREIRA DA SILVA SINTICLEPEMP
2025-05-02 12:53:38,095 - INFO - Thread 28076 - Sessão 2 - Verificando link com texto: 1010526365865
2025-05-02 12:53:38,095 - DEBUG - Thread 23740 - https://webhap.hapvida.com.br:443 "GET /pls/webhap/pk_nota_fiscal.listaNotasFiscais?pIdSessao=53021205382516599207 HTTP/11" 200 None
2025-05-02 12:53:38,095 - INFO - Thread 28076 - Sessão 2 - Verificando link com texto: 20/04/25
2025-05-02 12:53:38,097 - INFO - Thread 23740 - Sessão 1 - Status da requisição: 200, URL final: https://webhap.hapvida.com.br/pls/webhap/pk_nota_fiscal.listaNotasFiscais?pIdSessao=53021205382516599207
2025-05-02 12:53:38,097 - INFO - Thread 28076 - Sessão 2 - Verificando link com texto: 840,36
2025-05-02 12:53:38,097 - DEBUG - Thread 23740 - Sessão 1 - Primeiros 500 caracteres do HTML: 
    <head>
    <meta http-equiv="Content-Type" content="text/html; charset=utf-8" />
    <meta name="viewport" content="width=device-width, initial-scale=1.0">
    <title>Hapvida - Plano de Saúde</title>
    <link href="/hapvida/hapvida_avanz/sistema/css/simple-line-icons.css" rel="stylesheet" type="text/css" />
    <link href="/hapvida/hapvida_avanz/sistema/css/stlhapvida.css" rel="stylesheet" type="text/css" />
    <link href="/hapvida/hapvida_avanz/sistema/css/style-ie.css" rel="stylesheet" 
2025-05-02 12:53:38,097 - INFO - Thread 28076 - Sessão 2 - Verificando link com texto: 0CPDD
2025-05-02 12:53:38,114 - INFO - Thread 23740 - Sessão 1 - Buscando data de vencimento: 20/05/25
2025-05-02 12:53:38,115 - INFO - Thread 28076 - Sessão 2 - Verificando link com texto: 44.537.597 EVANIA FERREIRA DA SILVA SINTICLEPEMP
2025-05-02 12:53:38,115 - DEBUG - Thread 22464 - https://webhap.hapvida.com.br:443 "GET /pls/webhap/pk_nota_fiscal.listaNotasFiscais?pIdSessao=53021205392516599188 HTTP/11" 200 None
2025-05-02 12:53:38,116 - INFO - Thread 23740 - Sessão 1 - Verificando link com texto: 0DTY7
2025-05-02 12:53:38,116 - INFO - Thread 28076 - Sessão 2 - Verificando link com texto: 1010517416100
2025-05-02 12:53:38,117 - INFO - Thread 23740 - Sessão 1 - Verificando link com texto: 37.233.759 MARIA GENEROZA H SECUNDES SINTICLEPEMP
2025-05-02 12:53:38,117 - INFO - Thread 28076 - Sessão 2 - Verificando link com texto: 20/03/25
2025-05-02 12:53:38,117 - INFO - Thread 22464 - Sessão 3 - Status da requisição: 200, URL final: https://webhap.hapvida.com.br/pls/webhap/pk_nota_fiscal.listaNotasFiscais?pIdSessao=53021205392516599188
2025-05-02 12:53:38,118 - INFO - Thread 23740 - Sessão 1 - Verificando link com texto: 28141000021976197
2025-05-02 12:53:38,118 - INFO - Thread 28076 - Sessão 2 - Verificando link com texto: 840,36
2025-05-02 12:53:38,118 - DEBUG - Thread 22464 - Sessão 3 - Primeiros 500 caracteres do HTML: 
    <head>
    <meta http-equiv="Content-Type" content="text/html; charset=utf-8" />
    <meta name="viewport" content="width=device-width, initial-scale=1.0">
    <title>Hapvida - Plano de Saúde</title>
    <link href="/hapvida/hapvida_avanz/sistema/css/simple-line-icons.css" rel="stylesheet" type="text/css" />
    <link href="/hapvida/hapvida_avanz/sistema/css/stlhapvida.css" rel="stylesheet" type="text/css" />
    <link href="/hapvida/hapvida_avanz/sistema/css/style-ie.css" rel="stylesheet" 
2025-05-02 12:53:38,118 - INFO - Thread 23740 - Sessão 1 - Verificando link com texto: 20/04/25
2025-05-02 12:53:38,119 - INFO - Thread 28076 - Sessão 2 - Verificando link com texto: 0CPDD
2025-05-02 12:53:38,138 - INFO - Thread 22464 - Sessão 3 - Buscando data de vencimento: 20/05/25
2025-05-02 12:53:38,138 - INFO - Thread 23740 - Sessão 1 - Verificando link com texto: 1134,5
2025-05-02 12:53:38,138 - INFO - Thread 28076 - Sessão 2 - Verificando link com texto: 44.537.597 EVANIA FERREIRA DA SILVA SINTICLEPEMP
2025-05-02 12:53:38,139 - INFO - Thread 22464 - Sessão 3 - Verificando link com texto: 0CIX1
2025-05-02 12:53:38,139 - INFO - Thread 23740 - Sessão 1 - Verificando link com texto: 0DTY7
2025-05-02 12:53:38,139 - INFO - Thread 28076 - Sessão 2 - Verificando link com texto: 1010502973008
2025-05-02 12:53:38,139 - INFO - Thread 22464 - Sessão 3 - Verificando link com texto: 49.086.988 LUAN DE SOUSA FREIRE SINTICLEPEMP
2025-05-02 12:53:38,140 - INFO - Thread 22464 - Sessão 3 - Verificando link com texto: 1010526363579
2025-05-02 12:53:38,140 - INFO - Thread 28076 - Sessão 2 - Verificando link com texto: 20/02/25
2025-05-02 12:53:38,140 - INFO - Thread 23740 - Sessão 1 - Verificando link com texto: 37.233.759 MARIA GENEROZA H SECUNDES SINTICLEPEMP
2025-05-02 12:53:38,140 - INFO - Thread 22464 - Sessão 3 - Verificando link com texto: 20/04/25
2025-05-02 12:53:38,140 - INFO - Thread 28076 - Sessão 2 - Verificando link com texto: 840,36
2025-05-02 12:53:38,141 - INFO - Thread 23740 - Sessão 1 - Verificando link com texto: 28141000021956316
2025-05-02 12:53:38,141 - INFO - Thread 22464 - Sessão 3 - Verificando link com texto: 1470,63
2025-05-02 12:53:38,141 - INFO - Thread 28076 - Sessão 2 - Verificando link com texto: 0CPDD
2025-05-02 12:53:38,142 - INFO - Thread 23740 - Sessão 1 - Verificando link com texto: 20/03/25
2025-05-02 12:53:38,142 - INFO - Thread 22464 - Sessão 3 - Verificando link com texto: 0CIX1
2025-05-02 12:53:38,142 - INFO - Thread 28076 - Sessão 2 - Verificando link com texto: 44.537.597 EVANIA FERREIRA DA SILVA SINTICLEPEMP
2025-05-02 12:53:38,142 - INFO - Thread 23740 - Sessão 1 - Verificando link com texto: 1134,5
2025-05-02 12:53:38,142 - INFO - Thread 22464 - Sessão 3 - Verificando link com texto: 49.086.988 LUAN DE SOUSA FREIRE SINTICLEPEMP
2025-05-02 12:53:38,143 - INFO - Thread 28076 - Sessão 2 - Verificando link com texto: 1010492577407
2025-05-02 12:53:38,143 - INFO - Thread 23740 - Sessão 1 - Verificando link com texto: 0DTY7
2025-05-02 12:53:38,143 - INFO - Thread 22464 - Sessão 3 - Verificando link com texto: 1010517414018
2025-05-02 12:53:38,144 - INFO - Thread 28076 - Sessão 2 - Verificando link com texto: 20/01/25
2025-05-02 12:53:38,144 - INFO - Thread 23740 - Sessão 1 - Verificando link com texto: 37.233.759 MARIA GENEROZA H SECUNDES SINTICLEPEMP
2025-05-02 12:53:38,144 - INFO - Thread 22464 - Sessão 3 - Verificando link com texto: 20/03/25
2025-05-02 12:53:38,144 - INFO - Thread 28076 - Sessão 2 - Verificando link com texto: 840,36
2025-05-02 12:53:38,145 - INFO - Thread 23740 - Sessão 1 - Verificando link com texto: 28141000021930377
2025-05-02 12:53:38,145 - INFO - Thread 22464 - Sessão 3 - Verificando link com texto: 1470,63
2025-05-02 12:53:38,146 - INFO - Thread 28076 - Sessão 2 - Verificando link com texto: 0CPDD
2025-05-02 12:53:38,146 - INFO - Thread 23740 - Sessão 1 - Verificando link com texto: 20/02/25
2025-05-02 12:53:38,147 - INFO - Thread 22464 - Sessão 3 - Verificando link com texto: 0CIX1
2025-05-02 12:53:38,148 - INFO - Thread 28076 - Sessão 2 - Verificando link com texto: 44.537.597 EVANIA FERREIRA DA SILVA SINTICLEPEMP
2025-05-02 12:53:38,148 - INFO - Thread 23740 - Sessão 1 - Verificando link com texto: 1317,15
2025-05-02 12:53:38,148 - INFO - Thread 22464 - Sessão 3 - Verificando link com texto: 49.086.988 LUAN DE SOUSA FREIRE SINTICLEPEMP
2025-05-02 12:53:38,148 - INFO - Thread 28076 - Sessão 2 - Verificando link com texto: 1010481536674
2025-05-02 12:53:38,148 - INFO - Thread 23740 - Sessão 1 - Verificando link com texto: 0DTY7
2025-05-02 12:53:38,149 - INFO - Thread 22464 - Sessão 3 - Verificando link com texto: 1010502970726
2025-05-02 12:53:38,149 - INFO - Thread 28076 - Sessão 2 - Verificando link com texto: 20/12/24
2025-05-02 12:53:38,149 - INFO - Thread 23740 - Sessão 1 - Verificando link com texto: 37.233.759 MARIA GENEROZA H SECUNDES SINTICLEPEMP
2025-05-02 12:53:38,149 - INFO - Thread 22464 - Sessão 3 - Verificando link com texto: 20/02/25
2025-05-02 12:53:38,150 - INFO - Thread 28076 - Sessão 2 - Verificando link com texto: 840,36
2025-05-02 12:53:38,150 - INFO - Thread 23740 - Sessão 1 - Verificando link com texto: 28141000021908626
2025-05-02 12:53:38,150 - INFO - Thread 22464 - Sessão 3 - Verificando link com texto: 1470,63
2025-05-02 12:53:38,150 - INFO - Thread 28076 - Sessão 2 - Verificando link com texto: 0CPDD
2025-05-02 12:53:38,151 - INFO - Thread 23740 - Sessão 1 - Verificando link com texto: 20/01/25
2025-05-02 12:53:38,151 - INFO - Thread 22464 - Sessão 3 - Verificando link com texto: 0CIX1
2025-05-02 12:53:38,151 - INFO - Thread 28076 - Sessão 2 - Verificando link com texto: 44.537.597 EVANIA FERREIRA DA SILVA SINTICLEPEMP
2025-05-02 12:53:38,152 - INFO - Thread 23740 - Sessão 1 - Verificando link com texto: 924,41
2025-05-02 12:53:38,152 - INFO - Thread 22464 - Sessão 3 - Verificando link com texto: 49.086.988 LUAN DE SOUSA FREIRE SINTICLEPEMP
2025-05-02 12:53:38,153 - INFO - Thread 28076 - Sessão 2 - Verificando link com texto: 1010468973136
2025-05-02 12:53:38,153 - INFO - Thread 23740 - Sessão 1 - Verificando link com texto: 0DTY7
2025-05-02 12:53:38,153 - INFO - Thread 22464 - Sessão 3 - Verificando link com texto: 1010492575129
2025-05-02 12:53:38,153 - INFO - Thread 28076 - Sessão 2 - Verificando link com texto: 20/11/24
2025-05-02 12:53:38,153 - INFO - Thread 23740 - Sessão 1 - Verificando link com texto: 37.233.759 MARIA GENEROZA H SECUNDES SINTICLEPEMP
2025-05-02 12:53:38,154 - INFO - Thread 22464 - Sessão 3 - Verificando link com texto: 20/01/25
2025-05-02 12:53:38,154 - INFO - Thread 28076 - Sessão 2 - Verificando link com texto: 840,36
2025-05-02 12:53:38,154 - INFO - Thread 23740 - Sessão 1 - Verificando link com texto: 28141000021887251
2025-05-02 12:53:38,154 - INFO - Thread 22464 - Sessão 3 - Verificando link com texto: 1470,63
2025-05-02 12:53:38,155 - INFO - Thread 28076 - Sessão 2 - Verificando link com texto: 0CPDD
2025-05-02 12:53:38,155 - INFO - Thread 23740 - Sessão 1 - Verificando link com texto: 20/12/24
2025-05-02 12:53:38,155 - INFO - Thread 22464 - Sessão 3 - Verificando link com texto: 0CIX1
2025-05-02 12:53:38,156 - INFO - Thread 28076 - Sessão 2 - Verificando link com texto: 44.537.597 EVANIA FERREIRA DA SILVA SINTICLEPEMP
2025-05-02 12:53:38,156 - INFO - Thread 23740 - Sessão 1 - Verificando link com texto: 924,41
2025-05-02 12:53:38,157 - INFO - Thread 22464 - Sessão 3 - Verificando link com texto: 49.086.988 LUAN DE SOUSA FREIRE SINTICLEPEMP
2025-05-02 12:53:38,157 - INFO - Thread 28076 - Sessão 2 - Verificando link com texto: 1010461020753
2025-05-02 12:53:38,158 - INFO - Thread 28076 - Sessão 2 - Verificando link com texto: 20/10/24
2025-05-02 12:53:38,158 - INFO - Thread 22464 - Sessão 3 - Verificando link com texto: 1010481534388
2025-05-02 12:53:38,157 - INFO - Thread 23740 - Sessão 1 - Verificando link com texto: 0DTY7
2025-05-02 12:53:38,158 - INFO - Thread 28076 - Sessão 2 - Verificando link com texto: 840,36
2025-05-02 12:53:38,158 - INFO - Thread 22464 - Sessão 3 - Verificando link com texto: 20/12/24
2025-05-02 12:53:38,159 - INFO - Thread 23740 - Sessão 1 - Verificando link com texto: 37.233.759 MARIA GENEROZA H SECUNDES SINTICLEPEMP
2025-05-02 12:53:38,159 - INFO - Thread 28076 - Sessão 2 - Verificando link com texto: 0CPDD
2025-05-02 12:53:38,159 - INFO - Thread 22464 - Sessão 3 - Verificando link com texto: 1470,63
2025-05-02 12:53:38,159 - INFO - Thread 23740 - Sessão 1 - Verificando link com texto: 28141000021864258
2025-05-02 12:53:38,160 - INFO - Thread 28076 - Sessão 2 - Verificando link com texto: 44.537.597 EVANIA FERREIRA DA SILVA SINTICLEPEMP
2025-05-02 12:53:38,160 - INFO - Thread 22464 - Sessão 3 - Verificando link com texto: 0CIX1
2025-05-02 12:53:38,160 - INFO - Thread 23740 - Sessão 1 - Verificando link com texto: 20/11/24
2025-05-02 12:53:38,160 - INFO - Thread 28076 - Sessão 2 - Verificando link com texto: 1010447319305
2025-05-02 12:53:38,161 - INFO - Thread 22464 - Sessão 3 - Verificando link com texto: 49.086.988 LUAN DE SOUSA FREIRE SINTICLEPEMP
2025-05-02 12:53:38,161 - INFO - Thread 23740 - Sessão 1 - Verificando link com texto: 924,41
2025-05-02 12:53:38,161 - INFO - Thread 28076 - Sessão 2 - Verificando link com texto: 20/09/24
2025-05-02 12:53:38,161 - INFO - Thread 22464 - Sessão 3 - Verificando link com texto: 1010468970790
2025-05-02 12:53:38,162 - INFO - Thread 23740 - Sessão 1 - Verificando link com texto: 0DTY7
2025-05-02 12:53:38,162 - INFO - Thread 28076 - Sessão 2 - Verificando link com texto: 840,36
2025-05-02 12:53:38,162 - INFO - Thread 22464 - Sessão 3 - Verificando link com texto: 20/11/24
2025-05-02 12:53:38,162 - INFO - Thread 23740 - Sessão 1 - Verificando link com texto: 37.233.759 MARIA GENEROZA H SECUNDES SINTICLEPEMP
2025-05-02 12:53:38,163 - INFO - Thread 28076 - Sessão 2 - Verificando link com texto: 0CPDD
2025-05-02 12:53:38,164 - INFO - Thread 22464 - Sessão 3 - Verificando link com texto: 1470,63
2025-05-02 12:53:38,164 - INFO - Thread 23740 - Sessão 1 - Verificando link com texto: 28141000021842190
2025-05-02 12:53:38,165 - INFO - Thread 28076 - Sessão 2 - Verificando link com texto: 44.537.597 EVANIA FERREIRA DA SILVA SINTICLEPEMP
2025-05-02 12:53:38,165 - INFO - Thread 22464 - Sessão 3 - Verificando link com texto: 0CIX1
2025-05-02 12:53:38,165 - INFO - Thread 23740 - Sessão 1 - Verificando link com texto: 20/10/24
2025-05-02 12:53:38,165 - INFO - Thread 28076 - Sessão 2 - Verificando link com texto: 1010435254645
2025-05-02 12:53:38,166 - INFO - Thread 22464 - Sessão 3 - Verificando link com texto: 49.086.988 LUAN DE SOUSA FREIRE SINTICLEPEMP
2025-05-02 12:53:38,166 - INFO - Thread 23740 - Sessão 1 - Verificando link com texto: 924,41
2025-05-02 12:53:38,166 - INFO - Thread 28076 - Sessão 2 - Verificando link com texto: 20/08/24
2025-05-02 12:53:38,166 - INFO - Thread 22464 - Sessão 3 - Verificando link com texto: 1010461018392
2025-05-02 12:53:38,167 - INFO - Thread 23740 - Sessão 1 - Verificando link com texto: 0DTY7
2025-05-02 12:53:38,167 - INFO - Thread 28076 - Sessão 2 - Verificando link com texto: 840,36
2025-05-02 12:53:38,167 - INFO - Thread 22464 - Sessão 3 - Verificando link com texto: 20/10/24
2025-05-02 12:53:38,167 - INFO - Thread 23740 - Sessão 1 - Verificando link com texto: 37.233.759 MARIA GENEROZA H SECUNDES SINTICLEPEMP
2025-05-02 12:53:38,168 - INFO - Thread 28076 - Sessão 2 - Verificando link com texto: 0CPDD
2025-05-02 12:53:38,168 - INFO - Thread 22464 - Sessão 3 - Verificando link com texto: 1470,63
2025-05-02 12:53:38,169 - INFO - Thread 23740 - Sessão 1 - Verificando link com texto: 28141000021814795
2025-05-02 12:53:38,169 - INFO - Thread 28076 - Sessão 2 - Verificando link com texto: 44.537.597 EVANIA FERREIRA DA SILVA SINTICLEPEMP
2025-05-02 12:53:38,169 - INFO - Thread 22464 - Sessão 3 - Verificando link com texto: 0CIX1
2025-05-02 12:53:38,170 - INFO - Thread 23740 - Sessão 1 - Verificando link com texto: 20/09/24
2025-05-02 12:53:38,170 - INFO - Thread 28076 - Sessão 2 - Verificando link com texto: 1010425802801
2025-05-02 12:53:38,170 - INFO - Thread 22464 - Sessão 3 - Verificando link com texto: 49.086.988 LUAN DE SOUSA FREIRE SINTICLEPEMP
2025-05-02 12:53:38,171 - INFO - Thread 23740 - Sessão 1 - Verificando link com texto: 924,41
2025-05-02 12:53:38,171 - INFO - Thread 28076 - Sessão 2 - Verificando link com texto: 20/07/24
2025-05-02 12:53:38,171 - INFO - Thread 22464 - Sessão 3 - Verificando link com texto: 1010447316861
2025-05-02 12:53:38,171 - INFO - Thread 23740 - Sessão 1 - Verificando link com texto: 0DTY7
2025-05-02 12:53:38,171 - INFO - Thread 28076 - Sessão 2 - Verificando link com texto: 840,36
2025-05-02 12:53:38,172 - INFO - Thread 22464 - Sessão 3 - Verificando link com texto: 20/09/24
2025-05-02 12:53:38,172 - INFO - Thread 23740 - Sessão 1 - Verificando link com texto: 37.233.759 MARIA GENEROZA H SECUNDES SINTICLEPEMP
2025-05-02 12:53:38,172 - INFO - Thread 28076 - Sessão 2 - Verificando link com texto: 0CPDD
2025-05-02 12:53:38,173 - INFO - Thread 22464 - Sessão 3 - Verificando link com texto: 1470,63
2025-05-02 12:53:38,173 - INFO - Thread 23740 - Sessão 1 - Verificando link com texto: 28141000021787832
2025-05-02 12:53:38,173 - INFO - Thread 28076 - Sessão 2 - Verificando link com texto: 44.537.597 EVANIA FERREIRA DA SILVA SINTICLEPEMP
2025-05-02 12:53:38,174 - INFO - Thread 22464 - Sessão 3 - Verificando link com texto: 0CIX1
2025-05-02 12:53:38,174 - INFO - Thread 23740 - Sessão 1 - Verificando link com texto: 20/08/24
2025-05-02 12:53:38,174 - INFO - Thread 28076 - Sessão 2 - Verificando link com texto: 1010413641816
2025-05-02 12:53:38,175 - INFO - Thread 22464 - Sessão 3 - Verificando link com texto: 49.086.988 LUAN DE SOUSA FREIRE SINTICLEPEMP
2025-05-02 12:53:38,175 - INFO - Thread 23740 - Sessão 1 - Verificando link com texto: 924,41
2025-05-02 12:53:38,175 - INFO - Thread 28076 - Sessão 2 - Verificando link com texto: 20/06/24
2025-05-02 12:53:38,176 - INFO - Thread 22464 - Sessão 3 - Verificando link com texto: 1010435252200
2025-05-02 12:53:38,176 - INFO - Thread 23740 - Sessão 1 - Verificando link com texto: 0DTY7
2025-05-02 12:53:38,176 - INFO - Thread 28076 - Sessão 2 - Verificando link com texto: 840,36
2025-05-02 12:53:38,176 - INFO - Thread 22464 - Sessão 3 - Verificando link com texto: 20/08/24
2025-05-02 12:53:38,177 - INFO - Thread 23740 - Sessão 1 - Verificando link com texto: 37.233.759 MARIA GENEROZA H SECUNDES SINTICLEPEMP
2025-05-02 12:53:38,177 - INFO - Thread 28076 - Sessão 2 - Verificando link com texto: 0CPDD
2025-05-02 12:53:38,177 - INFO - Thread 22464 - Sessão 3 - Verificando link com texto: 1470,63
2025-05-02 12:53:38,178 - INFO - Thread 23740 - Sessão 1 - Verificando link com texto: 28141000021761826
2025-05-02 12:53:38,178 - INFO - Thread 28076 - Sessão 2 - Verificando link com texto: 44.537.597 EVANIA FERREIRA DA SILVA SINTICLEPEMP
2025-05-02 12:53:38,178 - INFO - Thread 22464 - Sessão 3 - Verificando link com texto: 0CIX1
2025-05-02 12:53:38,179 - INFO - Thread 23740 - Sessão 1 - Verificando link com texto: 20/07/24
2025-05-02 12:53:38,179 - INFO - Thread 28076 - Sessão 2 - Verificando link com texto: 1010402394405
2025-05-02 12:53:38,179 - INFO - Thread 22464 - Sessão 3 - Verificando link com texto: 49.086.988 LUAN DE SOUSA FREIRE SINTICLEPEMP
2025-05-02 12:53:38,179 - INFO - Thread 23740 - Sessão 1 - Verificando link com texto: 924,41
2025-05-02 12:53:38,180 - INFO - Thread 23740 - Sessão 1 - Verificando link com texto: 0DTY7
2025-05-02 12:53:38,180 - INFO - Thread 23740 - Sessão 1 - Verificando link com texto: 37.233.759 MARIA GENEROZA H SECUNDES SINTICLEPEMP
2025-05-02 12:53:38,181 - INFO - Thread 23740 - Sessão 1 - Verificando link com texto: 28141000021732486
2025-05-02 12:53:38,180 - INFO - Thread 22464 - Sessão 3 - Verificando link com texto: 1010425800329
2025-05-02 12:53:38,180 - INFO - Thread 28076 - Sessão 2 - Verificando link com texto: 20/05/24
2025-05-02 12:53:38,181 - INFO - Thread 23740 - Sessão 1 - Verificando link com texto: 20/06/24
2025-05-02 12:53:38,181 - INFO - Thread 22464 - Sessão 3 - Verificando link com texto: 20/07/24
2025-05-02 12:53:38,182 - INFO - Thread 28076 - Sessão 2 - Verificando link com texto: 894,8
2025-05-02 12:53:38,182 - INFO - Thread 23740 - Sessão 1 - Verificando link com texto: 924,41
2025-05-02 12:53:38,182 - INFO - Thread 22464 - Sessão 3 - Verificando link com texto: 1470,63
2025-05-02 12:53:38,183 - INFO - Thread 28076 - Sessão 2 - Verificando link com texto: 0CPDD
2025-05-02 12:53:38,183 - INFO - Thread 23740 - Sessão 1 - Verificando link com texto: 0DTY7
2025-05-02 12:53:38,183 - INFO - Thread 22464 - Sessão 3 - Verificando link com texto: 0CIX1
2025-05-02 12:53:38,184 - INFO - Thread 28076 - Sessão 2 - Verificando link com texto: 44.537.597 EVANIA FERREIRA DA SILVA SINTICLEPEMP
2025-05-02 12:53:38,184 - INFO - Thread 23740 - Sessão 1 - Verificando link com texto: 37.233.759 MARIA GENEROZA H SECUNDES SINTICLEPEMP
2025-05-02 12:53:38,184 - INFO - Thread 22464 - Sessão 3 - Verificando link com texto: 49.086.988 LUAN DE SOUSA FREIRE SINTICLEPEMP
2025-05-02 12:53:38,185 - INFO - Thread 28076 - Sessão 2 - Verificando link com texto: 1010393542621
2025-05-02 12:53:38,185 - INFO - Thread 23740 - Sessão 1 - Verificando link com texto: 28141000021704712
2025-05-02 12:53:38,185 - INFO - Thread 22464 - Sessão 3 - Verificando link com texto: 1010413639420
2025-05-02 12:53:38,186 - INFO - Thread 28076 - Sessão 2 - Verificando link com texto: 20/04/24
2025-05-02 12:53:38,186 - INFO - Thread 23740 - Sessão 1 - Verificando link com texto: 20/05/24
2025-05-02 12:53:38,187 - INFO - Thread 22464 - Sessão 3 - Verificando link com texto: 20/06/24
2025-05-02 12:53:38,187 - INFO - Thread 28076 - Sessão 2 - Verificando link com texto: 771
2025-05-02 12:53:38,187 - INFO - Thread 23740 - Sessão 1 - Verificando link com texto: 984,3
2025-05-02 12:53:38,187 - INFO - Thread 22464 - Sessão 3 - Verificando link com texto: 1470,63
2025-05-02 12:53:38,187 - INFO - Thread 28076 - Sessão 2 - Verificando link com texto: 0CPDD
2025-05-02 12:53:38,188 - INFO - Thread 23740 - Sessão 1 - Verificando link com texto: 0DTY7
2025-05-02 12:53:38,188 - INFO - Thread 22464 - Sessão 3 - Verificando link com texto: 0CIX1
2025-05-02 12:53:38,188 - INFO - Thread 28076 - Sessão 2 - Verificando link com texto: 44.537.597 EVANIA FERREIRA DA SILVA SINTICLEPEMP
2025-05-02 12:53:38,188 - INFO - Thread 23740 - Sessão 1 - Verificando link com texto: 37.233.759 MARIA GENEROZA H SECUNDES SINTICLEPEMP
2025-05-02 12:53:38,189 - INFO - Thread 22464 - Sessão 3 - Verificando link com texto: 49.086.988 LUAN DE SOUSA FREIRE SINTICLEPEMP
2025-05-02 12:53:38,189 - INFO - Thread 28076 - Sessão 2 - Verificando link com texto: 1010380493481
2025-05-02 12:53:38,189 - INFO - Thread 23740 - Sessão 1 - Verificando link com texto: 28141000021679898
2025-05-02 12:53:38,190 - INFO - Thread 22464 - Sessão 3 - Verificando link com texto: 1010402391970
2025-05-02 12:53:38,190 - INFO - Thread 28076 - Sessão 2 - Verificando link com texto: 20/03/24
2025-05-02 12:53:38,190 - INFO - Thread 23740 - Sessão 1 - Verificando link com texto: 20/04/24
2025-05-02 12:53:38,191 - INFO - Thread 22464 - Sessão 3 - Verificando link com texto: 20/05/24
2025-05-02 12:53:38,191 - INFO - Thread 28076 - Sessão 2 - Verificando link com texto: 771
2025-05-02 12:53:38,191 - INFO - Thread 23740 - Sessão 1 - Verificando link com texto: 848,1
2025-05-02 12:53:38,192 - INFO - Thread 22464 - Sessão 3 - Verificando link com texto: 1565,9
2025-05-02 12:53:38,192 - INFO - Thread 28076 - Sessão 2 - Verificando link com texto: 0CPDD
2025-05-02 12:53:38,192 - INFO - Thread 23740 - Sessão 1 - Verificando link com texto: 0DTY7
2025-05-02 12:53:38,192 - INFO - Thread 22464 - Sessão 3 - Verificando link com texto: 0CIX1
2025-05-02 12:53:38,193 - INFO - Thread 28076 - Sessão 2 - Verificando link com texto: 44.537.597 EVANIA FERREIRA DA SILVA SINTICLEPEMP
2025-05-02 12:53:38,193 - INFO - Thread 23740 - Sessão 1 - Verificando link com texto: 37.233.759 MARIA GENEROZA H SECUNDES SINTICLEPEMP
2025-05-02 12:53:38,193 - INFO - Thread 22464 - Sessão 3 - Verificando link com texto: 49.086.988 LUAN DE SOUSA FREIRE SINTICLEPEMP
2025-05-02 12:53:38,194 - INFO - Thread 28076 - Sessão 2 - Verificando link com texto: 1010368370200
2025-05-02 12:53:38,194 - INFO - Thread 23740 - Sessão 1 - Verificando link com texto: 28141000021651692
2025-05-02 12:53:38,194 - INFO - Thread 22464 - Sessão 3 - Verificando link com texto: 1010393540041
2025-05-02 12:53:38,195 - INFO - Thread 28076 - Sessão 2 - Verificando link com texto: 20/02/24
2025-05-02 12:53:38,195 - INFO - Thread 23740 - Sessão 1 - Verificando link com texto: 20/03/24
2025-05-02 12:53:38,195 - INFO - Thread 22464 - Sessão 3 - Verificando link com texto: 20/04/24
2025-05-02 12:53:38,195 - INFO - Thread 28076 - Sessão 2 - Verificando link com texto: 924,72
2025-05-02 12:53:38,196 - INFO - Thread 23740 - Sessão 1 - Verificando link com texto: 848,1
2025-05-02 12:53:38,197 - INFO - Thread 23740 - Sessão 1 - Verificando link com texto: 0DTY7
2025-05-02 12:53:38,196 - INFO - Thread 28076 - Sessão 2 - Verificando link com texto: 0CPDD
2025-05-02 12:53:38,196 - INFO - Thread 22464 - Sessão 3 - Verificando link com texto: 1349,25
2025-05-02 12:53:38,198 - INFO - Thread 23740 - Sessão 1 - Verificando link com texto: 37.233.759 MARIA GENEROZA H SECUNDES SINTICLEPEMP
2025-05-02 12:53:38,198 - INFO - Thread 28076 - Sessão 2 - Verificando link com texto: 44.537.597 EVANIA FERREIRA DA SILVA SINTICLEPEMP
2025-05-02 12:53:38,199 - INFO - Thread 22464 - Sessão 3 - Verificando link com texto: 0CIX1
2025-05-02 12:53:38,199 - INFO - Thread 23740 - Sessão 1 - Verificando link com texto: 28141000021624463
2025-05-02 12:53:38,199 - INFO - Thread 28076 - Sessão 2 - Verificando link com texto: 1010360940555
2025-05-02 12:53:38,199 - INFO - Thread 22464 - Sessão 3 - Verificando link com texto: 49.086.988 LUAN DE SOUSA FREIRE SINTICLEPEMP
2025-05-02 12:53:38,200 - INFO - Thread 23740 - Sessão 1 - Verificando link com texto: 20/02/24
2025-05-02 12:53:38,200 - INFO - Thread 28076 - Sessão 2 - Verificando link com texto: 20/01/24
2025-05-02 12:53:38,200 - INFO - Thread 22464 - Sessão 3 - Verificando link com texto: 1010380490717
2025-05-02 12:53:38,201 - INFO - Thread 23740 - Sessão 1 - Verificando link com texto: 1017,2
2025-05-02 12:53:38,201 - INFO - Thread 28076 - Sessão 2 - Verificando link com texto: 771
2025-05-02 12:53:38,201 - INFO - Thread 22464 - Sessão 3 - Verificando link com texto: 20/03/24
2025-05-02 12:53:38,201 - INFO - Thread 23740 - Sessão 1 - Verificando link com texto: 0DTY7
2025-05-02 12:53:38,202 - INFO - Thread 28076 - Sessão 2 - Verificando link com texto: 0CPDD
2025-05-02 12:53:38,202 - INFO - Thread 22464 - Sessão 3 - Verificando link com texto: 1349,25
2025-05-02 12:53:38,202 - INFO - Thread 23740 - Sessão 1 - Verificando link com texto: 37.233.759 MARIA GENEROZA H SECUNDES SINTICLEPEMP
2025-05-02 12:53:38,202 - INFO - Thread 28076 - Sessão 2 - Verificando link com texto: 44.537.597 EVANIA FERREIRA DA SILVA SINTICLEPEMP
2025-05-02 12:53:38,203 - INFO - Thread 22464 - Sessão 3 - Verificando link com texto: 0CIX1
2025-05-02 12:53:38,203 - INFO - Thread 23740 - Sessão 1 - Verificando link com texto: 28141000021604275
2025-05-02 12:53:38,203 - INFO - Thread 28076 - Sessão 2 - Verificando link com texto: 1010347715349
2025-05-02 12:53:38,204 - INFO - Thread 22464 - Sessão 3 - Verificando link com texto: 49.086.988 LUAN DE SOUSA FREIRE SINTICLEPEMP
2025-05-02 12:53:38,204 - INFO - Thread 23740 - Sessão 1 - Verificando link com texto: 20/01/24
2025-05-02 12:53:38,205 - INFO - Thread 28076 - Sessão 2 - Verificando link com texto: 20/12/23
2025-05-02 12:53:38,205 - INFO - Thread 22464 - Sessão 3 - Verificando link com texto: 1010368367099
2025-05-02 12:53:38,205 - INFO - Thread 23740 - Sessão 1 - Verificando link com texto: 848,1
2025-05-02 12:53:38,206 - INFO - Thread 28076 - Sessão 2 - Verificando link com texto: 1119
2025-05-02 12:53:38,206 - INFO - Thread 22464 - Sessão 3 - Verificando link com texto: 20/02/24
2025-05-02 12:53:38,206 - INFO - Thread 23740 - Sessão 1 - Verificando link com texto: 0DTY7
2025-05-02 12:53:38,206 - INFO - Thread 28076 - Sessão 2 - Verificando link com texto: 0CPDD
2025-05-02 12:53:38,206 - INFO - Thread 22464 - Sessão 3 - Verificando link com texto: 1618,26
2025-05-02 12:53:38,207 - INFO - Thread 23740 - Sessão 1 - Verificando link com texto: 37.233.759 MARIA GENEROZA H SECUNDES SINTICLEPEMP
2025-05-02 12:53:38,207 - INFO - Thread 28076 - Sessão 2 - Verificando link com texto: 44.537.597 EVANIA FERREIRA DA SILVA SINTICLEPEMP
2025-05-02 12:53:38,207 - INFO - Thread 22464 - Sessão 3 - Verificando link com texto: 0CIX1
2025-05-02 12:53:38,208 - INFO - Thread 23740 - Sessão 1 - Verificando link com texto: 28141000021573441
2025-05-02 12:53:38,208 - INFO - Thread 28076 - Sessão 2 - Verificando link com texto: 1010336992508
2025-05-02 12:53:38,208 - INFO - Thread 22464 - Sessão 3 - Verificando link com texto: 49.086.988 LUAN DE SOUSA FREIRE SINTICLEPEMP
2025-05-02 12:53:38,209 - INFO - Thread 23740 - Sessão 1 - Verificando link com texto: 20/12/23
2025-05-02 12:53:38,209 - INFO - Thread 28076 - Sessão 2 - Verificando link com texto: 20/11/23
2025-05-02 12:53:38,209 - INFO - Thread 22464 - Sessão 3 - Verificando link com texto: 1010360937376
2025-05-02 12:53:38,209 - INFO - Thread 23740 - Sessão 1 - Verificando link com texto: 848,1
2025-05-02 12:53:38,210 - INFO - Thread 28076 - Sessão 2 - Verificando link com texto: 385,5
2025-05-02 12:53:38,210 - INFO - Thread 22464 - Sessão 3 - Verificando link com texto: 20/01/24
2025-05-02 12:53:38,210 - INFO - Thread 23740 - Sessão 1 - Verificando link com texto: 0DTY7
2025-05-02 12:53:38,210 - INFO - Thread 28076 - Sessão 2 - Verificando link com texto: 0CPDD
2025-05-02 12:53:38,211 - INFO - Thread 22464 - Sessão 3 - Verificando link com texto: 1349,25
2025-05-02 12:53:38,211 - INFO - Thread 23740 - Sessão 1 - Verificando link com texto: 37.233.759 MARIA GENEROZA H SECUNDES SINTICLEPEMP
2025-05-02 12:53:38,211 - INFO - Thread 28076 - Sessão 2 - Verificando link com texto: 44.537.597 EVANIA FERREIRA DA SILVA SINTICLEPEMP
2025-05-02 12:53:38,212 - INFO - Thread 22464 - Sessão 3 - Verificando link com texto: 0CIX1
2025-05-02 12:53:38,212 - INFO - Thread 23740 - Sessão 1 - Verificando link com texto: 28141000021545594
2025-05-02 12:53:38,212 - INFO - Thread 28076 - Sessão 2 - Verificando link com texto: 1010326186835
2025-05-02 12:53:38,213 - INFO - Thread 22464 - Sessão 3 - Verificando link com texto: 49.086.988 LUAN DE SOUSA FREIRE SINTICLEPEMP
2025-05-02 12:53:38,213 - INFO - Thread 23740 - Sessão 1 - Verificando link com texto: 20/11/23
2025-05-02 12:53:38,213 - INFO - Thread 28076 - Sessão 2 - Verificando link com texto: 20/10/23
2025-05-02 12:53:38,214 - INFO - Thread 22464 - Sessão 3 - Verificando link com texto: 1010347712110
2025-05-02 12:53:38,214 - INFO - Thread 22464 - Sessão 3 - Verificando link com texto: 20/12/23
2025-05-02 12:53:38,214 - INFO - Thread 23740 - Sessão 1 - Verificando link com texto: 848,1
2025-05-02 12:53:38,214 - INFO - Thread 28076 - Sessão 2 - Verificando link com texto: 385,5
2025-05-02 12:53:38,215 - INFO - Thread 22464 - Sessão 3 - Verificando link com texto: 1349,25
2025-05-02 12:53:38,215 - INFO - Thread 23740 - Sessão 1 - Verificando link com texto: 0DTY7
2025-05-02 12:53:38,215 - INFO - Thread 28076 - Sessão 2 - Verificando link com texto: 0CPDD
2025-05-02 12:53:38,216 - INFO - Thread 22464 - Sessão 3 - Verificando link com texto: 0CIX1
2025-05-02 12:53:38,216 - INFO - Thread 23740 - Sessão 1 - Verificando link com texto: 37.233.759 MARIA GENEROZA H SECUNDES SINTICLEPEMP
2025-05-02 12:53:38,216 - INFO - Thread 28076 - Sessão 2 - Verificando link com texto: 44.537.597 EVANIA FERREIRA DA SILVA SINTICLEPEMP
2025-05-02 12:53:38,216 - INFO - Thread 22464 - Sessão 3 - Verificando link com texto: 49.086.988 LUAN DE SOUSA FREIRE SINTICLEPEMP
2025-05-02 12:53:38,216 - INFO - Thread 23740 - Sessão 1 - Verificando link com texto: 28141000021519067
2025-05-02 12:53:38,216 - INFO - Thread 28076 - Sessão 2 - Verificando link com texto: 1010314586698
2025-05-02 12:53:38,217 - INFO - Thread 22464 - Sessão 3 - Verificando link com texto: 1010336989175
2025-05-02 12:53:38,217 - INFO - Thread 23740 - Sessão 1 - Verificando link com texto: 20/10/23
2025-05-02 12:53:38,217 - INFO - Thread 28076 - Sessão 2 - Verificando link com texto: 20/09/23
2025-05-02 12:53:38,217 - INFO - Thread 22464 - Sessão 3 - Verificando link com texto: 20/11/23
2025-05-02 12:53:38,218 - INFO - Thread 23740 - Sessão 1 - Verificando link com texto: 848,1
2025-05-02 12:53:38,218 - INFO - Thread 28076 - Sessão 2 - Verificando link com texto: 385,5
2025-05-02 12:53:38,218 - INFO - Thread 22464 - Sessão 3 - Verificando link com texto: 1349,25
2025-05-02 12:53:38,218 - INFO - Thread 23740 - Sessão 1 - Verificando link com texto: 0DTY7
2025-05-02 12:53:38,219 - INFO - Thread 28076 - Sessão 2 - Verificando link com texto: 0CPDD
2025-05-02 12:53:38,219 - INFO - Thread 22464 - Sessão 3 - Verificando link com texto: 0CIX1
2025-05-02 12:53:38,219 - INFO - Thread 23740 - Sessão 1 - Verificando link com texto: 37.233.759 MARIA GENEROZA H SECUNDES SINTICLEPEMP
2025-05-02 12:53:38,219 - INFO - Thread 28076 - Sessão 2 - Verificando link com texto: 44.537.597 EVANIA FERREIRA DA SILVA SINTICLEPEMP
2025-05-02 12:53:38,220 - INFO - Thread 22464 - Sessão 3 - Verificando link com texto: 49.086.988 LUAN DE SOUSA FREIRE SINTICLEPEMP
2025-05-02 12:53:38,220 - INFO - Thread 23740 - Sessão 1 - Verificando link com texto: 28141000021488753
2025-05-02 12:53:38,220 - INFO - Thread 28076 - Sessão 2 - Verificando link com texto: 1010304987894
2025-05-02 12:53:38,221 - INFO - Thread 22464 - Sessão 3 - Verificando link com texto: 1010326183488
2025-05-02 12:53:38,221 - INFO - Thread 23740 - Sessão 1 - Verificando link com texto: 20/09/23
2025-05-02 12:53:38,221 - INFO - Thread 28076 - Sessão 2 - Verificando link com texto: 20/08/23
2025-05-02 12:53:38,221 - INFO - Thread 22464 - Sessão 3 - Verificando link com texto: 20/10/23
2025-05-02 12:53:38,222 - INFO - Thread 23740 - Sessão 1 - Verificando link com texto: 848,1
2025-05-02 12:53:38,222 - INFO - Thread 28076 - Sessão 2 - Verificando link com texto: 385,5
2025-05-02 12:53:38,222 - INFO - Thread 22464 - Sessão 3 - Verificando link com texto: 2199,45
2025-05-02 12:53:38,222 - INFO - Thread 23740 - Sessão 1 - Verificando link com texto: 0DTY7
2025-05-02 12:53:38,223 - INFO - Thread 28076 - Sessão 2 - Verificando link com texto: 0CPDD
2025-05-02 12:53:38,223 - INFO - Thread 22464 - Sessão 3 - Verificando link com texto: 0CIX1
2025-05-02 12:53:38,223 - INFO - Thread 23740 - Sessão 1 - Verificando link com texto: 37.233.759 MARIA GENEROZA H SECUNDES SINTICLEPEMP
2025-05-02 12:53:38,223 - INFO - Thread 28076 - Sessão 2 - Verificando link com texto: 44.537.597 EVANIA FERREIRA DA SILVA SINTICLEPEMP
2025-05-02 12:53:38,223 - INFO - Thread 22464 - Sessão 3 - Verificando link com texto: 49.086.988 LUAN DE SOUSA FREIRE SINTICLEPEMP
2025-05-02 12:53:38,224 - INFO - Thread 23740 - Sessão 1 - Verificando link com texto: 28141000021463491
2025-05-02 12:53:38,224 - INFO - Thread 28076 - Sessão 2 - Verificando link com texto: 1010293090087
2025-05-02 12:53:38,224 - INFO - Thread 22464 - Sessão 3 - Verificando link com texto: 1010314583281
2025-05-02 12:53:38,224 - INFO - Thread 23740 - Sessão 1 - Verificando link com texto: 20/08/23
2025-05-02 12:53:38,225 - INFO - Thread 28076 - Sessão 2 - Verificando link com texto: 20/07/23
2025-05-02 12:53:38,225 - INFO - Thread 22464 - Sessão 3 - Verificando link com texto: 20/09/23
2025-05-02 12:53:38,225 - INFO - Thread 23740 - Sessão 1 - Verificando link com texto: 848,1
2025-05-02 12:53:38,226 - INFO - Thread 28076 - Sessão 2 - Verificando link com texto: 385,5
2025-05-02 12:53:38,226 - INFO - Thread 22464 - Sessão 3 - Verificando link com texto: 578,25
2025-05-02 12:53:38,226 - INFO - Thread 23740 - Sessão 1 - Verificando link com texto: 0DTY7
2025-05-02 12:53:38,227 - INFO - Thread 28076 - Sessão 2 - Verificando link com texto: 0CPDD
2025-05-02 12:53:38,227 - INFO - Thread 22464 - Sessão 3 - Verificando link com texto: 0CIX1
2025-05-02 12:53:38,227 - INFO - Thread 23740 - Sessão 1 - Verificando link com texto: 37.233.759 MARIA GENEROZA H SECUNDES SINTICLEPEMP
2025-05-02 12:53:38,227 - INFO - Thread 28076 - Sessão 2 - Verificando link com texto: 44.537.597 EVANIA FERREIRA DA SILVA SINTICLEPEMP
2025-05-02 12:53:38,228 - INFO - Thread 22464 - Sessão 3 - Verificando link com texto: 49.086.988 LUAN DE SOUSA FREIRE SINTICLEPEMP
2025-05-02 12:53:38,228 - INFO - Thread 23740 - Sessão 1 - Verificando link com texto: 28141000021434148
2025-05-02 12:53:38,228 - INFO - Thread 28076 - Sessão 2 - Verificando link com texto: 1010282597096
2025-05-02 12:53:38,228 - INFO - Thread 22464 - Sessão 3 - Verificando link com texto: 1010304984364
2025-05-02 12:53:38,229 - INFO - Thread 23740 - Sessão 1 - Verificando link com texto: 10/07/23
2025-05-02 12:53:38,229 - INFO - Thread 28076 - Sessão 2 - Verificando link com texto: 20/06/23
2025-05-02 12:53:38,229 - INFO - Thread 22464 - Sessão 3 - Verificando link com texto: 20/08/23
2025-05-02 12:53:38,230 - INFO - Thread 23740 - Sessão 1 - Verificando link com texto: 848,1
2025-05-02 12:53:38,230 - INFO - Thread 28076 - Sessão 2 - Verificando link com texto: 385,5
2025-05-02 12:53:38,231 - INFO - Thread 28076 - Sessão 2 - Verificando link com texto: 0CPDD
2025-05-02 12:53:38,231 - INFO - Thread 28076 - Sessão 2 - Verificando link com texto: 44.537.597 EVANIA FERREIRA DA SILVA SINTICLEPEMP
2025-05-02 12:53:38,231 - INFO - Thread 23740 - Sessão 1 - Verificando link com texto: 0DTY7
2025-05-02 12:53:38,231 - INFO - Thread 22464 - Sessão 3 - Verificando link com texto: 578,25
2025-05-02 12:53:38,232 - INFO - Thread 28076 - Sessão 2 - Verificando link com texto: 1010272478817
2025-05-02 12:53:38,232 - INFO - Thread 23740 - Sessão 1 - Verificando link com texto: 37.233.759 MARIA GENEROZA H SECUNDES SINTICLEPEMP
2025-05-02 12:53:38,232 - INFO - Thread 22464 - Sessão 3 - Verificando link com texto: 0CIX1
2025-05-02 12:53:38,232 - INFO - Thread 28076 - Sessão 2 - Verificando link com texto: 20/05/23
2025-05-02 12:53:38,233 - INFO - Thread 22464 - Sessão 3 - Verificando link com texto: 49.086.988 LUAN DE SOUSA FREIRE SINTICLEPEMP
2025-05-02 12:53:38,233 - INFO - Thread 23740 - Sessão 1 - Verificando link com texto: 28141000021423401
2025-05-02 12:53:38,233 - INFO - Thread 28076 - Sessão 2 - Verificando link com texto: 472,34
2025-05-02 12:53:38,233 - INFO - Thread 22464 - Sessão 3 - Verificando link com texto: 1010293086403
2025-05-02 12:53:38,234 - INFO - Thread 23740 - Sessão 1 - Verificando link com texto: 10/06/23
2025-05-02 12:53:38,234 - INFO - Thread 28076 - Sessão 2 - Verificando link com texto: 0CPDD
2025-05-02 12:53:38,234 - INFO - Thread 22464 - Sessão 3 - Verificando link com texto: 20/07/23
2025-05-02 12:53:38,234 - INFO - Thread 23740 - Sessão 1 - Verificando link com texto: 927,3
2025-05-02 12:53:38,235 - INFO - Thread 28076 - Sessão 2 - Verificando link com texto: 44.537.597 EVANIA FERREIRA DA SILVA SINTICLEPEMP
2025-05-02 12:53:38,235 - INFO - Thread 22464 - Sessão 3 - Verificando link com texto: 578,25
2025-05-02 12:53:38,235 - ERROR - Thread 23740 - Sessão 1 - Data de vencimento 20/05/25 não encontrada. Datas disponíveis: ['0DTY7', '37.233.759 MARIA GENEROZA H SECUNDES SINTICLEPEMP', '28141000021976197', '20/04/25', '1134,5', '0DTY7', '37.233.759 MARIA GENEROZA H SECUNDES SINTICLEPEMP', '28141000021956316', '20/03/25', '1134,5', '0DTY7', '37.233.759 MARIA GENEROZA H SECUNDES SINTICLEPEMP', '28141000021930377', '20/02/25', '1317,15', '0DTY7', '37.233.759 MARIA GENEROZA H SECUNDES SINTICLEPEMP', '28141000021908626', '20/01/25', '924,41', '0DTY7', '37.233.759 MARIA GENEROZA H SECUNDES SINTICLEPEMP', '28141000021887251', '20/12/24', '924,41', '0DTY7', '37.233.759 MARIA GENEROZA H SECUNDES SINTICLEPEMP', '28141000021864258', '20/11/24', '924,41', '0DTY7', '37.233.759 MARIA GENEROZA H SECUNDES SINTICLEPEMP', '28141000021842190', '20/10/24', '924,41', '0DTY7', '37.233.759 MARIA GENEROZA H SECUNDES SINTICLEPEMP', '28141000021814795', '20/09/24', '924,41', '0DTY7', '37.233.759 MARIA GENEROZA H SECUNDES SINTICLEPEMP', '28141000021787832', '20/08/24', '924,41', '0DTY7', '37.233.759 MARIA GENEROZA H SECUNDES SINTICLEPEMP', '28141000021761826', '20/07/24', '924,41', '0DTY7', '37.233.759 MARIA GENEROZA H SECUNDES SINTICLEPEMP', '28141000021732486', '20/06/24', '924,41', '0DTY7', '37.233.759 MARIA GENEROZA H SECUNDES SINTICLEPEMP', '28141000021704712', '20/05/24', '984,3', '0DTY7', '37.233.759 MARIA GENEROZA H SECUNDES SINTICLEPEMP', '28141000021679898', '20/04/24', '848,1', '0DTY7', '37.233.759 MARIA GENEROZA H SECUNDES SINTICLEPEMP', '28141000021651692', '20/03/24', '848,1', '0DTY7', '37.233.759 MARIA GENEROZA H SECUNDES SINTICLEPEMP', '28141000021624463', '20/02/24', '1017,2', '0DTY7', '37.233.759 MARIA GENEROZA H SECUNDES SINTICLEPEMP', '28141000021604275', '20/01/24', '848,1', '0DTY7', '37.233.759 MARIA GENEROZA H SECUNDES SINTICLEPEMP', '28141000021573441', '20/12/23', '848,1', '0DTY7', '37.233.759 MARIA GENEROZA H SECUNDES SINTICLEPEMP', '28141000021545594', '20/11/23', '848,1', '0DTY7', '37.233.759 MARIA GENEROZA H SECUNDES SINTICLEPEMP', '28141000021519067', '20/10/23', '848,1', '0DTY7', '37.233.759 MARIA GENEROZA H SECUNDES SINTICLEPEMP', '28141000021488753', '20/09/23', '848,1', '0DTY7', '37.233.759 MARIA GENEROZA H SECUNDES SINTICLEPEMP', '28141000021463491', '20/08/23', '848,1', '0DTY7', '37.233.759 MARIA GENEROZA H SECUNDES SINTICLEPEMP', '28141000021434148', '10/07/23', '848,1', '0DTY7', '37.233.759 MARIA GENEROZA H SECUNDES SINTICLEPEMP', '28141000021423401', '10/06/23', '927,3']
2025-05-02 12:53:38,236 - INFO - Thread 28076 - Sessão 2 - Verificando link com texto: 1010262056650
2025-05-02 12:53:38,236 - INFO - Thread 22464 - Sessão 3 - Verificando link com texto: 0CIX1
2025-05-02 12:53:38,237 - INFO - Thread 28076 - Sessão 2 - Verificando link com texto: 20/04/23
2025-05-02 12:53:38,237 - INFO - Thread 22464 - Sessão 3 - Verificando link com texto: 49.086.988 LUAN DE SOUSA FREIRE SINTICLEPEMP
2025-05-02 12:53:38,237 - INFO - Thread 28076 - Sessão 2 - Verificando link com texto: 344,2
2025-05-02 12:53:38,237 - INFO - Thread 28940 - Progresso: 1/3 (33%)
2025-05-02 12:53:38,237 - INFO - Thread 22464 - Sessão 3 - Verificando link com texto: 1010282593325
2025-05-02 12:53:38,238 - INFO - Thread 28076 - Sessão 2 - Verificando link com texto: 0CPDD
2025-05-02 12:53:38,238 - INFO - Thread 22464 - Sessão 3 - Verificando link com texto: 20/06/23
2025-05-02 12:53:38,238 - INFO - Thread 28076 - Sessão 2 - Verificando link com texto: 44.537.597 EVANIA FERREIRA DA SILVA SINTICLEPEMP
2025-05-02 12:53:38,239 - INFO - Thread 22464 - Sessão 3 - Verificando link com texto: 578,25
2025-05-02 12:53:38,239 - INFO - Thread 28076 - Sessão 2 - Verificando link com texto: 28141000021153611
2025-05-02 12:53:38,239 - INFO - Thread 22464 - Sessão 3 - Verificando link com texto: 0CIX1
2025-05-02 12:53:38,239 - INFO - Thread 28076 - Sessão 2 - Verificando link com texto: 20/03/23
2025-05-02 12:53:38,240 - INFO - Thread 22464 - Sessão 3 - Verificando link com texto: 49.086.988 LUAN DE SOUSA FREIRE SINTICLEPEMP
2025-05-02 12:53:38,240 - INFO - Thread 28076 - Sessão 2 - Verificando link com texto: 379,56
2025-05-02 12:53:38,240 - INFO - Thread 22464 - Sessão 3 - Verificando link com texto: 1010272474935
2025-05-02 12:53:38,241 - ERROR - Thread 28076 - Sessão 2 - Data de vencimento 20/05/25 não encontrada. Datas disponíveis: ['0CPDD', '44.537.597 EVANIA FERREIRA DA SILVA SINTICLEPEMP', '1010526365865', '20/04/25', '840,36', '0CPDD', '44.537.597 EVANIA FERREIRA DA SILVA SINTICLEPEMP', '1010517416100', '20/03/25', '840,36', '0CPDD', '44.537.597 EVANIA FERREIRA DA SILVA SINTICLEPEMP', '1010502973008', '20/02/25', '840,36', '0CPDD', '44.537.597 EVANIA FERREIRA DA SILVA SINTICLEPEMP', '1010492577407', '20/01/25', '840,36', '0CPDD', '44.537.597 EVANIA FERREIRA DA SILVA SINTICLEPEMP', '1010481536674', '20/12/24', '840,36', '0CPDD', '44.537.597 EVANIA FERREIRA DA SILVA SINTICLEPEMP', '1010468973136', '20/11/24', '840,36', '0CPDD', '44.537.597 EVANIA FERREIRA DA SILVA SINTICLEPEMP', '1010461020753', '20/10/24', '840,36', '0CPDD', '44.537.597 EVANIA FERREIRA DA SILVA SINTICLEPEMP', '1010447319305', '20/09/24', '840,36', '0CPDD', '44.537.597 EVANIA FERREIRA DA SILVA SINTICLEPEMP', '1010435254645', '20/08/24', '840,36', '0CPDD', '44.537.597 EVANIA FERREIRA DA SILVA SINTICLEPEMP', '1010425802801', '20/07/24', '840,36', '0CPDD', '44.537.597 EVANIA FERREIRA DA SILVA SINTICLEPEMP', '1010413641816', '20/06/24', '840,36', '0CPDD', '44.537.597 EVANIA FERREIRA DA SILVA SINTICLEPEMP', '1010402394405', '20/05/24', '894,8', '0CPDD', '44.537.597 EVANIA FERREIRA DA SILVA SINTICLEPEMP', '1010393542621', '20/04/24', '771', '0CPDD', '44.537.597 EVANIA FERREIRA DA SILVA SINTICLEPEMP', '1010380493481', '20/03/24', '771', '0CPDD', '44.537.597 EVANIA FERREIRA DA SILVA SINTICLEPEMP', '1010368370200', '20/02/24', '924,72', '0CPDD', '44.537.597 EVANIA FERREIRA DA SILVA SINTICLEPEMP', '1010360940555', '20/01/24', '771', '0CPDD', '44.537.597 EVANIA FERREIRA DA SILVA SINTICLEPEMP', '1010347715349', '20/12/23', '1119', '0CPDD', '44.537.597 EVANIA FERREIRA DA SILVA SINTICLEPEMP', '1010336992508', '20/11/23', '385,5', '0CPDD', '44.537.597 EVANIA FERREIRA DA SILVA SINTICLEPEMP', '1010326186835', '20/10/23', '385,5', '0CPDD', '44.537.597 EVANIA FERREIRA DA SILVA SINTICLEPEMP', '1010314586698', '20/09/23', '385,5', '0CPDD', '44.537.597 EVANIA FERREIRA DA SILVA SINTICLEPEMP', '1010304987894', '20/08/23', '385,5', '0CPDD', '44.537.597 EVANIA FERREIRA DA SILVA SINTICLEPEMP', '1010293090087', '20/07/23', '385,5', '0CPDD', '44.537.597 EVANIA FERREIRA DA SILVA SINTICLEPEMP', '1010282597096', '20/06/23', '385,5', '0CPDD', '44.537.597 EVANIA FERREIRA DA SILVA SINTICLEPEMP', '1010272478817', '20/05/23', '472,34', '0CPDD', '44.537.597 EVANIA FERREIRA DA SILVA SINTICLEPEMP', '1010262056650', '20/04/23', '344,2', '0CPDD', '44.537.597 EVANIA FERREIRA DA SILVA SINTICLEPEMP', '28141000021153611', '20/03/23', '379,56']
2025-05-02 12:53:38,241 - INFO - Thread 22464 - Sessão 3 - Verificando link com texto: 20/05/23
2025-05-02 12:53:38,242 - INFO - Thread 28940 - Progresso: 2/3 (66%)
2025-05-02 12:53:38,242 - INFO - Thread 22464 - Sessão 3 - Verificando link com texto: 729,18
2025-05-02 12:53:38,242 - INFO - Thread 22464 - Sessão 3 - Verificando link com texto: 0CIX1
2025-05-02 12:53:38,242 - INFO - Thread 22464 - Sessão 3 - Verificando link com texto: 49.086.988 LUAN DE SOUSA FREIRE SINTICLEPEMP
2025-05-02 12:53:38,242 - INFO - Thread 22464 - Sessão 3 - Verificando link com texto: 1010262052990
2025-05-02 12:53:38,242 - INFO - Thread 22464 - Sessão 3 - Verificando link com texto: 20/04/23
2025-05-02 12:53:38,243 - INFO - Thread 22464 - Sessão 3 - Verificando link com texto: 614,29
2025-05-02 12:53:38,243 - INFO - Thread 22464 - Sessão 3 - Verificando link com texto: 0CIX1
2025-05-02 12:53:38,243 - INFO - Thread 22464 - Sessão 3 - Verificando link com texto: 49.086.988 LUAN DE SOUSA FREIRE SINTICLEPEMP
2025-05-02 12:53:38,243 - INFO - Thread 22464 - Sessão 3 - Verificando link com texto: 28141000020799519
2025-05-02 12:53:38,243 - INFO - Thread 22464 - Sessão 3 - Verificando link com texto: 20/03/23
2025-05-02 12:53:38,243 - INFO - Thread 22464 - Sessão 3 - Verificando link com texto: 643,44
2025-05-02 12:53:38,244 - ERROR - Thread 22464 - Sessão 3 - Data de vencimento 20/05/25 não encontrada. Datas disponíveis: ['0CIX1', '49.086.988 LUAN DE SOUSA FREIRE SINTICLEPEMP', '1010526363579', '20/04/25', '1470,63', '0CIX1', '49.086.988 LUAN DE SOUSA FREIRE SINTICLEPEMP', '1010517414018', '20/03/25', '1470,63', '0CIX1', '49.086.988 LUAN DE SOUSA FREIRE SINTICLEPEMP', '1010502970726', '20/02/25', '1470,63', '0CIX1', '49.086.988 LUAN DE SOUSA FREIRE SINTICLEPEMP', '1010492575129', '20/01/25', '1470,63', '0CIX1', '49.086.988 LUAN DE SOUSA FREIRE SINTICLEPEMP', '1010481534388', '20/12/24', '1470,63', '0CIX1', '49.086.988 LUAN DE SOUSA FREIRE SINTICLEPEMP', '1010468970790', '20/11/24', '1470,63', '0CIX1', '49.086.988 LUAN DE SOUSA FREIRE SINTICLEPEMP', '1010461018392', '20/10/24', '1470,63', '0CIX1', '49.086.988 LUAN DE SOUSA FREIRE SINTICLEPEMP', '1010447316861', '20/09/24', '1470,63', '0CIX1', '49.086.988 LUAN DE SOUSA FREIRE SINTICLEPEMP', '1010435252200', '20/08/24', '1470,63', '0CIX1', '49.086.988 LUAN DE SOUSA FREIRE SINTICLEPEMP', '1010425800329', '20/07/24', '1470,63', '0CIX1', '49.086.988 LUAN DE SOUSA FREIRE SINTICLEPEMP', '1010413639420', '20/06/24', '1470,63', '0CIX1', '49.086.988 LUAN DE SOUSA FREIRE SINTICLEPEMP', '1010402391970', '20/05/24', '1565,9', '0CIX1', '49.086.988 LUAN DE SOUSA FREIRE SINTICLEPEMP', '1010393540041', '20/04/24', '1349,25', '0CIX1', '49.086.988 LUAN DE SOUSA FREIRE SINTICLEPEMP', '1010380490717', '20/03/24', '1349,25', '0CIX1', '49.086.988 LUAN DE SOUSA FREIRE SINTICLEPEMP', '1010368367099', '20/02/24', '1618,26', '0CIX1', '49.086.988 LUAN DE SOUSA FREIRE SINTICLEPEMP', '1010360937376', '20/01/24', '1349,25', '0CIX1', '49.086.988 LUAN DE SOUSA FREIRE SINTICLEPEMP', '1010347712110', '20/12/23', '1349,25', '0CIX1', '49.086.988 LUAN DE SOUSA FREIRE SINTICLEPEMP', '1010336989175', '20/11/23', '1349,25', '0CIX1', '49.086.988 LUAN DE SOUSA FREIRE SINTICLEPEMP', '1010326183488', '20/10/23', '2199,45', '0CIX1', '49.086.988 LUAN DE SOUSA FREIRE SINTICLEPEMP', '1010314583281', '20/09/23', '578,25', '0CIX1', '49.086.988 LUAN DE SOUSA FREIRE SINTICLEPEMP', '1010304984364', '20/08/23', '578,25', '0CIX1', '49.086.988 LUAN DE SOUSA FREIRE SINTICLEPEMP', '1010293086403', '20/07/23', '578,25', '0CIX1', '49.086.988 LUAN DE SOUSA FREIRE SINTICLEPEMP', '1010282593325', '20/06/23', '578,25', '0CIX1', '49.086.988 LUAN DE SOUSA FREIRE SINTICLEPEMP', '1010272474935', '20/05/23', '729,18', '0CIX1', '49.086.988 LUAN DE SOUSA FREIRE SINTICLEPEMP', '1010262052990', '20/04/23', '614,29', '0CIX1', '49.086.988 LUAN DE SOUSA FREIRE SINTICLEPEMP', '28141000020799519', '20/03/23', '643,44']
2025-05-02 12:53:38,244 - INFO - Thread 28940 - Progresso: 3/3 (100%)
2025-05-02 12:53:38,272 - INFO - Thread 28940 - Status atualizados no Excel com sucesso
2025-05-02 12:53:38,272 - INFO - Thread 28940 - Extração de notas fiscais concluída
2025-05-02 12:53:38,273 - INFO - Thread 28940 - Subpasta vazia removida: C:\Users\chrys\OneDrive\Desktop\Site\downloads\driver_1
2025-05-02 12:53:38,274 - INFO - Thread 28940 - Subpasta vazia removida: C:\Users\chrys\OneDrive\Desktop\Site\downloads\driver_2
2025-05-02 12:53:38,274 - INFO - Thread 28940 - Subpasta vazia removida: C:\Users\chrys\OneDrive\Desktop\Site\downloads\driver_3
2025-05-02 12:53:38,275 - INFO - Thread 28940 - Subpasta vazia removida: C:\Users\chrys\OneDrive\Desktop\Site\downloads\driver_4
2025-05-02 12:53:38,276 - INFO - Thread 28940 - Subpasta vazia removida: C:\Users\chrys\OneDrive\Desktop\Site\downloads\driver_5
2025-05-02 12:53:38,276 - INFO - Thread 28940 - Subpasta vazia removida: C:\Users\chrys\OneDrive\Desktop\Site\downloads\driver_6
2025-05-02 12:53:38,277 - INFO - Thread 28940 - Subpasta vazia removida: C:\Users\chrys\OneDrive\Desktop\Site\downloads\driver_7
2025-05-02 12:53:38,277 - INFO - Thread 28940 - Subpasta vazia removida: C:\Users\chrys\OneDrive\Desktop\Site\downloads\driver_8
2025-05-02 12:53:38,280 - INFO - Thread 28940 - Sessão 1 fechada com sucesso
2025-05-02 12:53:38,282 - INFO - Thread 28940 - Sessão 2 fechada com sucesso
2025-05-02 12:53:38,284 - INFO - Thread 28940 - Sessão 3 fechada com sucesso
2025-05-02 12:53:38,284 - INFO - Thread 28940 - Sessão 4 fechada com sucesso
2025-05-02 12:53:38,284 - INFO - Thread 28940 - Sessão 5 fechada com sucesso
2025-05-02 12:53:38,284 - INFO - Thread 28940 - Sessão 6 fechada com sucesso
2025-05-02 12:53:38,284 - INFO - Thread 28940 - Sessão 7 fechada com sucesso
2025-05-02 12:53:38,285 - INFO - Thread 28940 - Sessão 8 fechada com sucesso
2025-05-02 12:53:38,285 - INFO - Thread 28940 - Extração de notas fiscais concluída. 6 notas geradas.
2025-05-02 12:53:38,285 - INFO - Thread 28940 - Iniciando extração de relatórios
2025-05-02 12:53:38,285 - INFO - Thread 28940 - Iniciando extração de relatórios Hapvida
2025-05-02 12:53:38,308 - INFO - Thread 28940 - Total de linhas a processar: 3
2025-05-02 12:53:38,309 - INFO - Thread 28940 - Pasta de downloads criada: C:\Users\chrys\OneDrive\Desktop\Site\downloads\driver_1
2025-05-02 12:53:38,309 - INFO - Thread 28940 - Sessão 1 configurada com sucesso
2025-05-02 12:53:38,310 - INFO - Thread 28940 - Pasta de downloads criada: C:\Users\chrys\OneDrive\Desktop\Site\downloads\driver_2
2025-05-02 12:53:38,310 - INFO - Thread 28940 - Sessão 2 configurada com sucesso
2025-05-02 12:53:38,311 - INFO - Thread 28940 - Pasta de downloads criada: C:\Users\chrys\OneDrive\Desktop\Site\downloads\driver_3
2025-05-02 12:53:38,311 - INFO - Thread 28940 - Sessão 3 configurada com sucesso
2025-05-02 12:53:38,312 - INFO - Thread 28940 - Pasta de downloads criada: C:\Users\chrys\OneDrive\Desktop\Site\downloads\driver_4
2025-05-02 12:53:38,313 - INFO - Thread 28940 - Sessão 4 configurada com sucesso
2025-05-02 12:53:38,313 - INFO - Thread 28940 - Pasta de downloads criada: C:\Users\chrys\OneDrive\Desktop\Site\downloads\driver_5
2025-05-02 12:53:38,313 - INFO - Thread 28940 - Sessão 5 configurada com sucesso
2025-05-02 12:53:38,314 - INFO - Thread 28940 - Pasta de downloads criada: C:\Users\chrys\OneDrive\Desktop\Site\downloads\driver_6
2025-05-02 12:53:38,315 - INFO - Thread 28940 - Sessão 6 configurada com sucesso
2025-05-02 12:53:38,316 - INFO - Thread 28940 - Pasta de downloads criada: C:\Users\chrys\OneDrive\Desktop\Site\downloads\driver_7
2025-05-02 12:53:38,316 - INFO - Thread 28940 - Sessão 7 configurada com sucesso
2025-05-02 12:53:38,316 - INFO - Thread 28940 - Pasta de downloads criada: C:\Users\chrys\OneDrive\Desktop\Site\downloads\driver_8
2025-05-02 12:53:38,316 - INFO - Thread 28940 - Sessão 8 configurada com sucesso
2025-05-02 12:53:38,317 - INFO - Thread 26040 - Sessão 1 - Iniciando login para CNPJ: 37233759000124
2025-05-02 12:53:38,318 - INFO - Thread 30600 - Sessão 2 - Iniciando login para CNPJ: 44537597000183
2025-05-02 12:53:38,319 - INFO - Thread 25104 - Sessão 3 - Iniciando login para CNPJ: 49086988000142
2025-05-02 12:53:38,321 - DEBUG - Thread 30600 - Starting new HTTPS connection (1): webhap.hapvida.com.br:443
2025-05-02 12:53:38,321 - DEBUG - Thread 26040 - Starting new HTTPS connection (1): webhap.hapvida.com.br:443
2025-05-02 12:53:38,323 - DEBUG - Thread 25104 - Starting new HTTPS connection (1): webhap.hapvida.com.br:443
2025-05-02 12:53:39,440 - DEBUG - Thread 26040 - https://webhap.hapvida.com.br:443 "POST /pls/webhap/webNewTrocaArquivo.loginValidacao HTTP/11" 302 2
2025-05-02 12:53:39,549 - DEBUG - Thread 26040 - https://webhap.hapvida.com.br:443 "GET /pls/webhap/webNewTrocaArquivo.Menu?pPessoa=215114402&pNoCache=1202532540&pIdSessao=I1luSO7Yt3jiRe60WQsogX7bMc1ZQtaPPP HTTP/11" 200 None
2025-05-02 12:53:39,550 - INFO - Thread 26040 - Sessão 1 - Status do login: 200, URL: https://webhap.hapvida.com.br/pls/webhap/webNewTrocaArquivo.Menu?pPessoa=215114402&pNoCache=1202532540&pIdSessao=I1luSO7Yt3jiRe60WQsogX7bMc1ZQtaPPP
2025-05-02 12:53:39,550 - INFO - Thread 26040 - Sessão 1 - Cookies após login: {}
2025-05-02 12:53:39,551 - INFO - Thread 26040 - Sessão 1 - Login bem-sucedido
2025-05-02 12:53:39,580 - INFO - Thread 26040 - Sessão 1 - Acessando URL de download: https://webhap.hapvida.com.br/pls/webhap/webNewTrocaArquivo2.Download?pPessoa=215114402&pNoCache=1202532540&pIdSessao=I1luSO7Yt3jiRe60WQsogX7bMc1ZQtaPPP
2025-05-02 12:53:39,768 - DEBUG - Thread 30600 - https://webhap.hapvida.com.br:443 "POST /pls/webhap/webNewTrocaArquivo.loginValidacao HTTP/11" 302 2
2025-05-02 12:53:39,835 - DEBUG - Thread 25104 - https://webhap.hapvida.com.br:443 "POST /pls/webhap/webNewTrocaArquivo.loginValidacao HTTP/11" 302 2
2025-05-02 12:53:39,875 - DEBUG - Thread 30600 - https://webhap.hapvida.com.br:443 "GET /pls/webhap/webNewTrocaArquivo.Menu?pPessoa=206960770&pNoCache=1202532541&pIdSessao=I1luSO7Yt3h0XH9l2yRT0Mu1YsTTmRiS HTTP/11" 200 None
2025-05-02 12:53:39,876 - INFO - Thread 30600 - Sessão 2 - Status do login: 200, URL: https://webhap.hapvida.com.br/pls/webhap/webNewTrocaArquivo.Menu?pPessoa=206960770&pNoCache=1202532541&pIdSessao=I1luSO7Yt3h0XH9l2yRT0Mu1YsTTmRiS
2025-05-02 12:53:39,876 - INFO - Thread 30600 - Sessão 2 - Cookies após login: {}
2025-05-02 12:53:39,876 - INFO - Thread 30600 - Sessão 2 - Login bem-sucedido
2025-05-02 12:53:39,883 - INFO - Thread 30600 - Sessão 2 - Acessando URL de download: https://webhap.hapvida.com.br/pls/webhap/webNewTrocaArquivo2.Download?pPessoa=206960770&pNoCache=1202532541&pIdSessao=I1luSO7Yt3h0XH9l2yRT0Mu1YsTTmRiS
2025-05-02 12:53:39,944 - DEBUG - Thread 25104 - https://webhap.hapvida.com.br:443 "GET /pls/webhap/webNewTrocaArquivo.Menu?pPessoa=206229677&pNoCache=1202532541&pIdSessao=I1luSO7Yt3h0XH9l2yRT0E3YFJ5zwiku HTTP/11" 200 None
2025-05-02 12:53:39,945 - INFO - Thread 25104 - Sessão 3 - Status do login: 200, URL: https://webhap.hapvida.com.br/pls/webhap/webNewTrocaArquivo.Menu?pPessoa=206229677&pNoCache=1202532541&pIdSessao=I1luSO7Yt3h0XH9l2yRT0E3YFJ5zwiku
2025-05-02 12:53:39,945 - INFO - Thread 25104 - Sessão 3 - Cookies após login: {}
2025-05-02 12:53:39,945 - INFO - Thread 25104 - Sessão 3 - Login bem-sucedido
2025-05-02 12:53:39,954 - INFO - Thread 25104 - Sessão 3 - Acessando URL de download: https://webhap.hapvida.com.br/pls/webhap/webNewTrocaArquivo2.Download?pPessoa=206229677&pNoCache=1202532541&pIdSessao=I1luSO7Yt3h0XH9l2yRT0E3YFJ5zwiku
2025-05-02 12:53:40,168 - DEBUG - Thread 26040 - https://webhap.hapvida.com.br:443 "GET /pls/webhap/webNewTrocaArquivo2.Download?pPessoa=215114402&pNoCache=1202532540&pIdSessao=I1luSO7Yt3jiRe60WQsogX7bMc1ZQtaPPP HTTP/11" 200 None
2025-05-02 12:53:40,169 - INFO - Thread 26040 - Sessão 1 - Status da página de download: 200
2025-05-02 12:53:40,285 - DEBUG - Thread 26040 - https://webhap.hapvida.com.br:443 "GET /servicos_online/downloads/HUMASTER/EMPRESA_0DTY7_REMESSA_4265427.PDF HTTP/11" 200 10082
2025-05-02 12:53:40,287 - INFO - Thread 26040 - Sessão 1 - Status do download PDF (tentativa 1): 200
2025-05-02 12:53:40,289 - INFO - Thread 26040 - Sessão 1 - PDF salvo: C:\Users\chrys\OneDrive\Desktop\Site\downloads\driver_1\EMPRESA_0DTY7_REMESSA_4265427.pdf
2025-05-02 12:53:40,387 - DEBUG - Thread 26040 - https://webhap.hapvida.com.br:443 "GET /servicos_online/downloads/HUMASTER/EMPRESA_0DTY7_REMESSA_4265427.CSV HTTP/11" 200 2279
2025-05-02 12:53:40,387 - INFO - Thread 26040 - Sessão 1 - Status do download CSV (tentativa 1): 200
2025-05-02 12:53:40,389 - INFO - Thread 26040 - Sessão 1 - CSV salvo: C:\Users\chrys\OneDrive\Desktop\Site\downloads\driver_1\EMPRESA_0DTY7_REMESSA_4265427.csv
2025-05-02 12:53:40,390 - INFO - Thread 28940 - Progresso: 1/3 (33%)
2025-05-02 12:53:40,426 - DEBUG - Thread 30600 - https://webhap.hapvida.com.br:443 "GET /pls/webhap/webNewTrocaArquivo2.Download?pPessoa=206960770&pNoCache=1202532541&pIdSessao=I1luSO7Yt3h0XH9l2yRT0Mu1YsTTmRiS HTTP/11" 200 None
2025-05-02 12:53:40,427 - INFO - Thread 30600 - Sessão 2 - Status da página de download: 200
2025-05-02 12:53:40,528 - DEBUG - Thread 25104 - https://webhap.hapvida.com.br:443 "GET /pls/webhap/webNewTrocaArquivo2.Download?pPessoa=206229677&pNoCache=1202532541&pIdSessao=I1luSO7Yt3h0XH9l2yRT0E3YFJ5zwiku HTTP/11" 200 None
2025-05-02 12:53:40,528 - INFO - Thread 25104 - Sessão 3 - Status da página de download: 200
2025-05-02 12:53:40,541 - DEBUG - Thread 30600 - https://webhap.hapvida.com.br:443 "GET /servicos_online/downloads/HUMASTER/EMPRESA_0CPDD_REMESSA_4265428.PDF HTTP/11" 200 6540
2025-05-02 12:53:40,542 - INFO - Thread 30600 - Sessão 2 - Status do download PDF (tentativa 1): 200
2025-05-02 12:53:40,543 - INFO - Thread 30600 - Sessão 2 - PDF salvo: C:\Users\chrys\OneDrive\Desktop\Site\downloads\driver_2\EMPRESA_0CPDD_REMESSA_4265428.pdf
2025-05-02 12:53:40,636 - DEBUG - Thread 30600 - https://webhap.hapvida.com.br:443 "GET /servicos_online/downloads/HUMASTER/EMPRESA_0CPDD_REMESSA_4265428.CSV HTTP/11" 200 2063
2025-05-02 12:53:40,637 - INFO - Thread 30600 - Sessão 2 - Status do download CSV (tentativa 1): 200
2025-05-02 12:53:40,638 - INFO - Thread 30600 - Sessão 2 - CSV salvo: C:\Users\chrys\OneDrive\Desktop\Site\downloads\driver_2\EMPRESA_0CPDD_REMESSA_4265428.csv
2025-05-02 12:53:40,639 - INFO - Thread 28940 - Progresso: 2/3 (66%)
2025-05-02 12:53:40,646 - DEBUG - Thread 25104 - https://webhap.hapvida.com.br:443 "GET /servicos_online/downloads/HUMASTER/EMPRESA_0CIX1_REMESSA_4265428.PDF HTTP/11" 200 10564
2025-05-02 12:53:40,647 - INFO - Thread 25104 - Sessão 3 - Status do download PDF (tentativa 1): 200
2025-05-02 12:53:40,648 - INFO - Thread 25104 - Sessão 3 - PDF salvo: C:\Users\chrys\OneDrive\Desktop\Site\downloads\driver_3\EMPRESA_0CIX1_REMESSA_4265428.pdf
2025-05-02 12:53:40,745 - DEBUG - Thread 25104 - https://webhap.hapvida.com.br:443 "GET /servicos_online/downloads/HUMASTER/EMPRESA_0CIX1_REMESSA_4265428.CSV HTTP/11" 200 3431
2025-05-02 12:53:40,746 - INFO - Thread 25104 - Sessão 3 - Status do download CSV (tentativa 1): 200
2025-05-02 12:53:40,748 - INFO - Thread 25104 - Sessão 3 - CSV salvo: C:\Users\chrys\OneDrive\Desktop\Site\downloads\driver_3\EMPRESA_0CIX1_REMESSA_4265428.csv
2025-05-02 12:53:40,748 - INFO - Thread 28940 - Progresso: 3/3 (100%)
2025-05-02 12:53:40,802 - INFO - Thread 28940 - Status atualizados no Excel com sucesso
2025-05-02 12:53:40,816 - INFO - Thread 28940 - Arquivo movido: C:\Users\chrys\OneDrive\Desktop\Site\downloads\driver_1\EMPRESA_0DTY7_REMESSA_4265427.csv -> C:\Users\chrys\OneDrive\Desktop\Site\downloads\EMPRESA_0DTY7_REMESSA_4265427_1.csv
2025-05-02 12:53:40,817 - INFO - Thread 28940 - Arquivo movido: C:\Users\chrys\OneDrive\Desktop\Site\downloads\driver_1\EMPRESA_0DTY7_REMESSA_4265427.pdf -> C:\Users\chrys\OneDrive\Desktop\Site\downloads\EMPRESA_0DTY7_REMESSA_4265427_1.pdf
2025-05-02 12:53:40,817 - INFO - Thread 28940 - Subpasta vazia removida: C:\Users\chrys\OneDrive\Desktop\Site\downloads\driver_1
2025-05-02 12:53:40,819 - INFO - Thread 28940 - Arquivo movido: C:\Users\chrys\OneDrive\Desktop\Site\downloads\driver_2\EMPRESA_0CPDD_REMESSA_4265428.csv -> C:\Users\chrys\OneDrive\Desktop\Site\downloads\EMPRESA_0CPDD_REMESSA_4265428_1.csv
2025-05-02 12:53:40,820 - INFO - Thread 28940 - Arquivo movido: C:\Users\chrys\OneDrive\Desktop\Site\downloads\driver_2\EMPRESA_0CPDD_REMESSA_4265428.pdf -> C:\Users\chrys\OneDrive\Desktop\Site\downloads\EMPRESA_0CPDD_REMESSA_4265428_1.pdf
2025-05-02 12:53:40,821 - INFO - Thread 28940 - Subpasta vazia removida: C:\Users\chrys\OneDrive\Desktop\Site\downloads\driver_2
2025-05-02 12:53:40,823 - INFO - Thread 28940 - Arquivo movido: C:\Users\chrys\OneDrive\Desktop\Site\downloads\driver_3\EMPRESA_0CIX1_REMESSA_4265428.csv -> C:\Users\chrys\OneDrive\Desktop\Site\downloads\EMPRESA_0CIX1_REMESSA_4265428_1.csv
2025-05-02 12:53:40,825 - INFO - Thread 28940 - Arquivo movido: C:\Users\chrys\OneDrive\Desktop\Site\downloads\driver_3\EMPRESA_0CIX1_REMESSA_4265428.pdf -> C:\Users\chrys\OneDrive\Desktop\Site\downloads\EMPRESA_0CIX1_REMESSA_4265428_1.pdf
2025-05-02 12:53:40,825 - INFO - Thread 28940 - Subpasta vazia removida: C:\Users\chrys\OneDrive\Desktop\Site\downloads\driver_3
2025-05-02 12:53:40,826 - INFO - Thread 28940 - Subpasta vazia removida: C:\Users\chrys\OneDrive\Desktop\Site\downloads\driver_4
2025-05-02 12:53:40,827 - INFO - Thread 28940 - Subpasta vazia removida: C:\Users\chrys\OneDrive\Desktop\Site\downloads\driver_5
2025-05-02 12:53:40,827 - INFO - Thread 28940 - Subpasta vazia removida: C:\Users\chrys\OneDrive\Desktop\Site\downloads\driver_6
2025-05-02 12:53:40,828 - INFO - Thread 28940 - Subpasta vazia removida: C:\Users\chrys\OneDrive\Desktop\Site\downloads\driver_7
2025-05-02 12:53:40,829 - INFO - Thread 28940 - Subpasta vazia removida: C:\Users\chrys\OneDrive\Desktop\Site\downloads\driver_8
2025-05-02 12:53:40,829 - INFO - Thread 28940 - Extração de relatórios concluída
2025-05-02 12:53:40,830 - INFO - Thread 28940 - Sessão 1 fechada com sucesso
2025-05-02 12:53:40,832 - INFO - Thread 28940 - Sessão 2 fechada com sucesso
2025-05-02 12:53:40,834 - INFO - Thread 28940 - Sessão 3 fechada com sucesso
2025-05-02 12:53:40,834 - INFO - Thread 28940 - Sessão 4 fechada com sucesso
2025-05-02 12:53:40,834 - INFO - Thread 28940 - Sessão 5 fechada com sucesso
2025-05-02 12:53:40,834 - INFO - Thread 28940 - Sessão 6 fechada com sucesso
2025-05-02 12:53:40,835 - INFO - Thread 28940 - Sessão 7 fechada com sucesso
2025-05-02 12:53:40,835 - INFO - Thread 28940 - Sessão 8 fechada com sucesso
2025-05-02 12:53:40,835 - INFO - Thread 28940 - Extração de relatórios concluída. 15 relatórios gerados.
2025-05-02 12:54:06,618 - INFO - Thread 25140 - Iniciando extração de boletos
2025-05-02 12:54:06,618 - INFO - Thread 25140 - 🔄 Iniciando o processamento de boletos Hapvida
2025-05-02 12:54:06,620 - INFO - Thread 25140 - Backup do Excel criado: uploads\SINTICLEPEMPa.xlsx.bak
2025-05-02 12:54:06,620 - INFO - Thread 25140 - ✅ Backup do arquivo Excel criado com sucesso
2025-05-02 12:54:06,679 - INFO - Thread 25140 - 🔍 Processando 3 empresas para boletos com vencimento em 20/05/2025
2025-05-02 12:54:06,683 - DEBUG - Thread 21580 - Using proactor: IocpProactor
2025-05-02 12:54:06,683 - DEBUG - Thread 21876 - Using proactor: IocpProactor
2025-05-02 12:54:06,684 - DEBUG - Thread 15100 - Using proactor: IocpProactor
2025-05-02 12:54:06,685 - DEBUG - Thread 1952 - Using proactor: IocpProactor
2025-05-02 12:54:06,687 - DEBUG - Thread 21384 - Using proactor: IocpProactor
2025-05-02 12:54:06,688 - DEBUG - Thread 26872 - Using proactor: IocpProactor
2025-05-02 12:54:06,690 - DEBUG - Thread 26372 - Using proactor: IocpProactor
2025-05-02 12:54:06,693 - DEBUG - Thread 27688 - Using proactor: IocpProactor
2025-05-02 12:54:06,695 - DEBUG - Thread 24296 - Using proactor: IocpProactor
2025-05-02 12:54:06,700 - DEBUG - Thread 13640 - Using proactor: IocpProactor
2025-05-02 12:54:06,703 - DEBUG - Thread 16408 - Using proactor: IocpProactor
2025-05-02 12:54:06,732 - DEBUG - Thread 18644 - Using proactor: IocpProactor
2025-05-02 12:54:06,749 - DEBUG - Thread 17024 - Using proactor: IocpProactor
2025-05-02 12:54:06,785 - DEBUG - Thread 27496 - Using proactor: IocpProactor
2025-05-02 12:54:06,842 - DEBUG - Thread 9596 - Using proactor: IocpProactor
2025-05-02 12:54:09,126 - INFO - Thread 24296 - Worker 8: Navegador inicializado
2025-05-02 12:54:09,126 - INFO - Thread 24296 - Worker 8: Processando 0DTY7 (37.233.759 MARIA GENEROZA H SECUNDES)
2025-05-02 12:54:09,129 - INFO - Thread 21876 - Worker 1: Navegador inicializado
2025-05-02 12:54:09,130 - INFO - Thread 21876 - Worker 1: Processando 0CPDD (44.537.597 EVANIA FERREIRA DA SILVA)
2025-05-02 12:54:09,131 - DEBUG - Thread 24296 - Starting new HTTPS connection (1): webhap.hapvida.com.br:443
2025-05-02 12:54:09,133 - DEBUG - Thread 21876 - Starting new HTTPS connection (1): webhap.hapvida.com.br:443
2025-05-02 12:54:09,256 - INFO - Thread 16408 - Worker 10: Navegador inicializado
2025-05-02 12:54:09,256 - INFO - Thread 16408 - Worker 10: Processando 0CIX1 (49.086.988 LUAN DE SOUSA FREIRE)
2025-05-02 12:54:09,258 - DEBUG - Thread 16408 - Starting new HTTPS connection (1): webhap.hapvida.com.br:443
2025-05-02 12:54:09,346 - INFO - Thread 13640 - Worker 9: Navegador inicializado
2025-05-02 12:54:09,346 - INFO - Thread 13640 - Worker 9: Fila vazia, encerrando
2025-05-02 12:54:09,454 - INFO - Thread 1952 - Worker 3: Navegador inicializado
2025-05-02 12:54:09,454 - INFO - Thread 1952 - Worker 3: Fila vazia, encerrando
2025-05-02 12:54:09,524 - INFO - Thread 27688 - Worker 7: Navegador inicializado
2025-05-02 12:54:09,524 - INFO - Thread 27688 - Worker 7: Fila vazia, encerrando
2025-05-02 12:54:09,551 - INFO - Thread 15100 - Worker 2: Navegador inicializado
2025-05-02 12:54:09,551 - INFO - Thread 15100 - Worker 2: Fila vazia, encerrando
2025-05-02 12:54:09,925 - INFO - Thread 21384 - Worker 4: Navegador inicializado
2025-05-02 12:54:09,925 - INFO - Thread 21384 - Worker 4: Fila vazia, encerrando
2025-05-02 12:54:09,965 - INFO - Thread 26372 - Worker 6: Navegador inicializado
2025-05-02 12:54:09,965 - INFO - Thread 26372 - Worker 6: Fila vazia, encerrando
2025-05-02 12:54:10,288 - INFO - Thread 18644 - Worker 11: Navegador inicializado
2025-05-02 12:54:10,288 - INFO - Thread 18644 - Worker 11: Fila vazia, encerrando
2025-05-02 12:54:10,341 - INFO - Thread 26872 - Worker 5: Navegador inicializado
2025-05-02 12:54:10,341 - INFO - Thread 26872 - Worker 5: Fila vazia, encerrando
2025-05-02 12:54:10,351 - INFO - Thread 17024 - Worker 12: Navegador inicializado
2025-05-02 12:54:10,351 - INFO - Thread 17024 - Worker 12: Fila vazia, encerrando
2025-05-02 12:54:10,547 - INFO - Thread 27496 - Worker 13: Navegador inicializado
2025-05-02 12:54:10,547 - INFO - Thread 27496 - Worker 13: Fila vazia, encerrando
2025-05-02 12:54:10,550 - INFO - Thread 9596 - Worker 14: Navegador inicializado
2025-05-02 12:54:10,550 - INFO - Thread 9596 - Worker 14: Fila vazia, encerrando
2025-05-02 12:54:10,594 - INFO - Thread 21580 - Worker 0: Navegador inicializado
2025-05-02 12:54:10,594 - INFO - Thread 21580 - Worker 0: Fila vazia, encerrando
2025-05-02 12:54:10,855 - DEBUG - Thread 21876 - https://webhap.hapvida.com.br:443 "GET /pls/webhap/webNewBoletoEmpresa.login HTTP/11" 200 None
2025-05-02 12:54:11,010 - DEBUG - Thread 21876 - https://webhap.hapvida.com.br:443 "POST /pls/webhap/webNewBoletoEmpresa.loginValidacao HTTP/11" 302 2
2025-05-02 12:54:11,034 - DEBUG - Thread 16408 - https://webhap.hapvida.com.br:443 "GET /pls/webhap/webNewBoletoEmpresa.login HTTP/11" 200 None
2025-05-02 12:54:11,207 - DEBUG - Thread 16408 - https://webhap.hapvida.com.br:443 "POST /pls/webhap/webNewBoletoEmpresa.loginValidacao HTTP/11" 302 2
2025-05-02 12:54:11,230 - INFO - Thread 13640 - Worker 9: Navegador fechado
2025-05-02 12:54:11,290 - INFO - Thread 21580 - Worker 0: Navegador fechado
2025-05-02 12:54:11,292 - INFO - Thread 1952 - Worker 3: Navegador fechado
2025-05-02 12:54:11,327 - INFO - Thread 17024 - Worker 12: Navegador fechado
2025-05-02 12:54:11,345 - INFO - Thread 27496 - Worker 13: Navegador fechado
2025-05-02 12:54:11,348 - INFO - Thread 9596 - Worker 14: Navegador fechado
2025-05-02 12:54:11,368 - DEBUG - Thread 24296 - https://webhap.hapvida.com.br:443 "GET /pls/webhap/webNewBoletoEmpresa.login HTTP/11" 200 None
2025-05-02 12:54:11,403 - INFO - Thread 26872 - Worker 5: Navegador fechado
2025-05-02 12:54:11,403 - INFO - Thread 18644 - Worker 11: Navegador fechado
2025-05-02 12:54:11,403 - INFO - Thread 26372 - Worker 6: Navegador fechado
2025-05-02 12:54:11,439 - INFO - Thread 27688 - Worker 7: Navegador fechado
2025-05-02 12:54:11,452 - INFO - Thread 21384 - Worker 4: Navegador fechado
2025-05-02 12:54:11,454 - DEBUG - Thread 21876 - https://webhap.hapvida.com.br:443 "GET /pls/webhap/webNewBoletoEmpresa.obrigacaoLista?pPessoa=206960770&pNoCache=1202542512&pIdSessao=rWeUN60lEANpasPPP1lxhK0u3bKVGjvKqY HTTP/11" 200 None
2025-05-02 12:54:11,479 - INFO - Thread 15100 - Worker 2: Navegador fechado
2025-05-02 12:54:11,515 - DEBUG - Thread 24296 - https://webhap.hapvida.com.br:443 "POST /pls/webhap/webNewBoletoEmpresa.loginValidacao HTTP/11" 302 2
2025-05-02 12:54:11,572 - DEBUG - Thread 21876 - https://webhap.hapvida.com.br:443 "POST /pls/webhap/webNewBoletoEmpresa.obrigacaoDados HTTP/11" 200 None
2025-05-02 12:54:11,671 - DEBUG - Thread 21876 - https://webhap.hapvida.com.br:443 "POST /pls/webhap/webNewBoletoEmpresa.validaObrigacao HTTP/11" 302 None
2025-05-02 12:54:11,728 - DEBUG - Thread 16408 - https://webhap.hapvida.com.br:443 "GET /pls/webhap/webNewBoletoEmpresa.obrigacaoLista?pPessoa=206229677&pNoCache=1202542512&pIdSessao=rWeUN60lEANpasPPP1lxhK0t8FWr9vpEL8 HTTP/11" 200 None
2025-05-02 12:54:11,852 - DEBUG - Thread 16408 - https://webhap.hapvida.com.br:443 "POST /pls/webhap/webNewBoletoEmpresa.obrigacaoDados HTTP/11" 200 None
2025-05-02 12:54:11,955 - DEBUG - Thread 24296 - https://webhap.hapvida.com.br:443 "GET /pls/webhap/webNewBoletoEmpresa.obrigacaoLista?pPessoa=215114402&pNoCache=1202542512&pIdSessao=rWeUN60lEANpasPPP1lxhK0rjhF0PPPqgpSS HTTP/11" 200 None
2025-05-02 12:54:11,964 - DEBUG - Thread 16408 - https://webhap.hapvida.com.br:443 "POST /pls/webhap/webNewBoletoEmpresa.validaObrigacao HTTP/11" 302 None
2025-05-02 12:54:12,067 - DEBUG - Thread 24296 - https://webhap.hapvida.com.br:443 "POST /pls/webhap/webNewBoletoEmpresa.obrigacaoDados HTTP/11" 200 None
2025-05-02 12:54:12,085 - DEBUG - Thread 21876 - https://webhap.hapvida.com.br:443 "GET /pls/webhap/webNewBoletoEmpresa.boleto_cc?pIdSessao=rWeUN60lEANpasPPP1lxhK0u3bKVGjvKqY&pNoCache=1202542512&pPessoa=206960770&pObrigacao=3067885170 HTTP/11" 200 None
2025-05-02 12:54:12,093 - DEBUG - Thread 16408 - https://webhap.hapvida.com.br:443 "GET /pls/webhap/webNewBoletoEmpresa.boleto_cc?pIdSessao=rWeUN60lEANpasPPP1lxhK0t8FWr9vpEL8&pNoCache=1202542512&pPessoa=206229677&pObrigacao=3067883011 HTTP/11" 200 None
2025-05-02 12:54:12,165 - DEBUG - Thread 24296 - https://webhap.hapvida.com.br:443 "POST /pls/webhap/webNewBoletoEmpresa.validaObrigacao HTTP/11" 302 None
2025-05-02 12:54:12,282 - DEBUG - Thread 24296 - https://webhap.hapvida.com.br:443 "GET /pls/webhap/webNewBoletoEmpresa.boleto_cc?pIdSessao=rWeUN60lEANpasPPP1lxhK0rjhF0PPPqgpSS&pNoCache=1202542512&pPessoa=215114402&pObrigacao=3067788230 HTTP/11" 200 None
2025-05-02 12:54:17,120 - INFO - Thread 16408 - Worker 10: ✅ 49.086.988 LUAN DE SOUSA FREIRE.pdf gerado com sucesso
2025-05-02 12:54:17,221 - INFO - Thread 16408 - Worker 10: Fila vazia, encerrando
2025-05-02 12:54:17,330 - INFO - Thread 24296 - Worker 8: ✅ 37.233.759 MARIA GENEROZA H SECUNDES.pdf gerado com sucesso
2025-05-02 12:54:17,355 - INFO - Thread 21876 - Worker 1: ✅ 44.537.597 EVANIA FERREIRA DA SILVA.pdf gerado com sucesso
2025-05-02 12:54:17,361 - INFO - Thread 16408 - Worker 10: Navegador fechado
2025-05-02 12:54:17,430 - INFO - Thread 24296 - Worker 8: Fila vazia, encerrando
2025-05-02 12:54:17,456 - INFO - Thread 21876 - Worker 1: Fila vazia, encerrando
2025-05-02 12:54:17,583 - INFO - Thread 21876 - Worker 1: Navegador fechado
2025-05-02 12:54:17,590 - INFO - Thread 24296 - Worker 8: Navegador fechado
2025-05-02 12:54:17,620 - INFO - Thread 25140 - ✅ Excel atualizado com sucesso
2025-05-02 12:54:17,620 - INFO - Thread 25140 - 
✅ Relatório Final: 3 de 3 boletos gerados com sucesso (100.0%)
2025-05-02 12:54:17,621 - INFO - Thread 25140 - 📊 O arquivo Excel foi atualizado com os resultados: uploads\SINTICLEPEMPa.xlsx
2025-05-02 12:54:17,621 - INFO - Thread 25140 - 📂 PDFs salvos em: C:\Users\chrys\OneDrive\Desktop\Site\downloads
2025-05-02 12:54:17,621 - INFO - Thread 25140 - Extração de boletos concluída. 3 boletos gerados.
2025-05-02 12:54:17,621 - INFO - Thread 25140 - Iniciando extração de notas fiscais
2025-05-02 12:54:17,621 - INFO - Thread 25140 - Iniciando extração de notas fiscais
2025-05-02 12:54:17,646 - INFO - Thread 25140 - Total de empresas a processar: 3
2025-05-02 12:54:17,646 - INFO - Thread 25140 - Pasta de downloads criada: C:\Users\chrys\OneDrive\Desktop\Site\downloads\driver_1
2025-05-02 12:54:17,646 - INFO - Thread 25140 - Sessão 1 configurada com sucesso
2025-05-02 12:54:17,647 - INFO - Thread 25140 - Pasta de downloads criada: C:\Users\chrys\OneDrive\Desktop\Site\downloads\driver_2
2025-05-02 12:54:17,647 - INFO - Thread 25140 - Sessão 2 configurada com sucesso
2025-05-02 12:54:17,648 - INFO - Thread 25140 - Pasta de downloads criada: C:\Users\chrys\OneDrive\Desktop\Site\downloads\driver_3
2025-05-02 12:54:17,648 - INFO - Thread 25140 - Sessão 3 configurada com sucesso
2025-05-02 12:54:17,648 - INFO - Thread 25140 - Pasta de downloads criada: C:\Users\chrys\OneDrive\Desktop\Site\downloads\driver_4
2025-05-02 12:54:17,648 - INFO - Thread 25140 - Sessão 4 configurada com sucesso
2025-05-02 12:54:17,649 - INFO - Thread 25140 - Pasta de downloads criada: C:\Users\chrys\OneDrive\Desktop\Site\downloads\driver_5
2025-05-02 12:54:17,649 - INFO - Thread 25140 - Sessão 5 configurada com sucesso
2025-05-02 12:54:17,650 - INFO - Thread 25140 - Pasta de downloads criada: C:\Users\chrys\OneDrive\Desktop\Site\downloads\driver_6
2025-05-02 12:54:17,650 - INFO - Thread 25140 - Sessão 6 configurada com sucesso
2025-05-02 12:54:17,650 - INFO - Thread 25140 - Pasta de downloads criada: C:\Users\chrys\OneDrive\Desktop\Site\downloads\driver_7
2025-05-02 12:54:17,650 - INFO - Thread 25140 - Sessão 7 configurada com sucesso
2025-05-02 12:54:17,651 - INFO - Thread 25140 - Pasta de downloads criada: C:\Users\chrys\OneDrive\Desktop\Site\downloads\driver_8
2025-05-02 12:54:17,651 - INFO - Thread 25140 - Sessão 8 configurada com sucesso
2025-05-02 12:54:17,653 - INFO - Thread 34976 - Sessão 1 - Iniciando processamento da empresa: 0DTY7
2025-05-02 12:54:17,654 - INFO - Thread 33344 - Sessão 2 - Iniciando processamento da empresa: 0CPDD
2025-05-02 12:54:17,655 - INFO - Thread 21212 - Sessão 3 - Iniciando processamento da empresa: 0CIX1
2025-05-02 12:54:17,656 - DEBUG - Thread 34976 - Starting new HTTPS connection (1): webhap.hapvida.com.br:443
2025-05-02 12:54:17,658 - DEBUG - Thread 33344 - Starting new HTTPS connection (1): webhap.hapvida.com.br:443
2025-05-02 12:54:17,658 - DEBUG - Thread 21212 - Starting new HTTPS connection (1): webhap.hapvida.com.br:443
2025-05-02 12:54:18,881 - DEBUG - Thread 34976 - https://webhap.hapvida.com.br:443 "POST /pls/webhap/pk_nota_fiscal.loginValidacao HTTP/11" 302 2
2025-05-02 12:54:18,888 - DEBUG - Thread 21212 - https://webhap.hapvida.com.br:443 "POST /pls/webhap/pk_nota_fiscal.loginValidacao HTTP/11" 302 2
2025-05-02 12:54:18,897 - DEBUG - Thread 33344 - https://webhap.hapvida.com.br:443 "POST /pls/webhap/pk_nota_fiscal.loginValidacao HTTP/11" 302 2
2025-05-02 12:54:18,993 - DEBUG - Thread 34976 - https://webhap.hapvida.com.br:443 "GET /pls/webhap/pk_nota_fiscal.listaNotasFiscais?pNoCache=1202542520&pIdSessao=54021205202516599140 HTTP/11" 200 None
2025-05-02 12:54:18,995 - INFO - Thread 34976 - Sessão 1 - Status do login: 200, URL: https://webhap.hapvida.com.br/pls/webhap/pk_nota_fiscal.listaNotasFiscais?pNoCache=1202542520&pIdSessao=54021205202516599140
2025-05-02 12:54:18,995 - INFO - Thread 34976 - Sessão 1 - Cookies após login: {}
2025-05-02 12:54:18,996 - INFO - Thread 34976 - Sessão 1 - Login bem-sucedido para empresa 0DTY7
2025-05-02 12:54:19,018 - INFO - Thread 34976 - Sessão 1 - pIdSessao extraído: 54021205202516599140
2025-05-02 12:54:19,019 - DEBUG - Thread 21212 - https://webhap.hapvida.com.br:443 "GET /pls/webhap/pk_nota_fiscal.listaNotasFiscais?pNoCache=1202542520&pIdSessao=54021205202516599124 HTTP/11" 200 None
2025-05-02 12:54:19,019 - DEBUG - Thread 33344 - https://webhap.hapvida.com.br:443 "GET /pls/webhap/pk_nota_fiscal.listaNotasFiscais?pNoCache=1202542520&pIdSessao=54021205202516599208 HTTP/11" 200 None
2025-05-02 12:54:19,021 - INFO - Thread 21212 - Sessão 3 - Status do login: 200, URL: https://webhap.hapvida.com.br/pls/webhap/pk_nota_fiscal.listaNotasFiscais?pNoCache=1202542520&pIdSessao=54021205202516599124
2025-05-02 12:54:19,021 - INFO - Thread 21212 - Sessão 3 - Cookies após login: {}
2025-05-02 12:54:19,022 - INFO - Thread 33344 - Sessão 2 - Status do login: 200, URL: https://webhap.hapvida.com.br/pls/webhap/pk_nota_fiscal.listaNotasFiscais?pNoCache=1202542520&pIdSessao=54021205202516599208
2025-05-02 12:54:19,022 - INFO - Thread 21212 - Sessão 3 - Login bem-sucedido para empresa 0CIX1
2025-05-02 12:54:19,022 - INFO - Thread 33344 - Sessão 2 - Cookies após login: {}
2025-05-02 12:54:19,025 - INFO - Thread 33344 - Sessão 2 - Login bem-sucedido para empresa 0CPDD
2025-05-02 12:54:19,058 - INFO - Thread 33344 - Sessão 2 - pIdSessao extraído: 54021205202516599208
2025-05-02 12:54:19,059 - INFO - Thread 21212 - Sessão 3 - pIdSessao extraído: 54021205202516599124
2025-05-02 12:54:19,126 - DEBUG - Thread 34976 - https://webhap.hapvida.com.br:443 "GET /pls/webhap/pk_nota_fiscal.listaNotasFiscais?pIdSessao=54021205202516599140 HTTP/11" 200 None
2025-05-02 12:54:19,126 - INFO - Thread 34976 - Sessão 1 - Status da requisição: 200, URL final: https://webhap.hapvida.com.br/pls/webhap/pk_nota_fiscal.listaNotasFiscais?pIdSessao=54021205202516599140
2025-05-02 12:54:19,127 - DEBUG - Thread 34976 - Sessão 1 - Primeiros 500 caracteres do HTML: 
    <head>
    <meta http-equiv="Content-Type" content="text/html; charset=utf-8" />
    <meta name="viewport" content="width=device-width, initial-scale=1.0">
    <title>Hapvida - Plano de Saúde</title>
    <link href="/hapvida/hapvida_avanz/sistema/css/simple-line-icons.css" rel="stylesheet" type="text/css" />
    <link href="/hapvida/hapvida_avanz/sistema/css/stlhapvida.css" rel="stylesheet" type="text/css" />
    <link href="/hapvida/hapvida_avanz/sistema/css/style-ie.css" rel="stylesheet" 
2025-05-02 12:54:19,144 - INFO - Thread 34976 - Sessão 1 - Buscando data de vencimento: 20/05/25
2025-05-02 12:54:19,144 - INFO - Thread 34976 - Sessão 1 - Verificando link com texto: 0DTY7
2025-05-02 12:54:19,144 - INFO - Thread 34976 - Sessão 1 - Verificando link com texto: 37.233.759 MARIA GENEROZA H SECUNDES SINTICLEPEMP
2025-05-02 12:54:19,144 - INFO - Thread 34976 - Sessão 1 - Verificando link com texto: 28141000021976197
2025-05-02 12:54:19,145 - INFO - Thread 34976 - Sessão 1 - Verificando link com texto: 20/04/25
2025-05-02 12:54:19,145 - INFO - Thread 34976 - Sessão 1 - Verificando link com texto: 1134,5
2025-05-02 12:54:19,145 - INFO - Thread 34976 - Sessão 1 - Verificando link com texto: 0DTY7
2025-05-02 12:54:19,145 - INFO - Thread 34976 - Sessão 1 - Verificando link com texto: 37.233.759 MARIA GENEROZA H SECUNDES SINTICLEPEMP
2025-05-02 12:54:19,145 - INFO - Thread 34976 - Sessão 1 - Verificando link com texto: 28141000021956316
2025-05-02 12:54:19,145 - INFO - Thread 34976 - Sessão 1 - Verificando link com texto: 20/03/25
2025-05-02 12:54:19,145 - INFO - Thread 34976 - Sessão 1 - Verificando link com texto: 1134,5
2025-05-02 12:54:19,145 - INFO - Thread 34976 - Sessão 1 - Verificando link com texto: 0DTY7
2025-05-02 12:54:19,145 - INFO - Thread 34976 - Sessão 1 - Verificando link com texto: 37.233.759 MARIA GENEROZA H SECUNDES SINTICLEPEMP
2025-05-02 12:54:19,145 - INFO - Thread 34976 - Sessão 1 - Verificando link com texto: 28141000021930377
2025-05-02 12:54:19,145 - INFO - Thread 34976 - Sessão 1 - Verificando link com texto: 20/02/25
2025-05-02 12:54:19,145 - INFO - Thread 34976 - Sessão 1 - Verificando link com texto: 1317,15
2025-05-02 12:54:19,146 - INFO - Thread 34976 - Sessão 1 - Verificando link com texto: 0DTY7
2025-05-02 12:54:19,146 - INFO - Thread 34976 - Sessão 1 - Verificando link com texto: 37.233.759 MARIA GENEROZA H SECUNDES SINTICLEPEMP
2025-05-02 12:54:19,146 - INFO - Thread 34976 - Sessão 1 - Verificando link com texto: 28141000021908626
2025-05-02 12:54:19,146 - INFO - Thread 34976 - Sessão 1 - Verificando link com texto: 20/01/25
2025-05-02 12:54:19,146 - INFO - Thread 34976 - Sessão 1 - Verificando link com texto: 924,41
2025-05-02 12:54:19,146 - INFO - Thread 34976 - Sessão 1 - Verificando link com texto: 0DTY7
2025-05-02 12:54:19,146 - INFO - Thread 34976 - Sessão 1 - Verificando link com texto: 37.233.759 MARIA GENEROZA H SECUNDES SINTICLEPEMP
2025-05-02 12:54:19,146 - INFO - Thread 34976 - Sessão 1 - Verificando link com texto: 28141000021887251
2025-05-02 12:54:19,146 - INFO - Thread 34976 - Sessão 1 - Verificando link com texto: 20/12/24
2025-05-02 12:54:19,146 - INFO - Thread 34976 - Sessão 1 - Verificando link com texto: 924,41
2025-05-02 12:54:19,146 - INFO - Thread 34976 - Sessão 1 - Verificando link com texto: 0DTY7
2025-05-02 12:54:19,146 - INFO - Thread 34976 - Sessão 1 - Verificando link com texto: 37.233.759 MARIA GENEROZA H SECUNDES SINTICLEPEMP
2025-05-02 12:54:19,147 - INFO - Thread 34976 - Sessão 1 - Verificando link com texto: 28141000021864258
2025-05-02 12:54:19,147 - INFO - Thread 34976 - Sessão 1 - Verificando link com texto: 20/11/24
2025-05-02 12:54:19,147 - INFO - Thread 34976 - Sessão 1 - Verificando link com texto: 924,41
2025-05-02 12:54:19,147 - INFO - Thread 34976 - Sessão 1 - Verificando link com texto: 0DTY7
2025-05-02 12:54:19,147 - INFO - Thread 34976 - Sessão 1 - Verificando link com texto: 37.233.759 MARIA GENEROZA H SECUNDES SINTICLEPEMP
2025-05-02 12:54:19,147 - INFO - Thread 34976 - Sessão 1 - Verificando link com texto: 28141000021842190
2025-05-02 12:54:19,147 - INFO - Thread 34976 - Sessão 1 - Verificando link com texto: 20/10/24
2025-05-02 12:54:19,147 - INFO - Thread 34976 - Sessão 1 - Verificando link com texto: 924,41
2025-05-02 12:54:19,147 - INFO - Thread 34976 - Sessão 1 - Verificando link com texto: 0DTY7
2025-05-02 12:54:19,147 - INFO - Thread 34976 - Sessão 1 - Verificando link com texto: 37.233.759 MARIA GENEROZA H SECUNDES SINTICLEPEMP
2025-05-02 12:54:19,147 - INFO - Thread 34976 - Sessão 1 - Verificando link com texto: 28141000021814795
2025-05-02 12:54:19,147 - INFO - Thread 34976 - Sessão 1 - Verificando link com texto: 20/09/24
2025-05-02 12:54:19,148 - INFO - Thread 34976 - Sessão 1 - Verificando link com texto: 924,41
2025-05-02 12:54:19,148 - INFO - Thread 34976 - Sessão 1 - Verificando link com texto: 0DTY7
2025-05-02 12:54:19,148 - INFO - Thread 34976 - Sessão 1 - Verificando link com texto: 37.233.759 MARIA GENEROZA H SECUNDES SINTICLEPEMP
2025-05-02 12:54:19,148 - INFO - Thread 34976 - Sessão 1 - Verificando link com texto: 28141000021787832
2025-05-02 12:54:19,148 - INFO - Thread 34976 - Sessão 1 - Verificando link com texto: 20/08/24
2025-05-02 12:54:19,148 - INFO - Thread 34976 - Sessão 1 - Verificando link com texto: 924,41
2025-05-02 12:54:19,148 - INFO - Thread 34976 - Sessão 1 - Verificando link com texto: 0DTY7
2025-05-02 12:54:19,149 - INFO - Thread 34976 - Sessão 1 - Verificando link com texto: 37.233.759 MARIA GENEROZA H SECUNDES SINTICLEPEMP
2025-05-02 12:54:19,149 - INFO - Thread 34976 - Sessão 1 - Verificando link com texto: 28141000021761826
2025-05-02 12:54:19,149 - INFO - Thread 34976 - Sessão 1 - Verificando link com texto: 20/07/24
2025-05-02 12:54:19,149 - INFO - Thread 34976 - Sessão 1 - Verificando link com texto: 924,41
2025-05-02 12:54:19,149 - INFO - Thread 34976 - Sessão 1 - Verificando link com texto: 0DTY7
2025-05-02 12:54:19,149 - INFO - Thread 34976 - Sessão 1 - Verificando link com texto: 37.233.759 MARIA GENEROZA H SECUNDES SINTICLEPEMP
2025-05-02 12:54:19,149 - INFO - Thread 34976 - Sessão 1 - Verificando link com texto: 28141000021732486
2025-05-02 12:54:19,149 - INFO - Thread 34976 - Sessão 1 - Verificando link com texto: 20/06/24
2025-05-02 12:54:19,149 - INFO - Thread 34976 - Sessão 1 - Verificando link com texto: 924,41
2025-05-02 12:54:19,149 - INFO - Thread 34976 - Sessão 1 - Verificando link com texto: 0DTY7
2025-05-02 12:54:19,149 - INFO - Thread 34976 - Sessão 1 - Verificando link com texto: 37.233.759 MARIA GENEROZA H SECUNDES SINTICLEPEMP
2025-05-02 12:54:19,150 - INFO - Thread 34976 - Sessão 1 - Verificando link com texto: 28141000021704712
2025-05-02 12:54:19,150 - INFO - Thread 34976 - Sessão 1 - Verificando link com texto: 20/05/24
2025-05-02 12:54:19,150 - INFO - Thread 34976 - Sessão 1 - Verificando link com texto: 984,3
2025-05-02 12:54:19,150 - INFO - Thread 34976 - Sessão 1 - Verificando link com texto: 0DTY7
2025-05-02 12:54:19,150 - INFO - Thread 34976 - Sessão 1 - Verificando link com texto: 37.233.759 MARIA GENEROZA H SECUNDES SINTICLEPEMP
2025-05-02 12:54:19,150 - INFO - Thread 34976 - Sessão 1 - Verificando link com texto: 28141000021679898
2025-05-02 12:54:19,150 - INFO - Thread 34976 - Sessão 1 - Verificando link com texto: 20/04/24
2025-05-02 12:54:19,150 - INFO - Thread 34976 - Sessão 1 - Verificando link com texto: 848,1
2025-05-02 12:54:19,150 - INFO - Thread 34976 - Sessão 1 - Verificando link com texto: 0DTY7
2025-05-02 12:54:19,151 - INFO - Thread 34976 - Sessão 1 - Verificando link com texto: 37.233.759 MARIA GENEROZA H SECUNDES SINTICLEPEMP
2025-05-02 12:54:19,151 - INFO - Thread 34976 - Sessão 1 - Verificando link com texto: 28141000021651692
2025-05-02 12:54:19,151 - INFO - Thread 34976 - Sessão 1 - Verificando link com texto: 20/03/24
2025-05-02 12:54:19,151 - INFO - Thread 34976 - Sessão 1 - Verificando link com texto: 848,1
2025-05-02 12:54:19,151 - INFO - Thread 34976 - Sessão 1 - Verificando link com texto: 0DTY7
2025-05-02 12:54:19,151 - INFO - Thread 34976 - Sessão 1 - Verificando link com texto: 37.233.759 MARIA GENEROZA H SECUNDES SINTICLEPEMP
2025-05-02 12:54:19,151 - INFO - Thread 34976 - Sessão 1 - Verificando link com texto: 28141000021624463
2025-05-02 12:54:19,151 - INFO - Thread 34976 - Sessão 1 - Verificando link com texto: 20/02/24
2025-05-02 12:54:19,151 - INFO - Thread 34976 - Sessão 1 - Verificando link com texto: 1017,2
2025-05-02 12:54:19,151 - INFO - Thread 34976 - Sessão 1 - Verificando link com texto: 0DTY7
2025-05-02 12:54:19,151 - INFO - Thread 34976 - Sessão 1 - Verificando link com texto: 37.233.759 MARIA GENEROZA H SECUNDES SINTICLEPEMP
2025-05-02 12:54:19,151 - INFO - Thread 34976 - Sessão 1 - Verificando link com texto: 28141000021604275
2025-05-02 12:54:19,152 - INFO - Thread 34976 - Sessão 1 - Verificando link com texto: 20/01/24
2025-05-02 12:54:19,152 - INFO - Thread 34976 - Sessão 1 - Verificando link com texto: 848,1
2025-05-02 12:54:19,152 - INFO - Thread 34976 - Sessão 1 - Verificando link com texto: 0DTY7
2025-05-02 12:54:19,152 - INFO - Thread 34976 - Sessão 1 - Verificando link com texto: 37.233.759 MARIA GENEROZA H SECUNDES SINTICLEPEMP
2025-05-02 12:54:19,152 - INFO - Thread 34976 - Sessão 1 - Verificando link com texto: 28141000021573441
2025-05-02 12:54:19,152 - INFO - Thread 34976 - Sessão 1 - Verificando link com texto: 20/12/23
2025-05-02 12:54:19,152 - INFO - Thread 34976 - Sessão 1 - Verificando link com texto: 848,1
2025-05-02 12:54:19,152 - INFO - Thread 34976 - Sessão 1 - Verificando link com texto: 0DTY7
2025-05-02 12:54:19,152 - INFO - Thread 34976 - Sessão 1 - Verificando link com texto: 37.233.759 MARIA GENEROZA H SECUNDES SINTICLEPEMP
2025-05-02 12:54:19,152 - INFO - Thread 34976 - Sessão 1 - Verificando link com texto: 28141000021545594
2025-05-02 12:54:19,153 - INFO - Thread 34976 - Sessão 1 - Verificando link com texto: 20/11/23
2025-05-02 12:54:19,153 - INFO - Thread 34976 - Sessão 1 - Verificando link com texto: 848,1
2025-05-02 12:54:19,153 - INFO - Thread 34976 - Sessão 1 - Verificando link com texto: 0DTY7
2025-05-02 12:54:19,153 - INFO - Thread 34976 - Sessão 1 - Verificando link com texto: 37.233.759 MARIA GENEROZA H SECUNDES SINTICLEPEMP
2025-05-02 12:54:19,153 - INFO - Thread 34976 - Sessão 1 - Verificando link com texto: 28141000021519067
2025-05-02 12:54:19,153 - INFO - Thread 34976 - Sessão 1 - Verificando link com texto: 20/10/23
2025-05-02 12:54:19,153 - INFO - Thread 34976 - Sessão 1 - Verificando link com texto: 848,1
2025-05-02 12:54:19,153 - INFO - Thread 34976 - Sessão 1 - Verificando link com texto: 0DTY7
2025-05-02 12:54:19,153 - INFO - Thread 34976 - Sessão 1 - Verificando link com texto: 37.233.759 MARIA GENEROZA H SECUNDES SINTICLEPEMP
2025-05-02 12:54:19,153 - INFO - Thread 34976 - Sessão 1 - Verificando link com texto: 28141000021488753
2025-05-02 12:54:19,153 - INFO - Thread 34976 - Sessão 1 - Verificando link com texto: 20/09/23
2025-05-02 12:54:19,153 - INFO - Thread 34976 - Sessão 1 - Verificando link com texto: 848,1
2025-05-02 12:54:19,153 - INFO - Thread 34976 - Sessão 1 - Verificando link com texto: 0DTY7
2025-05-02 12:54:19,153 - INFO - Thread 34976 - Sessão 1 - Verificando link com texto: 37.233.759 MARIA GENEROZA H SECUNDES SINTICLEPEMP
2025-05-02 12:54:19,153 - INFO - Thread 34976 - Sessão 1 - Verificando link com texto: 28141000021463491
2025-05-02 12:54:19,154 - INFO - Thread 34976 - Sessão 1 - Verificando link com texto: 20/08/23
2025-05-02 12:54:19,154 - INFO - Thread 34976 - Sessão 1 - Verificando link com texto: 848,1
2025-05-02 12:54:19,154 - INFO - Thread 34976 - Sessão 1 - Verificando link com texto: 0DTY7
2025-05-02 12:54:19,154 - INFO - Thread 34976 - Sessão 1 - Verificando link com texto: 37.233.759 MARIA GENEROZA H SECUNDES SINTICLEPEMP
2025-05-02 12:54:19,154 - INFO - Thread 34976 - Sessão 1 - Verificando link com texto: 28141000021434148
2025-05-02 12:54:19,154 - INFO - Thread 34976 - Sessão 1 - Verificando link com texto: 10/07/23
2025-05-02 12:54:19,154 - INFO - Thread 34976 - Sessão 1 - Verificando link com texto: 848,1
2025-05-02 12:54:19,154 - INFO - Thread 34976 - Sessão 1 - Verificando link com texto: 0DTY7
2025-05-02 12:54:19,154 - INFO - Thread 34976 - Sessão 1 - Verificando link com texto: 37.233.759 MARIA GENEROZA H SECUNDES SINTICLEPEMP
2025-05-02 12:54:19,154 - INFO - Thread 34976 - Sessão 1 - Verificando link com texto: 28141000021423401
2025-05-02 12:54:19,154 - INFO - Thread 34976 - Sessão 1 - Verificando link com texto: 10/06/23
2025-05-02 12:54:19,154 - INFO - Thread 34976 - Sessão 1 - Verificando link com texto: 927,3
2025-05-02 12:54:19,155 - ERROR - Thread 34976 - Sessão 1 - Data de vencimento 20/05/25 não encontrada. Datas disponíveis: ['0DTY7', '37.233.759 MARIA GENEROZA H SECUNDES SINTICLEPEMP', '28141000021976197', '20/04/25', '1134,5', '0DTY7', '37.233.759 MARIA GENEROZA H SECUNDES SINTICLEPEMP', '28141000021956316', '20/03/25', '1134,5', '0DTY7', '37.233.759 MARIA GENEROZA H SECUNDES SINTICLEPEMP', '28141000021930377', '20/02/25', '1317,15', '0DTY7', '37.233.759 MARIA GENEROZA H SECUNDES SINTICLEPEMP', '28141000021908626', '20/01/25', '924,41', '0DTY7', '37.233.759 MARIA GENEROZA H SECUNDES SINTICLEPEMP', '28141000021887251', '20/12/24', '924,41', '0DTY7', '37.233.759 MARIA GENEROZA H SECUNDES SINTICLEPEMP', '28141000021864258', '20/11/24', '924,41', '0DTY7', '37.233.759 MARIA GENEROZA H SECUNDES SINTICLEPEMP', '28141000021842190', '20/10/24', '924,41', '0DTY7', '37.233.759 MARIA GENEROZA H SECUNDES SINTICLEPEMP', '28141000021814795', '20/09/24', '924,41', '0DTY7', '37.233.759 MARIA GENEROZA H SECUNDES SINTICLEPEMP', '28141000021787832', '20/08/24', '924,41', '0DTY7', '37.233.759 MARIA GENEROZA H SECUNDES SINTICLEPEMP', '28141000021761826', '20/07/24', '924,41', '0DTY7', '37.233.759 MARIA GENEROZA H SECUNDES SINTICLEPEMP', '28141000021732486', '20/06/24', '924,41', '0DTY7', '37.233.759 MARIA GENEROZA H SECUNDES SINTICLEPEMP', '28141000021704712', '20/05/24', '984,3', '0DTY7', '37.233.759 MARIA GENEROZA H SECUNDES SINTICLEPEMP', '28141000021679898', '20/04/24', '848,1', '0DTY7', '37.233.759 MARIA GENEROZA H SECUNDES SINTICLEPEMP', '28141000021651692', '20/03/24', '848,1', '0DTY7', '37.233.759 MARIA GENEROZA H SECUNDES SINTICLEPEMP', '28141000021624463', '20/02/24', '1017,2', '0DTY7', '37.233.759 MARIA GENEROZA H SECUNDES SINTICLEPEMP', '28141000021604275', '20/01/24', '848,1', '0DTY7', '37.233.759 MARIA GENEROZA H SECUNDES SINTICLEPEMP', '28141000021573441', '20/12/23', '848,1', '0DTY7', '37.233.759 MARIA GENEROZA H SECUNDES SINTICLEPEMP', '28141000021545594', '20/11/23', '848,1', '0DTY7', '37.233.759 MARIA GENEROZA H SECUNDES SINTICLEPEMP', '28141000021519067', '20/10/23', '848,1', '0DTY7', '37.233.759 MARIA GENEROZA H SECUNDES SINTICLEPEMP', '28141000021488753', '20/09/23', '848,1', '0DTY7', '37.233.759 MARIA GENEROZA H SECUNDES SINTICLEPEMP', '28141000021463491', '20/08/23', '848,1', '0DTY7', '37.233.759 MARIA GENEROZA H SECUNDES SINTICLEPEMP', '28141000021434148', '10/07/23', '848,1', '0DTY7', '37.233.759 MARIA GENEROZA H SECUNDES SINTICLEPEMP', '28141000021423401', '10/06/23', '927,3']
2025-05-02 12:54:19,155 - INFO - Thread 25140 - Progresso: 1/3 (33%)
2025-05-02 12:54:19,172 - DEBUG - Thread 33344 - https://webhap.hapvida.com.br:443 "GET /pls/webhap/pk_nota_fiscal.listaNotasFiscais?pIdSessao=54021205202516599208 HTTP/11" 200 None
2025-05-02 12:54:19,174 - INFO - Thread 33344 - Sessão 2 - Status da requisição: 200, URL final: https://webhap.hapvida.com.br/pls/webhap/pk_nota_fiscal.listaNotasFiscais?pIdSessao=54021205202516599208
2025-05-02 12:54:19,174 - DEBUG - Thread 33344 - Sessão 2 - Primeiros 500 caracteres do HTML: 
    <head>
    <meta http-equiv="Content-Type" content="text/html; charset=utf-8" />
    <meta name="viewport" content="width=device-width, initial-scale=1.0">
    <title>Hapvida - Plano de Saúde</title>
    <link href="/hapvida/hapvida_avanz/sistema/css/simple-line-icons.css" rel="stylesheet" type="text/css" />
    <link href="/hapvida/hapvida_avanz/sistema/css/stlhapvida.css" rel="stylesheet" type="text/css" />
    <link href="/hapvida/hapvida_avanz/sistema/css/style-ie.css" rel="stylesheet" 
2025-05-02 12:54:19,194 - INFO - Thread 33344 - Sessão 2 - Buscando data de vencimento: 20/05/25
2025-05-02 12:54:19,194 - INFO - Thread 33344 - Sessão 2 - Verificando link com texto: 0CPDD
2025-05-02 12:54:19,194 - DEBUG - Thread 21212 - https://webhap.hapvida.com.br:443 "GET /pls/webhap/pk_nota_fiscal.listaNotasFiscais?pIdSessao=54021205202516599124 HTTP/11" 200 None
2025-05-02 12:54:19,195 - INFO - Thread 33344 - Sessão 2 - Verificando link com texto: 44.537.597 EVANIA FERREIRA DA SILVA SINTICLEPEMP
2025-05-02 12:54:19,195 - INFO - Thread 33344 - Sessão 2 - Verificando link com texto: 1010526365865
2025-05-02 12:54:19,195 - INFO - Thread 33344 - Sessão 2 - Verificando link com texto: 20/04/25
2025-05-02 12:54:19,195 - INFO - Thread 33344 - Sessão 2 - Verificando link com texto: 840,36
2025-05-02 12:54:19,195 - INFO - Thread 33344 - Sessão 2 - Verificando link com texto: 0CPDD
2025-05-02 12:54:19,195 - INFO - Thread 33344 - Sessão 2 - Verificando link com texto: 44.537.597 EVANIA FERREIRA DA SILVA SINTICLEPEMP
2025-05-02 12:54:19,196 - INFO - Thread 33344 - Sessão 2 - Verificando link com texto: 1010517416100
2025-05-02 12:54:19,196 - INFO - Thread 33344 - Sessão 2 - Verificando link com texto: 20/03/25
2025-05-02 12:54:19,196 - INFO - Thread 33344 - Sessão 2 - Verificando link com texto: 840,36
2025-05-02 12:54:19,196 - INFO - Thread 33344 - Sessão 2 - Verificando link com texto: 0CPDD
2025-05-02 12:54:19,196 - INFO - Thread 33344 - Sessão 2 - Verificando link com texto: 44.537.597 EVANIA FERREIRA DA SILVA SINTICLEPEMP
2025-05-02 12:54:19,196 - INFO - Thread 33344 - Sessão 2 - Verificando link com texto: 1010502973008
2025-05-02 12:54:19,197 - INFO - Thread 21212 - Sessão 3 - Status da requisição: 200, URL final: https://webhap.hapvida.com.br/pls/webhap/pk_nota_fiscal.listaNotasFiscais?pIdSessao=54021205202516599124
2025-05-02 12:54:19,197 - INFO - Thread 33344 - Sessão 2 - Verificando link com texto: 20/02/25
2025-05-02 12:54:19,197 - DEBUG - Thread 21212 - Sessão 3 - Primeiros 500 caracteres do HTML: 
    <head>
    <meta http-equiv="Content-Type" content="text/html; charset=utf-8" />
    <meta name="viewport" content="width=device-width, initial-scale=1.0">
    <title>Hapvida - Plano de Saúde</title>
    <link href="/hapvida/hapvida_avanz/sistema/css/simple-line-icons.css" rel="stylesheet" type="text/css" />
    <link href="/hapvida/hapvida_avanz/sistema/css/stlhapvida.css" rel="stylesheet" type="text/css" />
    <link href="/hapvida/hapvida_avanz/sistema/css/style-ie.css" rel="stylesheet" 
2025-05-02 12:54:19,197 - INFO - Thread 33344 - Sessão 2 - Verificando link com texto: 840,36
2025-05-02 12:54:19,215 - INFO - Thread 33344 - Sessão 2 - Verificando link com texto: 0CPDD
2025-05-02 12:54:19,216 - INFO - Thread 21212 - Sessão 3 - Buscando data de vencimento: 20/05/25
2025-05-02 12:54:19,217 - INFO - Thread 33344 - Sessão 2 - Verificando link com texto: 44.537.597 EVANIA FERREIRA DA SILVA SINTICLEPEMP
2025-05-02 12:54:19,217 - INFO - Thread 21212 - Sessão 3 - Verificando link com texto: 0CIX1
2025-05-02 12:54:19,217 - INFO - Thread 33344 - Sessão 2 - Verificando link com texto: 1010492577407
2025-05-02 12:54:19,217 - INFO - Thread 21212 - Sessão 3 - Verificando link com texto: 49.086.988 LUAN DE SOUSA FREIRE SINTICLEPEMP
2025-05-02 12:54:19,217 - INFO - Thread 33344 - Sessão 2 - Verificando link com texto: 20/01/25
2025-05-02 12:54:19,217 - INFO - Thread 21212 - Sessão 3 - Verificando link com texto: 1010526363579
2025-05-02 12:54:19,218 - INFO - Thread 33344 - Sessão 2 - Verificando link com texto: 840,36
2025-05-02 12:54:19,218 - INFO - Thread 21212 - Sessão 3 - Verificando link com texto: 20/04/25
2025-05-02 12:54:19,218 - INFO - Thread 33344 - Sessão 2 - Verificando link com texto: 0CPDD
2025-05-02 12:54:19,218 - INFO - Thread 21212 - Sessão 3 - Verificando link com texto: 1470,63
2025-05-02 12:54:19,218 - INFO - Thread 33344 - Sessão 2 - Verificando link com texto: 44.537.597 EVANIA FERREIRA DA SILVA SINTICLEPEMP
2025-05-02 12:54:19,219 - INFO - Thread 21212 - Sessão 3 - Verificando link com texto: 0CIX1
2025-05-02 12:54:19,219 - INFO - Thread 33344 - Sessão 2 - Verificando link com texto: 1010481536674
2025-05-02 12:54:19,219 - INFO - Thread 21212 - Sessão 3 - Verificando link com texto: 49.086.988 LUAN DE SOUSA FREIRE SINTICLEPEMP
2025-05-02 12:54:19,219 - INFO - Thread 33344 - Sessão 2 - Verificando link com texto: 20/12/24
2025-05-02 12:54:19,219 - INFO - Thread 21212 - Sessão 3 - Verificando link com texto: 1010517414018
2025-05-02 12:54:19,220 - INFO - Thread 33344 - Sessão 2 - Verificando link com texto: 840,36
2025-05-02 12:54:19,220 - INFO - Thread 21212 - Sessão 3 - Verificando link com texto: 20/03/25
2025-05-02 12:54:19,220 - INFO - Thread 33344 - Sessão 2 - Verificando link com texto: 0CPDD
2025-05-02 12:54:19,220 - INFO - Thread 21212 - Sessão 3 - Verificando link com texto: 1470,63
2025-05-02 12:54:19,220 - INFO - Thread 33344 - Sessão 2 - Verificando link com texto: 44.537.597 EVANIA FERREIRA DA SILVA SINTICLEPEMP
2025-05-02 12:54:19,221 - INFO - Thread 21212 - Sessão 3 - Verificando link com texto: 0CIX1
2025-05-02 12:54:19,221 - INFO - Thread 33344 - Sessão 2 - Verificando link com texto: 1010468973136
2025-05-02 12:54:19,221 - INFO - Thread 21212 - Sessão 3 - Verificando link com texto: 49.086.988 LUAN DE SOUSA FREIRE SINTICLEPEMP
2025-05-02 12:54:19,221 - INFO - Thread 33344 - Sessão 2 - Verificando link com texto: 20/11/24
2025-05-02 12:54:19,221 - INFO - Thread 21212 - Sessão 3 - Verificando link com texto: 1010502970726
2025-05-02 12:54:19,221 - INFO - Thread 33344 - Sessão 2 - Verificando link com texto: 840,36
2025-05-02 12:54:19,222 - INFO - Thread 21212 - Sessão 3 - Verificando link com texto: 20/02/25
2025-05-02 12:54:19,222 - INFO - Thread 33344 - Sessão 2 - Verificando link com texto: 0CPDD
2025-05-02 12:54:19,222 - INFO - Thread 21212 - Sessão 3 - Verificando link com texto: 1470,63
2025-05-02 12:54:19,222 - INFO - Thread 33344 - Sessão 2 - Verificando link com texto: 44.537.597 EVANIA FERREIRA DA SILVA SINTICLEPEMP
2025-05-02 12:54:19,222 - INFO - Thread 21212 - Sessão 3 - Verificando link com texto: 0CIX1
2025-05-02 12:54:19,223 - INFO - Thread 33344 - Sessão 2 - Verificando link com texto: 1010461020753
2025-05-02 12:54:19,223 - INFO - Thread 21212 - Sessão 3 - Verificando link com texto: 49.086.988 LUAN DE SOUSA FREIRE SINTICLEPEMP
2025-05-02 12:54:19,223 - INFO - Thread 33344 - Sessão 2 - Verificando link com texto: 20/10/24
2025-05-02 12:54:19,223 - INFO - Thread 21212 - Sessão 3 - Verificando link com texto: 1010492575129
2025-05-02 12:54:19,223 - INFO - Thread 33344 - Sessão 2 - Verificando link com texto: 840,36
2025-05-02 12:54:19,224 - INFO - Thread 21212 - Sessão 3 - Verificando link com texto: 20/01/25
2025-05-02 12:54:19,224 - INFO - Thread 33344 - Sessão 2 - Verificando link com texto: 0CPDD
2025-05-02 12:54:19,224 - INFO - Thread 21212 - Sessão 3 - Verificando link com texto: 1470,63
2025-05-02 12:54:19,224 - INFO - Thread 33344 - Sessão 2 - Verificando link com texto: 44.537.597 EVANIA FERREIRA DA SILVA SINTICLEPEMP
2025-05-02 12:54:19,224 - INFO - Thread 21212 - Sessão 3 - Verificando link com texto: 0CIX1
2025-05-02 12:54:19,225 - INFO - Thread 33344 - Sessão 2 - Verificando link com texto: 1010447319305
2025-05-02 12:54:19,225 - INFO - Thread 21212 - Sessão 3 - Verificando link com texto: 49.086.988 LUAN DE SOUSA FREIRE SINTICLEPEMP
2025-05-02 12:54:19,225 - INFO - Thread 33344 - Sessão 2 - Verificando link com texto: 20/09/24
2025-05-02 12:54:19,226 - INFO - Thread 21212 - Sessão 3 - Verificando link com texto: 1010481534388
2025-05-02 12:54:19,226 - INFO - Thread 33344 - Sessão 2 - Verificando link com texto: 840,36
2025-05-02 12:54:19,226 - INFO - Thread 21212 - Sessão 3 - Verificando link com texto: 20/12/24
2025-05-02 12:54:19,226 - INFO - Thread 33344 - Sessão 2 - Verificando link com texto: 0CPDD
2025-05-02 12:54:19,227 - INFO - Thread 21212 - Sessão 3 - Verificando link com texto: 1470,63
2025-05-02 12:54:19,227 - INFO - Thread 33344 - Sessão 2 - Verificando link com texto: 44.537.597 EVANIA FERREIRA DA SILVA SINTICLEPEMP
2025-05-02 12:54:19,227 - INFO - Thread 21212 - Sessão 3 - Verificando link com texto: 0CIX1
2025-05-02 12:54:19,227 - INFO - Thread 33344 - Sessão 2 - Verificando link com texto: 1010435254645
2025-05-02 12:54:19,228 - INFO - Thread 21212 - Sessão 3 - Verificando link com texto: 49.086.988 LUAN DE SOUSA FREIRE SINTICLEPEMP
2025-05-02 12:54:19,228 - INFO - Thread 33344 - Sessão 2 - Verificando link com texto: 20/08/24
2025-05-02 12:54:19,228 - INFO - Thread 21212 - Sessão 3 - Verificando link com texto: 1010468970790
2025-05-02 12:54:19,228 - INFO - Thread 33344 - Sessão 2 - Verificando link com texto: 840,36
2025-05-02 12:54:19,229 - INFO - Thread 21212 - Sessão 3 - Verificando link com texto: 20/11/24
2025-05-02 12:54:19,229 - INFO - Thread 33344 - Sessão 2 - Verificando link com texto: 0CPDD
2025-05-02 12:54:19,229 - INFO - Thread 21212 - Sessão 3 - Verificando link com texto: 1470,63
2025-05-02 12:54:19,229 - INFO - Thread 33344 - Sessão 2 - Verificando link com texto: 44.537.597 EVANIA FERREIRA DA SILVA SINTICLEPEMP
2025-05-02 12:54:19,230 - INFO - Thread 21212 - Sessão 3 - Verificando link com texto: 0CIX1
2025-05-02 12:54:19,230 - INFO - Thread 33344 - Sessão 2 - Verificando link com texto: 1010425802801
2025-05-02 12:54:19,230 - INFO - Thread 21212 - Sessão 3 - Verificando link com texto: 49.086.988 LUAN DE SOUSA FREIRE SINTICLEPEMP
2025-05-02 12:54:19,230 - INFO - Thread 33344 - Sessão 2 - Verificando link com texto: 20/07/24
2025-05-02 12:54:19,230 - INFO - Thread 21212 - Sessão 3 - Verificando link com texto: 1010461018392
2025-05-02 12:54:19,230 - INFO - Thread 33344 - Sessão 2 - Verificando link com texto: 840,36
2025-05-02 12:54:19,230 - INFO - Thread 21212 - Sessão 3 - Verificando link com texto: 20/10/24
2025-05-02 12:54:19,231 - INFO - Thread 33344 - Sessão 2 - Verificando link com texto: 0CPDD
2025-05-02 12:54:19,231 - INFO - Thread 21212 - Sessão 3 - Verificando link com texto: 1470,63
2025-05-02 12:54:19,231 - INFO - Thread 33344 - Sessão 2 - Verificando link com texto: 44.537.597 EVANIA FERREIRA DA SILVA SINTICLEPEMP
2025-05-02 12:54:19,231 - INFO - Thread 21212 - Sessão 3 - Verificando link com texto: 0CIX1
2025-05-02 12:54:19,231 - INFO - Thread 33344 - Sessão 2 - Verificando link com texto: 1010413641816
2025-05-02 12:54:19,231 - INFO - Thread 21212 - Sessão 3 - Verificando link com texto: 49.086.988 LUAN DE SOUSA FREIRE SINTICLEPEMP
2025-05-02 12:54:19,232 - INFO - Thread 33344 - Sessão 2 - Verificando link com texto: 20/06/24
2025-05-02 12:54:19,232 - INFO - Thread 21212 - Sessão 3 - Verificando link com texto: 1010447316861
2025-05-02 12:54:19,232 - INFO - Thread 33344 - Sessão 2 - Verificando link com texto: 840,36
2025-05-02 12:54:19,232 - INFO - Thread 21212 - Sessão 3 - Verificando link com texto: 20/09/24
2025-05-02 12:54:19,232 - INFO - Thread 33344 - Sessão 2 - Verificando link com texto: 0CPDD
2025-05-02 12:54:19,232 - INFO - Thread 21212 - Sessão 3 - Verificando link com texto: 1470,63
2025-05-02 12:54:19,233 - INFO - Thread 33344 - Sessão 2 - Verificando link com texto: 44.537.597 EVANIA FERREIRA DA SILVA SINTICLEPEMP
2025-05-02 12:54:19,233 - INFO - Thread 21212 - Sessão 3 - Verificando link com texto: 0CIX1
2025-05-02 12:54:19,233 - INFO - Thread 33344 - Sessão 2 - Verificando link com texto: 1010402394405
2025-05-02 12:54:19,233 - INFO - Thread 21212 - Sessão 3 - Verificando link com texto: 49.086.988 LUAN DE SOUSA FREIRE SINTICLEPEMP
2025-05-02 12:54:19,233 - INFO - Thread 33344 - Sessão 2 - Verificando link com texto: 20/05/24
2025-05-02 12:54:19,233 - INFO - Thread 21212 - Sessão 3 - Verificando link com texto: 1010435252200
2025-05-02 12:54:19,233 - INFO - Thread 33344 - Sessão 2 - Verificando link com texto: 894,8
2025-05-02 12:54:19,234 - INFO - Thread 21212 - Sessão 3 - Verificando link com texto: 20/08/24
2025-05-02 12:54:19,234 - INFO - Thread 33344 - Sessão 2 - Verificando link com texto: 0CPDD
2025-05-02 12:54:19,234 - INFO - Thread 21212 - Sessão 3 - Verificando link com texto: 1470,63
2025-05-02 12:54:19,234 - INFO - Thread 33344 - Sessão 2 - Verificando link com texto: 44.537.597 EVANIA FERREIRA DA SILVA SINTICLEPEMP
2025-05-02 12:54:19,234 - INFO - Thread 21212 - Sessão 3 - Verificando link com texto: 0CIX1
2025-05-02 12:54:19,234 - INFO - Thread 33344 - Sessão 2 - Verificando link com texto: 1010393542621
2025-05-02 12:54:19,234 - INFO - Thread 21212 - Sessão 3 - Verificando link com texto: 49.086.988 LUAN DE SOUSA FREIRE SINTICLEPEMP
2025-05-02 12:54:19,235 - INFO - Thread 33344 - Sessão 2 - Verificando link com texto: 20/04/24
2025-05-02 12:54:19,235 - INFO - Thread 21212 - Sessão 3 - Verificando link com texto: 1010425800329
2025-05-02 12:54:19,235 - INFO - Thread 33344 - Sessão 2 - Verificando link com texto: 771
2025-05-02 12:54:19,235 - INFO - Thread 21212 - Sessão 3 - Verificando link com texto: 20/07/24
2025-05-02 12:54:19,235 - INFO - Thread 33344 - Sessão 2 - Verificando link com texto: 0CPDD
2025-05-02 12:54:19,235 - INFO - Thread 21212 - Sessão 3 - Verificando link com texto: 1470,63
2025-05-02 12:54:19,236 - INFO - Thread 33344 - Sessão 2 - Verificando link com texto: 44.537.597 EVANIA FERREIRA DA SILVA SINTICLEPEMP
2025-05-02 12:54:19,236 - INFO - Thread 21212 - Sessão 3 - Verificando link com texto: 0CIX1
2025-05-02 12:54:19,236 - INFO - Thread 33344 - Sessão 2 - Verificando link com texto: 1010380493481
2025-05-02 12:54:19,236 - INFO - Thread 21212 - Sessão 3 - Verificando link com texto: 49.086.988 LUAN DE SOUSA FREIRE SINTICLEPEMP
2025-05-02 12:54:19,236 - INFO - Thread 33344 - Sessão 2 - Verificando link com texto: 20/03/24
2025-05-02 12:54:19,236 - INFO - Thread 21212 - Sessão 3 - Verificando link com texto: 1010413639420
2025-05-02 12:54:19,236 - INFO - Thread 33344 - Sessão 2 - Verificando link com texto: 771
2025-05-02 12:54:19,236 - INFO - Thread 21212 - Sessão 3 - Verificando link com texto: 20/06/24
2025-05-02 12:54:19,237 - INFO - Thread 33344 - Sessão 2 - Verificando link com texto: 0CPDD
2025-05-02 12:54:19,237 - INFO - Thread 21212 - Sessão 3 - Verificando link com texto: 1470,63
2025-05-02 12:54:19,237 - INFO - Thread 33344 - Sessão 2 - Verificando link com texto: 44.537.597 EVANIA FERREIRA DA SILVA SINTICLEPEMP
2025-05-02 12:54:19,237 - INFO - Thread 21212 - Sessão 3 - Verificando link com texto: 0CIX1
2025-05-02 12:54:19,237 - INFO - Thread 33344 - Sessão 2 - Verificando link com texto: 1010368370200
2025-05-02 12:54:19,237 - INFO - Thread 21212 - Sessão 3 - Verificando link com texto: 49.086.988 LUAN DE SOUSA FREIRE SINTICLEPEMP
2025-05-02 12:54:19,237 - INFO - Thread 33344 - Sessão 2 - Verificando link com texto: 20/02/24
2025-05-02 12:54:19,238 - INFO - Thread 21212 - Sessão 3 - Verificando link com texto: 1010402391970
2025-05-02 12:54:19,238 - INFO - Thread 33344 - Sessão 2 - Verificando link com texto: 924,72
2025-05-02 12:54:19,238 - INFO - Thread 21212 - Sessão 3 - Verificando link com texto: 20/05/24
2025-05-02 12:54:19,238 - INFO - Thread 33344 - Sessão 2 - Verificando link com texto: 0CPDD
2025-05-02 12:54:19,238 - INFO - Thread 21212 - Sessão 3 - Verificando link com texto: 1565,9
2025-05-02 12:54:19,238 - INFO - Thread 33344 - Sessão 2 - Verificando link com texto: 44.537.597 EVANIA FERREIRA DA SILVA SINTICLEPEMP
2025-05-02 12:54:19,238 - INFO - Thread 21212 - Sessão 3 - Verificando link com texto: 0CIX1
2025-05-02 12:54:19,239 - INFO - Thread 33344 - Sessão 2 - Verificando link com texto: 1010360940555
2025-05-02 12:54:19,239 - INFO - Thread 21212 - Sessão 3 - Verificando link com texto: 49.086.988 LUAN DE SOUSA FREIRE SINTICLEPEMP
2025-05-02 12:54:19,239 - INFO - Thread 33344 - Sessão 2 - Verificando link com texto: 20/01/24
2025-05-02 12:54:19,239 - INFO - Thread 21212 - Sessão 3 - Verificando link com texto: 1010393540041
2025-05-02 12:54:19,239 - INFO - Thread 33344 - Sessão 2 - Verificando link com texto: 771
2025-05-02 12:54:19,239 - INFO - Thread 21212 - Sessão 3 - Verificando link com texto: 20/04/24
2025-05-02 12:54:19,239 - INFO - Thread 33344 - Sessão 2 - Verificando link com texto: 0CPDD
2025-05-02 12:54:19,240 - INFO - Thread 21212 - Sessão 3 - Verificando link com texto: 1349,25
2025-05-02 12:54:19,240 - INFO - Thread 33344 - Sessão 2 - Verificando link com texto: 44.537.597 EVANIA FERREIRA DA SILVA SINTICLEPEMP
2025-05-02 12:54:19,240 - INFO - Thread 21212 - Sessão 3 - Verificando link com texto: 0CIX1
2025-05-02 12:54:19,240 - INFO - Thread 33344 - Sessão 2 - Verificando link com texto: 1010347715349
2025-05-02 12:54:19,240 - INFO - Thread 21212 - Sessão 3 - Verificando link com texto: 49.086.988 LUAN DE SOUSA FREIRE SINTICLEPEMP
2025-05-02 12:54:19,240 - INFO - Thread 33344 - Sessão 2 - Verificando link com texto: 20/12/23
2025-05-02 12:54:19,240 - INFO - Thread 21212 - Sessão 3 - Verificando link com texto: 1010380490717
2025-05-02 12:54:19,241 - INFO - Thread 33344 - Sessão 2 - Verificando link com texto: 1119
2025-05-02 12:54:19,241 - INFO - Thread 21212 - Sessão 3 - Verificando link com texto: 20/03/24
2025-05-02 12:54:19,241 - INFO - Thread 33344 - Sessão 2 - Verificando link com texto: 0CPDD
2025-05-02 12:54:19,241 - INFO - Thread 21212 - Sessão 3 - Verificando link com texto: 1349,25
2025-05-02 12:54:19,242 - INFO - Thread 33344 - Sessão 2 - Verificando link com texto: 44.537.597 EVANIA FERREIRA DA SILVA SINTICLEPEMP
2025-05-02 12:54:19,242 - INFO - Thread 21212 - Sessão 3 - Verificando link com texto: 0CIX1
2025-05-02 12:54:19,242 - INFO - Thread 33344 - Sessão 2 - Verificando link com texto: 1010336992508
2025-05-02 12:54:19,242 - INFO - Thread 21212 - Sessão 3 - Verificando link com texto: 49.086.988 LUAN DE SOUSA FREIRE SINTICLEPEMP
2025-05-02 12:54:19,242 - INFO - Thread 33344 - Sessão 2 - Verificando link com texto: 20/11/23
2025-05-02 12:54:19,243 - INFO - Thread 21212 - Sessão 3 - Verificando link com texto: 1010368367099
2025-05-02 12:54:19,243 - INFO - Thread 33344 - Sessão 2 - Verificando link com texto: 385,5
2025-05-02 12:54:19,243 - INFO - Thread 21212 - Sessão 3 - Verificando link com texto: 20/02/24
2025-05-02 12:54:19,243 - INFO - Thread 33344 - Sessão 2 - Verificando link com texto: 0CPDD
2025-05-02 12:54:19,243 - INFO - Thread 21212 - Sessão 3 - Verificando link com texto: 1618,26
2025-05-02 12:54:19,243 - INFO - Thread 33344 - Sessão 2 - Verificando link com texto: 44.537.597 EVANIA FERREIRA DA SILVA SINTICLEPEMP
2025-05-02 12:54:19,243 - INFO - Thread 21212 - Sessão 3 - Verificando link com texto: 0CIX1
2025-05-02 12:54:19,244 - INFO - Thread 33344 - Sessão 2 - Verificando link com texto: 1010326186835
2025-05-02 12:54:19,244 - INFO - Thread 21212 - Sessão 3 - Verificando link com texto: 49.086.988 LUAN DE SOUSA FREIRE SINTICLEPEMP
2025-05-02 12:54:19,244 - INFO - Thread 33344 - Sessão 2 - Verificando link com texto: 20/10/23
2025-05-02 12:54:19,244 - INFO - Thread 21212 - Sessão 3 - Verificando link com texto: 1010360937376
2025-05-02 12:54:19,244 - INFO - Thread 33344 - Sessão 2 - Verificando link com texto: 385,5
2025-05-02 12:54:19,244 - INFO - Thread 21212 - Sessão 3 - Verificando link com texto: 20/01/24
2025-05-02 12:54:19,244 - INFO - Thread 33344 - Sessão 2 - Verificando link com texto: 0CPDD
2025-05-02 12:54:19,245 - INFO - Thread 21212 - Sessão 3 - Verificando link com texto: 1349,25
2025-05-02 12:54:19,245 - INFO - Thread 33344 - Sessão 2 - Verificando link com texto: 44.537.597 EVANIA FERREIRA DA SILVA SINTICLEPEMP
2025-05-02 12:54:19,245 - INFO - Thread 21212 - Sessão 3 - Verificando link com texto: 0CIX1
2025-05-02 12:54:19,245 - INFO - Thread 33344 - Sessão 2 - Verificando link com texto: 1010314586698
2025-05-02 12:54:19,245 - INFO - Thread 21212 - Sessão 3 - Verificando link com texto: 49.086.988 LUAN DE SOUSA FREIRE SINTICLEPEMP
2025-05-02 12:54:19,245 - INFO - Thread 33344 - Sessão 2 - Verificando link com texto: 20/09/23
2025-05-02 12:54:19,246 - INFO - Thread 21212 - Sessão 3 - Verificando link com texto: 1010347712110
2025-05-02 12:54:19,246 - INFO - Thread 33344 - Sessão 2 - Verificando link com texto: 385,5
2025-05-02 12:54:19,246 - INFO - Thread 21212 - Sessão 3 - Verificando link com texto: 20/12/23
2025-05-02 12:54:19,246 - INFO - Thread 21212 - Sessão 3 - Verificando link com texto: 1349,25
2025-05-02 12:54:19,246 - INFO - Thread 33344 - Sessão 2 - Verificando link com texto: 0CPDD
2025-05-02 12:54:19,246 - INFO - Thread 21212 - Sessão 3 - Verificando link com texto: 0CIX1
2025-05-02 12:54:19,246 - INFO - Thread 33344 - Sessão 2 - Verificando link com texto: 44.537.597 EVANIA FERREIRA DA SILVA SINTICLEPEMP
2025-05-02 12:54:19,247 - INFO - Thread 21212 - Sessão 3 - Verificando link com texto: 49.086.988 LUAN DE SOUSA FREIRE SINTICLEPEMP
2025-05-02 12:54:19,247 - INFO - Thread 33344 - Sessão 2 - Verificando link com texto: 1010304987894
2025-05-02 12:54:19,247 - INFO - Thread 21212 - Sessão 3 - Verificando link com texto: 1010336989175
2025-05-02 12:54:19,247 - INFO - Thread 33344 - Sessão 2 - Verificando link com texto: 20/08/23
2025-05-02 12:54:19,247 - INFO - Thread 21212 - Sessão 3 - Verificando link com texto: 20/11/23
2025-05-02 12:54:19,247 - INFO - Thread 33344 - Sessão 2 - Verificando link com texto: 385,5
2025-05-02 12:54:19,248 - INFO - Thread 21212 - Sessão 3 - Verificando link com texto: 1349,25
2025-05-02 12:54:19,248 - INFO - Thread 33344 - Sessão 2 - Verificando link com texto: 0CPDD
2025-05-02 12:54:19,248 - INFO - Thread 21212 - Sessão 3 - Verificando link com texto: 0CIX1
2025-05-02 12:54:19,248 - INFO - Thread 33344 - Sessão 2 - Verificando link com texto: 44.537.597 EVANIA FERREIRA DA SILVA SINTICLEPEMP
2025-05-02 12:54:19,248 - INFO - Thread 21212 - Sessão 3 - Verificando link com texto: 49.086.988 LUAN DE SOUSA FREIRE SINTICLEPEMP
2025-05-02 12:54:19,248 - INFO - Thread 33344 - Sessão 2 - Verificando link com texto: 1010293090087
2025-05-02 12:54:19,249 - INFO - Thread 21212 - Sessão 3 - Verificando link com texto: 1010326183488
2025-05-02 12:54:19,249 - INFO - Thread 33344 - Sessão 2 - Verificando link com texto: 20/07/23
2025-05-02 12:54:19,249 - INFO - Thread 21212 - Sessão 3 - Verificando link com texto: 20/10/23
2025-05-02 12:54:19,249 - INFO - Thread 33344 - Sessão 2 - Verificando link com texto: 385,5
2025-05-02 12:54:19,249 - INFO - Thread 21212 - Sessão 3 - Verificando link com texto: 2199,45
2025-05-02 12:54:19,249 - INFO - Thread 33344 - Sessão 2 - Verificando link com texto: 0CPDD
2025-05-02 12:54:19,249 - INFO - Thread 21212 - Sessão 3 - Verificando link com texto: 0CIX1
2025-05-02 12:54:19,250 - INFO - Thread 33344 - Sessão 2 - Verificando link com texto: 44.537.597 EVANIA FERREIRA DA SILVA SINTICLEPEMP
2025-05-02 12:54:19,250 - INFO - Thread 21212 - Sessão 3 - Verificando link com texto: 49.086.988 LUAN DE SOUSA FREIRE SINTICLEPEMP
2025-05-02 12:54:19,250 - INFO - Thread 33344 - Sessão 2 - Verificando link com texto: 1010282597096
2025-05-02 12:54:19,250 - INFO - Thread 21212 - Sessão 3 - Verificando link com texto: 1010314583281
2025-05-02 12:54:19,250 - INFO - Thread 33344 - Sessão 2 - Verificando link com texto: 20/06/23
2025-05-02 12:54:19,250 - INFO - Thread 21212 - Sessão 3 - Verificando link com texto: 20/09/23
2025-05-02 12:54:19,250 - INFO - Thread 33344 - Sessão 2 - Verificando link com texto: 385,5
2025-05-02 12:54:19,251 - INFO - Thread 21212 - Sessão 3 - Verificando link com texto: 578,25
2025-05-02 12:54:19,251 - INFO - Thread 33344 - Sessão 2 - Verificando link com texto: 0CPDD
2025-05-02 12:54:19,251 - INFO - Thread 21212 - Sessão 3 - Verificando link com texto: 0CIX1
2025-05-02 12:54:19,251 - INFO - Thread 33344 - Sessão 2 - Verificando link com texto: 44.537.597 EVANIA FERREIRA DA SILVA SINTICLEPEMP
2025-05-02 12:54:19,251 - INFO - Thread 21212 - Sessão 3 - Verificando link com texto: 49.086.988 LUAN DE SOUSA FREIRE SINTICLEPEMP
2025-05-02 12:54:19,251 - INFO - Thread 33344 - Sessão 2 - Verificando link com texto: 1010272478817
2025-05-02 12:54:19,252 - INFO - Thread 21212 - Sessão 3 - Verificando link com texto: 1010304984364
2025-05-02 12:54:19,252 - INFO - Thread 33344 - Sessão 2 - Verificando link com texto: 20/05/23
2025-05-02 12:54:19,252 - INFO - Thread 21212 - Sessão 3 - Verificando link com texto: 20/08/23
2025-05-02 12:54:19,252 - INFO - Thread 33344 - Sessão 2 - Verificando link com texto: 472,34
2025-05-02 12:54:19,252 - INFO - Thread 21212 - Sessão 3 - Verificando link com texto: 578,25
2025-05-02 12:54:19,252 - INFO - Thread 33344 - Sessão 2 - Verificando link com texto: 0CPDD
2025-05-02 12:54:19,252 - INFO - Thread 21212 - Sessão 3 - Verificando link com texto: 0CIX1
2025-05-02 12:54:19,253 - INFO - Thread 33344 - Sessão 2 - Verificando link com texto: 44.537.597 EVANIA FERREIRA DA SILVA SINTICLEPEMP
2025-05-02 12:54:19,253 - INFO - Thread 21212 - Sessão 3 - Verificando link com texto: 49.086.988 LUAN DE SOUSA FREIRE SINTICLEPEMP
2025-05-02 12:54:19,253 - INFO - Thread 33344 - Sessão 2 - Verificando link com texto: 1010262056650
2025-05-02 12:54:19,253 - INFO - Thread 21212 - Sessão 3 - Verificando link com texto: 1010293086403
2025-05-02 12:54:19,253 - INFO - Thread 33344 - Sessão 2 - Verificando link com texto: 20/04/23
2025-05-02 12:54:19,253 - INFO - Thread 21212 - Sessão 3 - Verificando link com texto: 20/07/23
2025-05-02 12:54:19,254 - INFO - Thread 33344 - Sessão 2 - Verificando link com texto: 344,2
2025-05-02 12:54:19,254 - INFO - Thread 21212 - Sessão 3 - Verificando link com texto: 578,25
2025-05-02 12:54:19,254 - INFO - Thread 33344 - Sessão 2 - Verificando link com texto: 0CPDD
2025-05-02 12:54:19,254 - INFO - Thread 21212 - Sessão 3 - Verificando link com texto: 0CIX1
2025-05-02 12:54:19,254 - INFO - Thread 33344 - Sessão 2 - Verificando link com texto: 44.537.597 EVANIA FERREIRA DA SILVA SINTICLEPEMP
2025-05-02 12:54:19,254 - INFO - Thread 21212 - Sessão 3 - Verificando link com texto: 49.086.988 LUAN DE SOUSA FREIRE SINTICLEPEMP
2025-05-02 12:54:19,255 - INFO - Thread 33344 - Sessão 2 - Verificando link com texto: 28141000021153611
2025-05-02 12:54:19,255 - INFO - Thread 21212 - Sessão 3 - Verificando link com texto: 1010282593325
2025-05-02 12:54:19,255 - INFO - Thread 33344 - Sessão 2 - Verificando link com texto: 20/03/23
2025-05-02 12:54:19,255 - INFO - Thread 21212 - Sessão 3 - Verificando link com texto: 20/06/23
2025-05-02 12:54:19,255 - INFO - Thread 33344 - Sessão 2 - Verificando link com texto: 379,56
2025-05-02 12:54:19,255 - INFO - Thread 21212 - Sessão 3 - Verificando link com texto: 578,25
2025-05-02 12:54:19,256 - ERROR - Thread 33344 - Sessão 2 - Data de vencimento 20/05/25 não encontrada. Datas disponíveis: ['0CPDD', '44.537.597 EVANIA FERREIRA DA SILVA SINTICLEPEMP', '1010526365865', '20/04/25', '840,36', '0CPDD', '44.537.597 EVANIA FERREIRA DA SILVA SINTICLEPEMP', '1010517416100', '20/03/25', '840,36', '0CPDD', '44.537.597 EVANIA FERREIRA DA SILVA SINTICLEPEMP', '1010502973008', '20/02/25', '840,36', '0CPDD', '44.537.597 EVANIA FERREIRA DA SILVA SINTICLEPEMP', '1010492577407', '20/01/25', '840,36', '0CPDD', '44.537.597 EVANIA FERREIRA DA SILVA SINTICLEPEMP', '1010481536674', '20/12/24', '840,36', '0CPDD', '44.537.597 EVANIA FERREIRA DA SILVA SINTICLEPEMP', '1010468973136', '20/11/24', '840,36', '0CPDD', '44.537.597 EVANIA FERREIRA DA SILVA SINTICLEPEMP', '1010461020753', '20/10/24', '840,36', '0CPDD', '44.537.597 EVANIA FERREIRA DA SILVA SINTICLEPEMP', '1010447319305', '20/09/24', '840,36', '0CPDD', '44.537.597 EVANIA FERREIRA DA SILVA SINTICLEPEMP', '1010435254645', '20/08/24', '840,36', '0CPDD', '44.537.597 EVANIA FERREIRA DA SILVA SINTICLEPEMP', '1010425802801', '20/07/24', '840,36', '0CPDD', '44.537.597 EVANIA FERREIRA DA SILVA SINTICLEPEMP', '1010413641816', '20/06/24', '840,36', '0CPDD', '44.537.597 EVANIA FERREIRA DA SILVA SINTICLEPEMP', '1010402394405', '20/05/24', '894,8', '0CPDD', '44.537.597 EVANIA FERREIRA DA SILVA SINTICLEPEMP', '1010393542621', '20/04/24', '771', '0CPDD', '44.537.597 EVANIA FERREIRA DA SILVA SINTICLEPEMP', '1010380493481', '20/03/24', '771', '0CPDD', '44.537.597 EVANIA FERREIRA DA SILVA SINTICLEPEMP', '1010368370200', '20/02/24', '924,72', '0CPDD', '44.537.597 EVANIA FERREIRA DA SILVA SINTICLEPEMP', '1010360940555', '20/01/24', '771', '0CPDD', '44.537.597 EVANIA FERREIRA DA SILVA SINTICLEPEMP', '1010347715349', '20/12/23', '1119', '0CPDD', '44.537.597 EVANIA FERREIRA DA SILVA SINTICLEPEMP', '1010336992508', '20/11/23', '385,5', '0CPDD', '44.537.597 EVANIA FERREIRA DA SILVA SINTICLEPEMP', '1010326186835', '20/10/23', '385,5', '0CPDD', '44.537.597 EVANIA FERREIRA DA SILVA SINTICLEPEMP', '1010314586698', '20/09/23', '385,5', '0CPDD', '44.537.597 EVANIA FERREIRA DA SILVA SINTICLEPEMP', '1010304987894', '20/08/23', '385,5', '0CPDD', '44.537.597 EVANIA FERREIRA DA SILVA SINTICLEPEMP', '1010293090087', '20/07/23', '385,5', '0CPDD', '44.537.597 EVANIA FERREIRA DA SILVA SINTICLEPEMP', '1010282597096', '20/06/23', '385,5', '0CPDD', '44.537.597 EVANIA FERREIRA DA SILVA SINTICLEPEMP', '1010272478817', '20/05/23', '472,34', '0CPDD', '44.537.597 EVANIA FERREIRA DA SILVA SINTICLEPEMP', '1010262056650', '20/04/23', '344,2', '0CPDD', '44.537.597 EVANIA FERREIRA DA SILVA SINTICLEPEMP', '28141000021153611', '20/03/23', '379,56']
2025-05-02 12:54:19,256 - INFO - Thread 21212 - Sessão 3 - Verificando link com texto: 0CIX1
2025-05-02 12:54:19,256 - INFO - Thread 21212 - Sessão 3 - Verificando link com texto: 49.086.988 LUAN DE SOUSA FREIRE SINTICLEPEMP
2025-05-02 12:54:19,257 - INFO - Thread 25140 - Progresso: 2/3 (66%)
2025-05-02 12:54:19,257 - INFO - Thread 21212 - Sessão 3 - Verificando link com texto: 1010272474935
2025-05-02 12:54:19,257 - INFO - Thread 21212 - Sessão 3 - Verificando link com texto: 20/05/23
2025-05-02 12:54:19,257 - INFO - Thread 21212 - Sessão 3 - Verificando link com texto: 729,18
2025-05-02 12:54:19,257 - INFO - Thread 21212 - Sessão 3 - Verificando link com texto: 0CIX1
2025-05-02 12:54:19,257 - INFO - Thread 21212 - Sessão 3 - Verificando link com texto: 49.086.988 LUAN DE SOUSA FREIRE SINTICLEPEMP
2025-05-02 12:54:19,257 - INFO - Thread 21212 - Sessão 3 - Verificando link com texto: 1010262052990
2025-05-02 12:54:19,257 - INFO - Thread 21212 - Sessão 3 - Verificando link com texto: 20/04/23
2025-05-02 12:54:19,258 - INFO - Thread 21212 - Sessão 3 - Verificando link com texto: 614,29
2025-05-02 12:54:19,258 - INFO - Thread 21212 - Sessão 3 - Verificando link com texto: 0CIX1
2025-05-02 12:54:19,258 - INFO - Thread 21212 - Sessão 3 - Verificando link com texto: 49.086.988 LUAN DE SOUSA FREIRE SINTICLEPEMP
2025-05-02 12:54:19,258 - INFO - Thread 21212 - Sessão 3 - Verificando link com texto: 28141000020799519
2025-05-02 12:54:19,258 - INFO - Thread 21212 - Sessão 3 - Verificando link com texto: 20/03/23
2025-05-02 12:54:19,258 - INFO - Thread 21212 - Sessão 3 - Verificando link com texto: 643,44
2025-05-02 12:54:19,259 - ERROR - Thread 21212 - Sessão 3 - Data de vencimento 20/05/25 não encontrada. Datas disponíveis: ['0CIX1', '49.086.988 LUAN DE SOUSA FREIRE SINTICLEPEMP', '1010526363579', '20/04/25', '1470,63', '0CIX1', '49.086.988 LUAN DE SOUSA FREIRE SINTICLEPEMP', '1010517414018', '20/03/25', '1470,63', '0CIX1', '49.086.988 LUAN DE SOUSA FREIRE SINTICLEPEMP', '1010502970726', '20/02/25', '1470,63', '0CIX1', '49.086.988 LUAN DE SOUSA FREIRE SINTICLEPEMP', '1010492575129', '20/01/25', '1470,63', '0CIX1', '49.086.988 LUAN DE SOUSA FREIRE SINTICLEPEMP', '1010481534388', '20/12/24', '1470,63', '0CIX1', '49.086.988 LUAN DE SOUSA FREIRE SINTICLEPEMP', '1010468970790', '20/11/24', '1470,63', '0CIX1', '49.086.988 LUAN DE SOUSA FREIRE SINTICLEPEMP', '1010461018392', '20/10/24', '1470,63', '0CIX1', '49.086.988 LUAN DE SOUSA FREIRE SINTICLEPEMP', '1010447316861', '20/09/24', '1470,63', '0CIX1', '49.086.988 LUAN DE SOUSA FREIRE SINTICLEPEMP', '1010435252200', '20/08/24', '1470,63', '0CIX1', '49.086.988 LUAN DE SOUSA FREIRE SINTICLEPEMP', '1010425800329', '20/07/24', '1470,63', '0CIX1', '49.086.988 LUAN DE SOUSA FREIRE SINTICLEPEMP', '1010413639420', '20/06/24', '1470,63', '0CIX1', '49.086.988 LUAN DE SOUSA FREIRE SINTICLEPEMP', '1010402391970', '20/05/24', '1565,9', '0CIX1', '49.086.988 LUAN DE SOUSA FREIRE SINTICLEPEMP', '1010393540041', '20/04/24', '1349,25', '0CIX1', '49.086.988 LUAN DE SOUSA FREIRE SINTICLEPEMP', '1010380490717', '20/03/24', '1349,25', '0CIX1', '49.086.988 LUAN DE SOUSA FREIRE SINTICLEPEMP', '1010368367099', '20/02/24', '1618,26', '0CIX1', '49.086.988 LUAN DE SOUSA FREIRE SINTICLEPEMP', '1010360937376', '20/01/24', '1349,25', '0CIX1', '49.086.988 LUAN DE SOUSA FREIRE SINTICLEPEMP', '1010347712110', '20/12/23', '1349,25', '0CIX1', '49.086.988 LUAN DE SOUSA FREIRE SINTICLEPEMP', '1010336989175', '20/11/23', '1349,25', '0CIX1', '49.086.988 LUAN DE SOUSA FREIRE SINTICLEPEMP', '1010326183488', '20/10/23', '2199,45', '0CIX1', '49.086.988 LUAN DE SOUSA FREIRE SINTICLEPEMP', '1010314583281', '20/09/23', '578,25', '0CIX1', '49.086.988 LUAN DE SOUSA FREIRE SINTICLEPEMP', '1010304984364', '20/08/23', '578,25', '0CIX1', '49.086.988 LUAN DE SOUSA FREIRE SINTICLEPEMP', '1010293086403', '20/07/23', '578,25', '0CIX1', '49.086.988 LUAN DE SOUSA FREIRE SINTICLEPEMP', '1010282593325', '20/06/23', '578,25', '0CIX1', '49.086.988 LUAN DE SOUSA FREIRE SINTICLEPEMP', '1010272474935', '20/05/23', '729,18', '0CIX1', '49.086.988 LUAN DE SOUSA FREIRE SINTICLEPEMP', '1010262052990', '20/04/23', '614,29', '0CIX1', '49.086.988 LUAN DE SOUSA FREIRE SINTICLEPEMP', '28141000020799519', '20/03/23', '643,44']
2025-05-02 12:54:19,259 - INFO - Thread 25140 - Progresso: 3/3 (100%)
2025-05-02 12:54:19,282 - INFO - Thread 25140 - Status atualizados no Excel com sucesso
2025-05-02 12:54:19,282 - INFO - Thread 25140 - Extração de notas fiscais concluída
2025-05-02 12:54:19,283 - INFO - Thread 25140 - Subpasta vazia removida: C:\Users\chrys\OneDrive\Desktop\Site\downloads\driver_1
2025-05-02 12:54:19,284 - INFO - Thread 25140 - Subpasta vazia removida: C:\Users\chrys\OneDrive\Desktop\Site\downloads\driver_2
2025-05-02 12:54:19,284 - INFO - Thread 25140 - Subpasta vazia removida: C:\Users\chrys\OneDrive\Desktop\Site\downloads\driver_3
2025-05-02 12:54:19,285 - INFO - Thread 25140 - Subpasta vazia removida: C:\Users\chrys\OneDrive\Desktop\Site\downloads\driver_4
2025-05-02 12:54:19,285 - INFO - Thread 25140 - Subpasta vazia removida: C:\Users\chrys\OneDrive\Desktop\Site\downloads\driver_5
2025-05-02 12:54:19,286 - INFO - Thread 25140 - Subpasta vazia removida: C:\Users\chrys\OneDrive\Desktop\Site\downloads\driver_6
2025-05-02 12:54:19,286 - INFO - Thread 25140 - Subpasta vazia removida: C:\Users\chrys\OneDrive\Desktop\Site\downloads\driver_7
2025-05-02 12:54:19,286 - INFO - Thread 25140 - Subpasta vazia removida: C:\Users\chrys\OneDrive\Desktop\Site\downloads\driver_8
2025-05-02 12:54:19,288 - INFO - Thread 25140 - Sessão 1 fechada com sucesso
2025-05-02 12:54:19,289 - INFO - Thread 25140 - Sessão 2 fechada com sucesso
2025-05-02 12:54:19,291 - INFO - Thread 25140 - Sessão 3 fechada com sucesso
2025-05-02 12:54:19,291 - INFO - Thread 25140 - Sessão 4 fechada com sucesso
2025-05-02 12:54:19,291 - INFO - Thread 25140 - Sessão 5 fechada com sucesso
2025-05-02 12:54:19,291 - INFO - Thread 25140 - Sessão 6 fechada com sucesso
2025-05-02 12:54:19,291 - INFO - Thread 25140 - Sessão 7 fechada com sucesso
2025-05-02 12:54:19,291 - INFO - Thread 25140 - Sessão 8 fechada com sucesso
2025-05-02 12:54:19,291 - INFO - Thread 25140 - Extração de notas fiscais concluída. 3 notas geradas.
2025-05-02 12:54:19,292 - INFO - Thread 25140 - Iniciando extração de relatórios
2025-05-02 12:54:19,292 - INFO - Thread 25140 - Iniciando extração de relatórios Hapvida
2025-05-02 12:54:19,312 - INFO - Thread 25140 - Total de linhas a processar: 3
2025-05-02 12:54:19,312 - INFO - Thread 25140 - Pasta de downloads criada: C:\Users\chrys\OneDrive\Desktop\Site\downloads\driver_1
2025-05-02 12:54:19,313 - INFO - Thread 25140 - Sessão 1 configurada com sucesso
2025-05-02 12:54:19,313 - INFO - Thread 25140 - Pasta de downloads criada: C:\Users\chrys\OneDrive\Desktop\Site\downloads\driver_2
2025-05-02 12:54:19,314 - INFO - Thread 25140 - Sessão 2 configurada com sucesso
2025-05-02 12:54:19,314 - INFO - Thread 25140 - Pasta de downloads criada: C:\Users\chrys\OneDrive\Desktop\Site\downloads\driver_3
2025-05-02 12:54:19,315 - INFO - Thread 25140 - Sessão 3 configurada com sucesso
2025-05-02 12:54:19,315 - INFO - Thread 25140 - Pasta de downloads criada: C:\Users\chrys\OneDrive\Desktop\Site\downloads\driver_4
2025-05-02 12:54:19,315 - INFO - Thread 25140 - Sessão 4 configurada com sucesso
2025-05-02 12:54:19,316 - INFO - Thread 25140 - Pasta de downloads criada: C:\Users\chrys\OneDrive\Desktop\Site\downloads\driver_5
2025-05-02 12:54:19,316 - INFO - Thread 25140 - Sessão 5 configurada com sucesso
2025-05-02 12:54:19,316 - INFO - Thread 25140 - Pasta de downloads criada: C:\Users\chrys\OneDrive\Desktop\Site\downloads\driver_6
2025-05-02 12:54:19,317 - INFO - Thread 25140 - Sessão 6 configurada com sucesso
2025-05-02 12:54:19,317 - INFO - Thread 25140 - Pasta de downloads criada: C:\Users\chrys\OneDrive\Desktop\Site\downloads\driver_7
2025-05-02 12:54:19,318 - INFO - Thread 25140 - Sessão 7 configurada com sucesso
2025-05-02 12:54:19,318 - INFO - Thread 25140 - Pasta de downloads criada: C:\Users\chrys\OneDrive\Desktop\Site\downloads\driver_8
2025-05-02 12:54:19,318 - INFO - Thread 25140 - Sessão 8 configurada com sucesso
2025-05-02 12:54:19,320 - INFO - Thread 5256 - Sessão 1 - Iniciando login para CNPJ: 37233759000124
2025-05-02 12:54:19,321 - DEBUG - Thread 5256 - Starting new HTTPS connection (1): webhap.hapvida.com.br:443
2025-05-02 12:54:19,321 - INFO - Thread 20780 - Sessão 2 - Iniciando login para CNPJ: 44537597000183
2025-05-02 12:54:19,323 - DEBUG - Thread 20780 - Starting new HTTPS connection (1): webhap.hapvida.com.br:443
2025-05-02 12:54:19,323 - INFO - Thread 24764 - Sessão 3 - Iniciando login para CNPJ: 49086988000142
2025-05-02 12:54:19,324 - DEBUG - Thread 24764 - Starting new HTTPS connection (1): webhap.hapvida.com.br:443
2025-05-02 12:54:20,348 - DEBUG - Thread 24764 - https://webhap.hapvida.com.br:443 "POST /pls/webhap/webNewTrocaArquivo.loginValidacao HTTP/11" 302 2
2025-05-02 12:54:20,369 - DEBUG - Thread 5256 - https://webhap.hapvida.com.br:443 "POST /pls/webhap/webNewTrocaArquivo.loginValidacao HTTP/11" 302 2
2025-05-02 12:54:20,370 - DEBUG - Thread 20780 - https://webhap.hapvida.com.br:443 "POST /pls/webhap/webNewTrocaArquivo.loginValidacao HTTP/11" 302 2
2025-05-02 12:54:20,455 - DEBUG - Thread 24764 - https://webhap.hapvida.com.br:443 "GET /pls/webhap/webNewTrocaArquivo.Menu?pPessoa=206229677&pNoCache=1202542521&pIdSessao=rWeUN60lEAMLWPPP9gqDGh1D0Q1feYaE6F HTTP/11" 200 None
2025-05-02 12:54:20,457 - INFO - Thread 24764 - Sessão 3 - Status do login: 200, URL: https://webhap.hapvida.com.br/pls/webhap/webNewTrocaArquivo.Menu?pPessoa=206229677&pNoCache=1202542521&pIdSessao=rWeUN60lEAMLWPPP9gqDGh1D0Q1feYaE6F
2025-05-02 12:54:20,457 - INFO - Thread 24764 - Sessão 3 - Cookies após login: {}
2025-05-02 12:54:20,457 - INFO - Thread 24764 - Sessão 3 - Login bem-sucedido
2025-05-02 12:54:20,466 - INFO - Thread 24764 - Sessão 3 - Acessando URL de download: https://webhap.hapvida.com.br/pls/webhap/webNewTrocaArquivo2.Download?pPessoa=206229677&pNoCache=1202542521&pIdSessao=rWeUN60lEAMLWPPP9gqDGh1D0Q1feYaE6F
2025-05-02 12:54:20,478 - DEBUG - Thread 20780 - https://webhap.hapvida.com.br:443 "GET /pls/webhap/webNewTrocaArquivo.Menu?pPessoa=206960770&pNoCache=1202542521&pIdSessao=rWeUN60lEAMLWPPP9gqDGh1Emg7Lgf6FSt HTTP/11" 200 None
2025-05-02 12:54:20,479 - INFO - Thread 20780 - Sessão 2 - Status do login: 200, URL: https://webhap.hapvida.com.br/pls/webhap/webNewTrocaArquivo.Menu?pPessoa=206960770&pNoCache=1202542521&pIdSessao=rWeUN60lEAMLWPPP9gqDGh1Emg7Lgf6FSt
2025-05-02 12:54:20,479 - INFO - Thread 20780 - Sessão 2 - Cookies após login: {}
2025-05-02 12:54:20,479 - INFO - Thread 20780 - Sessão 2 - Login bem-sucedido
2025-05-02 12:54:20,485 - DEBUG - Thread 5256 - https://webhap.hapvida.com.br:443 "GET /pls/webhap/webNewTrocaArquivo.Menu?pPessoa=215114402&pNoCache=1202542521&pIdSessao=rWeUN60lEAMLWPPP9gqDGh1C/KYdVVho6K HTTP/11" 200 None
2025-05-02 12:54:20,491 - INFO - Thread 20780 - Sessão 2 - Acessando URL de download: https://webhap.hapvida.com.br/pls/webhap/webNewTrocaArquivo2.Download?pPessoa=206960770&pNoCache=1202542521&pIdSessao=rWeUN60lEAMLWPPP9gqDGh1Emg7Lgf6FSt
2025-05-02 12:54:20,491 - INFO - Thread 5256 - Sessão 1 - Status do login: 200, URL: https://webhap.hapvida.com.br/pls/webhap/webNewTrocaArquivo.Menu?pPessoa=215114402&pNoCache=1202542521&pIdSessao=rWeUN60lEAMLWPPP9gqDGh1C/KYdVVho6K
2025-05-02 12:54:20,491 - INFO - Thread 5256 - Sessão 1 - Cookies após login: {}
2025-05-02 12:54:20,492 - INFO - Thread 5256 - Sessão 1 - Login bem-sucedido
2025-05-02 12:54:20,498 - INFO - Thread 5256 - Sessão 1 - Acessando URL de download: https://webhap.hapvida.com.br/pls/webhap/webNewTrocaArquivo2.Download?pPessoa=215114402&pNoCache=1202542521&pIdSessao=rWeUN60lEAMLWPPP9gqDGh1C/KYdVVho6K
2025-05-02 12:54:21,150 - DEBUG - Thread 24764 - https://webhap.hapvida.com.br:443 "GET /pls/webhap/webNewTrocaArquivo2.Download?pPessoa=206229677&pNoCache=1202542521&pIdSessao=rWeUN60lEAMLWPPP9gqDGh1D0Q1feYaE6F HTTP/11" 200 None
2025-05-02 12:54:21,150 - INFO - Thread 24764 - Sessão 3 - Status da página de download: 200
2025-05-02 12:54:21,267 - DEBUG - Thread 24764 - https://webhap.hapvida.com.br:443 "GET /servicos_online/downloads/HUMASTER/EMPRESA_0CIX1_REMESSA_4265428.PDF HTTP/11" 200 10564
2025-05-02 12:54:21,269 - INFO - Thread 24764 - Sessão 3 - Status do download PDF (tentativa 1): 200
2025-05-02 12:54:21,272 - INFO - Thread 24764 - Sessão 3 - PDF salvo: C:\Users\chrys\OneDrive\Desktop\Site\downloads\driver_3\EMPRESA_0CIX1_REMESSA_4265428.pdf
2025-05-02 12:54:21,374 - DEBUG - Thread 24764 - https://webhap.hapvida.com.br:443 "GET /servicos_online/downloads/HUMASTER/EMPRESA_0CIX1_REMESSA_4265428.CSV HTTP/11" 200 3431
2025-05-02 12:54:21,376 - INFO - Thread 24764 - Sessão 3 - Status do download CSV (tentativa 1): 200
2025-05-02 12:54:21,378 - INFO - Thread 24764 - Sessão 3 - CSV salvo: C:\Users\chrys\OneDrive\Desktop\Site\downloads\driver_3\EMPRESA_0CIX1_REMESSA_4265428.csv
2025-05-02 12:54:21,379 - INFO - Thread 25140 - Progresso: 1/3 (33%)
2025-05-02 12:54:21,653 - DEBUG - Thread 20780 - https://webhap.hapvida.com.br:443 "GET /pls/webhap/webNewTrocaArquivo2.Download?pPessoa=206960770&pNoCache=1202542521&pIdSessao=rWeUN60lEAMLWPPP9gqDGh1Emg7Lgf6FSt HTTP/11" 200 None
2025-05-02 12:54:21,655 - INFO - Thread 20780 - Sessão 2 - Status da página de download: 200
2025-05-02 12:54:22,067 - DEBUG - Thread 20780 - https://webhap.hapvida.com.br:443 "GET /servicos_online/downloads/HUMASTER/EMPRESA_0CPDD_REMESSA_4265428.PDF HTTP/11" 200 6540
2025-05-02 12:54:22,069 - INFO - Thread 20780 - Sessão 2 - Status do download PDF (tentativa 1): 200
2025-05-02 12:54:22,072 - INFO - Thread 20780 - Sessão 2 - PDF salvo: C:\Users\chrys\OneDrive\Desktop\Site\downloads\driver_2\EMPRESA_0CPDD_REMESSA_4265428.pdf
2025-05-02 12:54:22,167 - DEBUG - Thread 20780 - https://webhap.hapvida.com.br:443 "GET /servicos_online/downloads/HUMASTER/EMPRESA_0CPDD_REMESSA_4265428.CSV HTTP/11" 200 2063
2025-05-02 12:54:22,169 - INFO - Thread 20780 - Sessão 2 - Status do download CSV (tentativa 1): 200
2025-05-02 12:54:22,171 - INFO - Thread 20780 - Sessão 2 - CSV salvo: C:\Users\chrys\OneDrive\Desktop\Site\downloads\driver_2\EMPRESA_0CPDD_REMESSA_4265428.csv
2025-05-02 12:54:22,172 - INFO - Thread 25140 - Progresso: 2/3 (66%)
2025-05-02 12:54:22,192 - DEBUG - Thread 5256 - https://webhap.hapvida.com.br:443 "GET /pls/webhap/webNewTrocaArquivo2.Download?pPessoa=215114402&pNoCache=1202542521&pIdSessao=rWeUN60lEAMLWPPP9gqDGh1C/KYdVVho6K HTTP/11" 200 None
2025-05-02 12:54:22,193 - INFO - Thread 5256 - Sessão 1 - Status da página de download: 200
2025-05-02 12:54:22,395 - DEBUG - Thread 5256 - https://webhap.hapvida.com.br:443 "GET /servicos_online/downloads/HUMASTER/EMPRESA_0DTY7_REMESSA_4265427.PDF HTTP/11" 200 10082
2025-05-02 12:54:22,395 - INFO - Thread 5256 - Sessão 1 - Status do download PDF (tentativa 1): 200
2025-05-02 12:54:22,396 - INFO - Thread 5256 - Sessão 1 - PDF salvo: C:\Users\chrys\OneDrive\Desktop\Site\downloads\driver_1\EMPRESA_0DTY7_REMESSA_4265427.pdf
2025-05-02 12:54:22,493 - DEBUG - Thread 5256 - https://webhap.hapvida.com.br:443 "GET /servicos_online/downloads/HUMASTER/EMPRESA_0DTY7_REMESSA_4265427.CSV HTTP/11" 200 2279
2025-05-02 12:54:22,495 - INFO - Thread 5256 - Sessão 1 - Status do download CSV (tentativa 1): 200
2025-05-02 12:54:22,497 - INFO - Thread 5256 - Sessão 1 - CSV salvo: C:\Users\chrys\OneDrive\Desktop\Site\downloads\driver_1\EMPRESA_0DTY7_REMESSA_4265427.csv
2025-05-02 12:54:22,498 - INFO - Thread 25140 - Progresso: 3/3 (100%)
2025-05-02 12:54:22,551 - INFO - Thread 25140 - Status atualizados no Excel com sucesso
2025-05-02 12:54:22,552 - INFO - Thread 25140 - Arquivo movido: C:\Users\chrys\OneDrive\Desktop\Site\downloads\driver_1\EMPRESA_0DTY7_REMESSA_4265427.csv -> C:\Users\chrys\OneDrive\Desktop\Site\downloads\EMPRESA_0DTY7_REMESSA_4265427.csv
2025-05-02 12:54:22,553 - INFO - Thread 25140 - Arquivo movido: C:\Users\chrys\OneDrive\Desktop\Site\downloads\driver_1\EMPRESA_0DTY7_REMESSA_4265427.pdf -> C:\Users\chrys\OneDrive\Desktop\Site\downloads\EMPRESA_0DTY7_REMESSA_4265427.pdf
2025-05-02 12:54:22,554 - INFO - Thread 25140 - Subpasta vazia removida: C:\Users\chrys\OneDrive\Desktop\Site\downloads\driver_1
2025-05-02 12:54:22,555 - INFO - Thread 25140 - Arquivo movido: C:\Users\chrys\OneDrive\Desktop\Site\downloads\driver_2\EMPRESA_0CPDD_REMESSA_4265428.csv -> C:\Users\chrys\OneDrive\Desktop\Site\downloads\EMPRESA_0CPDD_REMESSA_4265428.csv
2025-05-02 12:54:22,556 - INFO - Thread 25140 - Arquivo movido: C:\Users\chrys\OneDrive\Desktop\Site\downloads\driver_2\EMPRESA_0CPDD_REMESSA_4265428.pdf -> C:\Users\chrys\OneDrive\Desktop\Site\downloads\EMPRESA_0CPDD_REMESSA_4265428.pdf
2025-05-02 12:54:22,557 - INFO - Thread 25140 - Subpasta vazia removida: C:\Users\chrys\OneDrive\Desktop\Site\downloads\driver_2
2025-05-02 12:54:22,558 - INFO - Thread 25140 - Arquivo movido: C:\Users\chrys\OneDrive\Desktop\Site\downloads\driver_3\EMPRESA_0CIX1_REMESSA_4265428.csv -> C:\Users\chrys\OneDrive\Desktop\Site\downloads\EMPRESA_0CIX1_REMESSA_4265428.csv
2025-05-02 12:54:22,559 - INFO - Thread 25140 - Arquivo movido: C:\Users\chrys\OneDrive\Desktop\Site\downloads\driver_3\EMPRESA_0CIX1_REMESSA_4265428.pdf -> C:\Users\chrys\OneDrive\Desktop\Site\downloads\EMPRESA_0CIX1_REMESSA_4265428.pdf
2025-05-02 12:54:22,560 - INFO - Thread 25140 - Subpasta vazia removida: C:\Users\chrys\OneDrive\Desktop\Site\downloads\driver_3
2025-05-02 12:54:22,560 - INFO - Thread 25140 - Subpasta vazia removida: C:\Users\chrys\OneDrive\Desktop\Site\downloads\driver_4
2025-05-02 12:54:22,561 - INFO - Thread 25140 - Subpasta vazia removida: C:\Users\chrys\OneDrive\Desktop\Site\downloads\driver_5
2025-05-02 12:54:22,562 - INFO - Thread 25140 - Subpasta vazia removida: C:\Users\chrys\OneDrive\Desktop\Site\downloads\driver_6
2025-05-02 12:54:22,562 - INFO - Thread 25140 - Subpasta vazia removida: C:\Users\chrys\OneDrive\Desktop\Site\downloads\driver_7
2025-05-02 12:54:22,563 - INFO - Thread 25140 - Subpasta vazia removida: C:\Users\chrys\OneDrive\Desktop\Site\downloads\driver_8
2025-05-02 12:54:22,563 - INFO - Thread 25140 - Extração de relatórios concluída
2025-05-02 12:54:22,565 - INFO - Thread 25140 - Sessão 1 fechada com sucesso
2025-05-02 12:54:22,567 - INFO - Thread 25140 - Sessão 2 fechada com sucesso
2025-05-02 12:54:22,569 - INFO - Thread 25140 - Sessão 3 fechada com sucesso
2025-05-02 12:54:22,569 - INFO - Thread 25140 - Sessão 4 fechada com sucesso
2025-05-02 12:54:22,569 - INFO - Thread 25140 - Sessão 5 fechada com sucesso
2025-05-02 12:54:22,569 - INFO - Thread 25140 - Sessão 6 fechada com sucesso
2025-05-02 12:54:22,569 - INFO - Thread 25140 - Sessão 7 fechada com sucesso
2025-05-02 12:54:22,569 - INFO - Thread 25140 - Sessão 8 fechada com sucesso
2025-05-02 12:54:22,569 - INFO - Thread 25140 - Extração de relatórios concluída. 9 relatórios gerados.
2025-05-02 12:54:55,835 - INFO - Thread 512 - Iniciando extração de notas fiscais
2025-05-02 12:54:55,835 - INFO - Thread 512 - Iniciando extração de notas fiscais
2025-05-02 12:54:55,851 - INFO - Thread 512 - Total de empresas a processar: 3
2025-05-02 12:54:55,851 - INFO - Thread 512 - Pasta de downloads criada: C:\Users\chrys\OneDrive\Desktop\Site\downloads\driver_1
2025-05-02 12:54:55,852 - INFO - Thread 512 - Sessão 1 configurada com sucesso
2025-05-02 12:54:55,853 - INFO - Thread 512 - Pasta de downloads criada: C:\Users\chrys\OneDrive\Desktop\Site\downloads\driver_2
2025-05-02 12:54:55,854 - INFO - Thread 512 - Sessão 2 configurada com sucesso
2025-05-02 12:54:55,854 - INFO - Thread 512 - Pasta de downloads criada: C:\Users\chrys\OneDrive\Desktop\Site\downloads\driver_3
2025-05-02 12:54:55,855 - INFO - Thread 512 - Sessão 3 configurada com sucesso
2025-05-02 12:54:55,855 - INFO - Thread 512 - Pasta de downloads criada: C:\Users\chrys\OneDrive\Desktop\Site\downloads\driver_4
2025-05-02 12:54:55,856 - INFO - Thread 512 - Sessão 4 configurada com sucesso
2025-05-02 12:54:55,856 - INFO - Thread 512 - Pasta de downloads criada: C:\Users\chrys\OneDrive\Desktop\Site\downloads\driver_5
2025-05-02 12:54:55,857 - INFO - Thread 512 - Sessão 5 configurada com sucesso
2025-05-02 12:54:55,857 - INFO - Thread 512 - Pasta de downloads criada: C:\Users\chrys\OneDrive\Desktop\Site\downloads\driver_6
2025-05-02 12:54:55,857 - INFO - Thread 512 - Sessão 6 configurada com sucesso
2025-05-02 12:54:55,858 - INFO - Thread 512 - Pasta de downloads criada: C:\Users\chrys\OneDrive\Desktop\Site\downloads\driver_7
2025-05-02 12:54:55,858 - INFO - Thread 512 - Sessão 7 configurada com sucesso
2025-05-02 12:54:55,859 - INFO - Thread 512 - Pasta de downloads criada: C:\Users\chrys\OneDrive\Desktop\Site\downloads\driver_8
2025-05-02 12:54:55,859 - INFO - Thread 512 - Sessão 8 configurada com sucesso
2025-05-02 12:54:55,860 - INFO - Thread 2496 - Sessão 1 - Iniciando processamento da empresa: 0DTY7
2025-05-02 12:54:55,861 - INFO - Thread 19472 - Sessão 2 - Iniciando processamento da empresa: 0CPDD
2025-05-02 12:54:55,862 - INFO - Thread 6840 - Sessão 3 - Iniciando processamento da empresa: 0CIX1
2025-05-02 12:54:55,866 - DEBUG - Thread 2496 - Starting new HTTPS connection (1): webhap.hapvida.com.br:443
2025-05-02 12:54:55,867 - DEBUG - Thread 19472 - Starting new HTTPS connection (1): webhap.hapvida.com.br:443
2025-05-02 12:54:55,867 - DEBUG - Thread 6840 - Starting new HTTPS connection (1): webhap.hapvida.com.br:443
2025-05-02 12:54:57,137 - DEBUG - Thread 2496 - https://webhap.hapvida.com.br:443 "POST /pls/webhap/pk_nota_fiscal.loginValidacao HTTP/11" 302 2
2025-05-02 12:54:57,178 - DEBUG - Thread 19472 - https://webhap.hapvida.com.br:443 "POST /pls/webhap/pk_nota_fiscal.loginValidacao HTTP/11" 302 2
2025-05-02 12:54:57,195 - DEBUG - Thread 6840 - https://webhap.hapvida.com.br:443 "POST /pls/webhap/pk_nota_fiscal.loginValidacao HTTP/11" 302 2
2025-05-02 12:54:57,244 - DEBUG - Thread 2496 - https://webhap.hapvida.com.br:443 "GET /pls/webhap/pk_nota_fiscal.listaNotasFiscais?pNoCache=1202542558&pIdSessao=54021205582516599211 HTTP/11" 200 None
2025-05-02 12:54:57,245 - INFO - Thread 2496 - Sessão 1 - Status do login: 200, URL: https://webhap.hapvida.com.br/pls/webhap/pk_nota_fiscal.listaNotasFiscais?pNoCache=1202542558&pIdSessao=54021205582516599211
2025-05-02 12:54:57,245 - INFO - Thread 2496 - Sessão 1 - Cookies após login: {}
2025-05-02 12:54:57,245 - INFO - Thread 2496 - Sessão 1 - Login bem-sucedido para empresa 0DTY7
2025-05-02 12:54:57,268 - INFO - Thread 2496 - Sessão 1 - pIdSessao extraído: 54021205582516599211
2025-05-02 12:54:57,287 - DEBUG - Thread 19472 - https://webhap.hapvida.com.br:443 "GET /pls/webhap/pk_nota_fiscal.listaNotasFiscais?pNoCache=1202542558&pIdSessao=54021205582516599172 HTTP/11" 200 None
2025-05-02 12:54:57,288 - INFO - Thread 19472 - Sessão 2 - Status do login: 200, URL: https://webhap.hapvida.com.br/pls/webhap/pk_nota_fiscal.listaNotasFiscais?pNoCache=1202542558&pIdSessao=54021205582516599172
2025-05-02 12:54:57,288 - INFO - Thread 19472 - Sessão 2 - Cookies após login: {}
2025-05-02 12:54:57,288 - INFO - Thread 19472 - Sessão 2 - Login bem-sucedido para empresa 0CPDD
2025-05-02 12:54:57,309 - INFO - Thread 19472 - Sessão 2 - pIdSessao extraído: 54021205582516599172
2025-05-02 12:54:57,309 - DEBUG - Thread 6840 - https://webhap.hapvida.com.br:443 "GET /pls/webhap/pk_nota_fiscal.listaNotasFiscais?pNoCache=1202542558&pIdSessao=54021205582516599212 HTTP/11" 200 None
2025-05-02 12:54:57,310 - INFO - Thread 6840 - Sessão 3 - Status do login: 200, URL: https://webhap.hapvida.com.br/pls/webhap/pk_nota_fiscal.listaNotasFiscais?pNoCache=1202542558&pIdSessao=54021205582516599212
2025-05-02 12:54:57,311 - INFO - Thread 6840 - Sessão 3 - Cookies após login: {}
2025-05-02 12:54:57,311 - INFO - Thread 6840 - Sessão 3 - Login bem-sucedido para empresa 0CIX1
2025-05-02 12:54:57,332 - INFO - Thread 6840 - Sessão 3 - pIdSessao extraído: 54021205582516599212
2025-05-02 12:54:57,382 - INFO - Thread 316 - Iniciando extração de notas fiscais
2025-05-02 12:54:57,383 - INFO - Thread 316 - Iniciando extração de notas fiscais
2025-05-02 12:54:57,391 - DEBUG - Thread 2496 - https://webhap.hapvida.com.br:443 "GET /pls/webhap/pk_nota_fiscal.listaNotasFiscais?pIdSessao=54021205582516599211 HTTP/11" 200 None
2025-05-02 12:54:57,392 - INFO - Thread 2496 - Sessão 1 - Status da requisição: 200, URL final: https://webhap.hapvida.com.br/pls/webhap/pk_nota_fiscal.listaNotasFiscais?pIdSessao=54021205582516599211
2025-05-02 12:54:57,392 - DEBUG - Thread 2496 - Sessão 1 - Primeiros 500 caracteres do HTML: 
    <head>
    <meta http-equiv="Content-Type" content="text/html; charset=utf-8" />
    <meta name="viewport" content="width=device-width, initial-scale=1.0">
    <title>Hapvida - Plano de Saúde</title>
    <link href="/hapvida/hapvida_avanz/sistema/css/simple-line-icons.css" rel="stylesheet" type="text/css" />
    <link href="/hapvida/hapvida_avanz/sistema/css/stlhapvida.css" rel="stylesheet" type="text/css" />
    <link href="/hapvida/hapvida_avanz/sistema/css/style-ie.css" rel="stylesheet" 
2025-05-02 12:54:57,400 - INFO - Thread 316 - Total de empresas a processar: 3
2025-05-02 12:54:57,401 - INFO - Thread 316 - Pasta de downloads criada: C:\Users\chrys\OneDrive\Desktop\Site\downloads\driver_1
2025-05-02 12:54:57,401 - INFO - Thread 316 - Sessão 1 configurada com sucesso
2025-05-02 12:54:57,401 - INFO - Thread 316 - Pasta de downloads criada: C:\Users\chrys\OneDrive\Desktop\Site\downloads\driver_2
2025-05-02 12:54:57,401 - INFO - Thread 316 - Sessão 2 configurada com sucesso
2025-05-02 12:54:57,402 - INFO - Thread 316 - Pasta de downloads criada: C:\Users\chrys\OneDrive\Desktop\Site\downloads\driver_3
2025-05-02 12:54:57,402 - INFO - Thread 316 - Sessão 3 configurada com sucesso
2025-05-02 12:54:57,402 - INFO - Thread 316 - Pasta de downloads criada: C:\Users\chrys\OneDrive\Desktop\Site\downloads\driver_4
2025-05-02 12:54:57,402 - INFO - Thread 316 - Sessão 4 configurada com sucesso
2025-05-02 12:54:57,403 - INFO - Thread 316 - Pasta de downloads criada: C:\Users\chrys\OneDrive\Desktop\Site\downloads\driver_5
2025-05-02 12:54:57,403 - INFO - Thread 316 - Sessão 5 configurada com sucesso
2025-05-02 12:54:57,404 - INFO - Thread 316 - Pasta de downloads criada: C:\Users\chrys\OneDrive\Desktop\Site\downloads\driver_6
2025-05-02 12:54:57,404 - INFO - Thread 316 - Sessão 6 configurada com sucesso
2025-05-02 12:54:57,404 - INFO - Thread 316 - Pasta de downloads criada: C:\Users\chrys\OneDrive\Desktop\Site\downloads\driver_7
2025-05-02 12:54:57,405 - INFO - Thread 316 - Sessão 7 configurada com sucesso
2025-05-02 12:54:57,405 - INFO - Thread 316 - Pasta de downloads criada: C:\Users\chrys\OneDrive\Desktop\Site\downloads\driver_8
2025-05-02 12:54:57,405 - INFO - Thread 316 - Sessão 8 configurada com sucesso
2025-05-02 12:54:57,407 - INFO - Thread 13400 - Sessão 1 - Iniciando processamento da empresa: 0DTY7
2025-05-02 12:54:57,408 - INFO - Thread 34516 - Sessão 2 - Iniciando processamento da empresa: 0CPDD
2025-05-02 12:54:57,409 - INFO - Thread 31872 - Sessão 3 - Iniciando processamento da empresa: 0CIX1
2025-05-02 12:54:57,410 - INFO - Thread 2496 - Sessão 1 - Buscando data de vencimento: 20/05/25
2025-05-02 12:54:57,410 - INFO - Thread 2496 - Sessão 1 - Verificando link com texto: 0DTY7
2025-05-02 12:54:57,410 - INFO - Thread 2496 - Sessão 1 - Verificando link com texto: 37.233.759 MARIA GENEROZA H SECUNDES SINTICLEPEMP
2025-05-02 12:54:57,411 - INFO - Thread 2496 - Sessão 1 - Verificando link com texto: 28141000021976197
2025-05-02 12:54:57,411 - INFO - Thread 2496 - Sessão 1 - Verificando link com texto: 20/04/25
2025-05-02 12:54:57,411 - INFO - Thread 2496 - Sessão 1 - Verificando link com texto: 1134,5
2025-05-02 12:54:57,411 - INFO - Thread 2496 - Sessão 1 - Verificando link com texto: 0DTY7
2025-05-02 12:54:57,411 - INFO - Thread 2496 - Sessão 1 - Verificando link com texto: 37.233.759 MARIA GENEROZA H SECUNDES SINTICLEPEMP
2025-05-02 12:54:57,411 - INFO - Thread 2496 - Sessão 1 - Verificando link com texto: 28141000021956316
2025-05-02 12:54:57,411 - INFO - Thread 2496 - Sessão 1 - Verificando link com texto: 20/03/25
2025-05-02 12:54:57,411 - INFO - Thread 2496 - Sessão 1 - Verificando link com texto: 1134,5
2025-05-02 12:54:57,411 - INFO - Thread 2496 - Sessão 1 - Verificando link com texto: 0DTY7
2025-05-02 12:54:57,411 - INFO - Thread 2496 - Sessão 1 - Verificando link com texto: 37.233.759 MARIA GENEROZA H SECUNDES SINTICLEPEMP
2025-05-02 12:54:57,411 - INFO - Thread 2496 - Sessão 1 - Verificando link com texto: 28141000021930377
2025-05-02 12:54:57,411 - INFO - Thread 2496 - Sessão 1 - Verificando link com texto: 20/02/25
2025-05-02 12:54:57,411 - INFO - Thread 2496 - Sessão 1 - Verificando link com texto: 1317,15
2025-05-02 12:54:57,412 - INFO - Thread 2496 - Sessão 1 - Verificando link com texto: 0DTY7
2025-05-02 12:54:57,412 - INFO - Thread 2496 - Sessão 1 - Verificando link com texto: 37.233.759 MARIA GENEROZA H SECUNDES SINTICLEPEMP
2025-05-02 12:54:57,412 - INFO - Thread 2496 - Sessão 1 - Verificando link com texto: 28141000021908626
2025-05-02 12:54:57,412 - INFO - Thread 2496 - Sessão 1 - Verificando link com texto: 20/01/25
2025-05-02 12:54:57,412 - INFO - Thread 2496 - Sessão 1 - Verificando link com texto: 924,41
2025-05-02 12:54:57,412 - INFO - Thread 2496 - Sessão 1 - Verificando link com texto: 0DTY7
2025-05-02 12:54:57,412 - INFO - Thread 2496 - Sessão 1 - Verificando link com texto: 37.233.759 MARIA GENEROZA H SECUNDES SINTICLEPEMP
2025-05-02 12:54:57,412 - INFO - Thread 2496 - Sessão 1 - Verificando link com texto: 28141000021887251
2025-05-02 12:54:57,412 - INFO - Thread 2496 - Sessão 1 - Verificando link com texto: 20/12/24
2025-05-02 12:54:57,412 - INFO - Thread 2496 - Sessão 1 - Verificando link com texto: 924,41
2025-05-02 12:54:57,412 - INFO - Thread 2496 - Sessão 1 - Verificando link com texto: 0DTY7
2025-05-02 12:54:57,412 - INFO - Thread 2496 - Sessão 1 - Verificando link com texto: 37.233.759 MARIA GENEROZA H SECUNDES SINTICLEPEMP
2025-05-02 12:54:57,412 - INFO - Thread 2496 - Sessão 1 - Verificando link com texto: 28141000021864258
2025-05-02 12:54:57,413 - INFO - Thread 2496 - Sessão 1 - Verificando link com texto: 20/11/24
2025-05-02 12:54:57,413 - INFO - Thread 2496 - Sessão 1 - Verificando link com texto: 924,41
2025-05-02 12:54:57,413 - INFO - Thread 2496 - Sessão 1 - Verificando link com texto: 0DTY7
2025-05-02 12:54:57,413 - INFO - Thread 2496 - Sessão 1 - Verificando link com texto: 37.233.759 MARIA GENEROZA H SECUNDES SINTICLEPEMP
2025-05-02 12:54:57,413 - INFO - Thread 2496 - Sessão 1 - Verificando link com texto: 28141000021842190
2025-05-02 12:54:57,413 - INFO - Thread 2496 - Sessão 1 - Verificando link com texto: 20/10/24
2025-05-02 12:54:57,413 - INFO - Thread 2496 - Sessão 1 - Verificando link com texto: 924,41
2025-05-02 12:54:57,413 - INFO - Thread 2496 - Sessão 1 - Verificando link com texto: 0DTY7
2025-05-02 12:54:57,413 - INFO - Thread 2496 - Sessão 1 - Verificando link com texto: 37.233.759 MARIA GENEROZA H SECUNDES SINTICLEPEMP
2025-05-02 12:54:57,413 - INFO - Thread 2496 - Sessão 1 - Verificando link com texto: 28141000021814795
2025-05-02 12:54:57,414 - INFO - Thread 2496 - Sessão 1 - Verificando link com texto: 20/09/24
2025-05-02 12:54:57,414 - INFO - Thread 2496 - Sessão 1 - Verificando link com texto: 924,41
2025-05-02 12:54:57,414 - DEBUG - Thread 13400 - Starting new HTTPS connection (1): webhap.hapvida.com.br:443
2025-05-02 12:54:57,414 - INFO - Thread 2496 - Sessão 1 - Verificando link com texto: 0DTY7
2025-05-02 12:54:57,414 - INFO - Thread 2496 - Sessão 1 - Verificando link com texto: 37.233.759 MARIA GENEROZA H SECUNDES SINTICLEPEMP
2025-05-02 12:54:57,414 - INFO - Thread 2496 - Sessão 1 - Verificando link com texto: 28141000021787832
2025-05-02 12:54:57,414 - INFO - Thread 2496 - Sessão 1 - Verificando link com texto: 20/08/24
2025-05-02 12:54:57,414 - INFO - Thread 2496 - Sessão 1 - Verificando link com texto: 924,41
2025-05-02 12:54:57,414 - INFO - Thread 2496 - Sessão 1 - Verificando link com texto: 0DTY7
2025-05-02 12:54:57,414 - INFO - Thread 2496 - Sessão 1 - Verificando link com texto: 37.233.759 MARIA GENEROZA H SECUNDES SINTICLEPEMP
2025-05-02 12:54:57,414 - INFO - Thread 2496 - Sessão 1 - Verificando link com texto: 28141000021761826
2025-05-02 12:54:57,414 - INFO - Thread 2496 - Sessão 1 - Verificando link com texto: 20/07/24
2025-05-02 12:54:57,415 - INFO - Thread 2496 - Sessão 1 - Verificando link com texto: 924,41
2025-05-02 12:54:57,415 - INFO - Thread 2496 - Sessão 1 - Verificando link com texto: 0DTY7
2025-05-02 12:54:57,415 - INFO - Thread 2496 - Sessão 1 - Verificando link com texto: 37.233.759 MARIA GENEROZA H SECUNDES SINTICLEPEMP
2025-05-02 12:54:57,415 - INFO - Thread 2496 - Sessão 1 - Verificando link com texto: 28141000021732486
2025-05-02 12:54:57,415 - INFO - Thread 2496 - Sessão 1 - Verificando link com texto: 20/06/24
2025-05-02 12:54:57,415 - INFO - Thread 2496 - Sessão 1 - Verificando link com texto: 924,41
2025-05-02 12:54:57,415 - INFO - Thread 2496 - Sessão 1 - Verificando link com texto: 0DTY7
2025-05-02 12:54:57,415 - DEBUG - Thread 34516 - Starting new HTTPS connection (1): webhap.hapvida.com.br:443
A H SECUNDES SINTICLEPEMP
2025-05-02 12:54:57,415 - INFO - Thread 2496 - Sessão 1 - Verificando link com texto: 28141000021704712
2025-05-02 12:54:57,415 - INFO - Thread 2496 - Sessão 1 - Verificando link com texto: 20/05/24
2025-05-02 12:54:57,415 - INFO - Thread 2496 - Sessão 1 - Verificando link com texto: 984,3
2025-05-02 12:54:57,415 - INFO - Thread 2496 - Sessão 1 - Verificando link com texto: 0DTY7
2025-05-02 12:54:57,416 - INFO - Thread 2496 - Sessão 1 - Verificando link com texto: 37.233.759 MARIA GENEROZA H SECUNDES SINTICLEPEMP
2025-05-02 12:54:57,416 - INFO - Thread 2496 - Sessão 1 - Verificando link com texto: 28141000021679898
2025-05-02 12:54:57,416 - INFO - Thread 2496 - Sessão 1 - Verificando link com texto: 20/04/24
2025-05-02 12:54:57,416 - INFO - Thread 2496 - Sessão 1 - Verificando link com texto: 848,1
2025-05-02 12:54:57,416 - INFO - Thread 2496 - Sessão 1 - Verificando link com texto: 0DTY7
2025-05-02 12:54:57,416 - INFO - Thread 2496 - Sessão 1 - Verificando link com texto: 37.233.759 MARIA GENEROZA H SECUNDES SINTICLEPEMP
2025-05-02 12:54:57,416 - INFO - Thread 2496 - Sessão 1 - Verificando link com texto: 28141000021651692
2025-05-02 12:54:57,416 - INFO - Thread 2496 - Sessão 1 - Verificando link com texto: 20/03/24
2025-05-02 12:54:57,416 - INFO - Thread 2496 - Sessão 1 - Verificando link com texto: 848,1
2025-05-02 12:54:57,416 - INFO - Thread 2496 - Sessão 1 - Verificando link com texto: 0DTY7
2025-05-02 12:54:57,416 - INFO - Thread 2496 - Sessão 1 - Verificando link com texto: 37.233.759 MARIA GENEROZA H SECUNDES SINTICLEPEMP
2025-05-02 12:54:57,416 - INFO - Thread 2496 - Sessão 1 - Verificando link com texto: 28141000021624463
2025-05-02 12:54:57,417 - INFO - Thread 2496 - Sessão 1 - Verificando link com texto: 20/02/24
2025-05-02 12:54:57,417 - INFO - Thread 2496 - Sessão 1 - Verificando link com texto: 1017,2
2025-05-02 12:54:57,417 - INFO - Thread 2496 - Sessão 1 - Verificando link com texto: 0DTY7
2025-05-02 12:54:57,417 - INFO - Thread 2496 - Sessão 1 - Verificando link com texto: 37.233.759 MARIA GENEROZA H SECUNDES SINTICLEPEMP
2025-05-02 12:54:57,417 - INFO - Thread 2496 - Sessão 1 - Verificando link com texto: 28141000021604275
2025-05-02 12:54:57,417 - INFO - Thread 2496 - Sessão 1 - Verificando link com texto: 20/01/24
2025-05-02 12:54:57,417 - INFO - Thread 2496 - Sessão 1 - Verificando link com texto: 848,1
2025-05-02 12:54:57,417 - INFO - Thread 2496 - Sessão 1 - Verificando link com texto: 0DTY7
2025-05-02 12:54:57,417 - INFO - Thread 2496 - Sessão 1 - Verificando link com texto: 37.233.759 MARIA GENEROZA H SECUNDES SINTICLEPEMP
2025-05-02 12:54:57,417 - INFO - Thread 2496 - Sessão 1 - Verificando link com texto: 28141000021573441
2025-05-02 12:54:57,417 - INFO - Thread 2496 - Sessão 1 - Verificando link com texto: 20/12/23
2025-05-02 12:54:57,417 - INFO - Thread 2496 - Sessão 1 - Verificando link com texto: 848,1
2025-05-02 12:54:57,418 - INFO - Thread 2496 - Sessão 1 - Verificando link com texto: 0DTY7
2025-05-02 12:54:57,418 - INFO - Thread 2496 - Sessão 1 - Verificando link com texto: 37.233.759 MARIA GENEROZA H SECUNDES SINTICLEPEMP
2025-05-02 12:54:57,418 - INFO - Thread 2496 - Sessão 1 - Verificando link com texto: 28141000021545594
2025-05-02 12:54:57,418 - INFO - Thread 2496 - Sessão 1 - Verificando link com texto: 20/11/23
2025-05-02 12:54:57,418 - INFO - Thread 2496 - Sessão 1 - Verificando link com texto: 848,1
2025-05-02 12:54:57,418 - INFO - Thread 2496 - Sessão 1 - Verificando link com texto: 0DTY7
2025-05-02 12:54:57,418 - INFO - Thread 2496 - Sessão 1 - Verificando link com texto: 37.233.759 MARIA GENEROZA H SECUNDES SINTICLEPEMP
2025-05-02 12:54:57,418 - INFO - Thread 2496 - Sessão 1 - Verificando link com texto: 28141000021519067
2025-05-02 12:54:57,418 - INFO - Thread 2496 - Sessão 1 - Verificando link com texto: 20/10/23
2025-05-02 12:54:57,418 - INFO - Thread 2496 - Sessão 1 - Verificando link com texto: 848,1
2025-05-02 12:54:57,418 - INFO - Thread 2496 - Sessão 1 - Verificando link com texto: 0DTY7
2025-05-02 12:54:57,418 - INFO - Thread 2496 - Sessão 1 - Verificando link com texto: 37.233.759 MARIA GENEROZA H SECUNDES SINTICLEPEMP
2025-05-02 12:54:57,418 - INFO - Thread 2496 - Sessão 1 - Verificando link com texto: 28141000021488753
2025-05-02 12:54:57,419 - INFO - Thread 2496 - Sessão 1 - Verificando link com texto: 20/09/23
2025-05-02 12:54:57,419 - INFO - Thread 2496 - Sessão 1 - Verificando link com texto: 848,1
2025-05-02 12:54:57,419 - INFO - Thread 2496 - Sessão 1 - Verificando link com texto: 0DTY7
2025-05-02 12:54:57,419 - INFO - Thread 2496 - Sessão 1 - Verificando link com texto: 37.233.759 MARIA GENEROZA H SECUNDES SINTICLEPEMP
2025-05-02 12:54:57,419 - INFO - Thread 2496 - Sessão 1 - Verificando link com texto: 28141000021463491
2025-05-02 12:54:57,419 - INFO - Thread 2496 - Sessão 1 - Verificando link com texto: 20/08/23
2025-05-02 12:54:57,419 - INFO - Thread 2496 - Sessão 1 - Verificando link com texto: 848,1
2025-05-02 12:54:57,419 - INFO - Thread 2496 - Sessão 1 - Verificando link com texto: 0DTY7
2025-05-02 12:54:57,419 - INFO - Thread 2496 - Sessão 1 - Verificando link com texto: 37.233.759 MARIA GENEROZA H SECUNDES SINTICLEPEMP
2025-05-02 12:54:57,419 - INFO - Thread 2496 - Sessão 1 - Verificando link com texto: 28141000021434148
2025-05-02 12:54:57,419 - INFO - Thread 2496 - Sessão 1 - Verificando link com texto: 10/07/23
2025-05-02 12:54:57,419 - INFO - Thread 2496 - Sessão 1 - Verificando link com texto: 848,1
2025-05-02 12:54:57,420 - INFO - Thread 2496 - Sessão 1 - Verificando link com texto: 0DTY7
2025-05-02 12:54:57,420 - INFO - Thread 2496 - Sessão 1 - Verificando link com texto: 37.233.759 MARIA GENEROZA H SECUNDES SINTICLEPEMP
2025-05-02 12:54:57,420 - INFO - Thread 2496 - Sessão 1 - Verificando link com texto: 28141000021423401
2025-05-02 12:54:57,420 - INFO - Thread 2496 - Sessão 1 - Verificando link com texto: 10/06/23
2025-05-02 12:54:57,420 - INFO - Thread 2496 - Sessão 1 - Verificando link com texto: 927,3
2025-05-02 12:54:57,420 - ERROR - Thread 2496 - Sessão 1 - Data de vencimento 20/05/25 não encontrada. Datas disponíveis: ['0DTY7', '37.233.759 MARIA GENEROZA H SECUNDES SINTICLEPEMP', '28141000021976197', '20/04/25', '1134,5', '0DTY7', '37.233.759 MARIA GENEROZA H SECUNDES SINTICLEPEMP', '28141000021956316', '20/03/25', '1134,5', '0DTY7', '37.233.759 MARIA GENEROZA H SECUNDES SINTICLEPEMP', '28141000021930377', '20/02/25', '1317,15', '0DTY7', '37.233.759 MARIA GENEROZA H SECUNDES SINTICLEPEMP', '28141000021908626', '20/01/25', '924,41', '0DTY7', '37.233.759 MARIA GENEROZA H SECUNDES SINTICLEPEMP', '28141000021887251', '20/12/24', '924,41', '0DTY7', '37.233.759 MARIA GENEROZA H SECUNDES SINTICLEPEMP', '28141000021864258', '20/11/24', '924,41', '0DTY7', '37.233.759 MARIA GENEROZA H SECUNDES SINTICLEPEMP', '28141000021842190', '20/10/24', '924,41', '0DTY7', '37.233.759 MARIA GENEROZA H SECUNDES SINTICLEPEMP', '28141000021814795', '20/09/24', '924,41', '0DTY7', '37.233.759 MARIA GENEROZA H SECUNDES SINTICLEPEMP', '28141000021787832', '20/08/24', '924,41', '0DTY7', '37.233.759 MARIA GENEROZA H SECUNDES SINTICLEPEMP', '28141000021761826', '20/07/24', '924,41', '0DTY7', '37.233.759 MARIA GENEROZA H SECUNDES SINTICLEPEMP', '28141000021732486', '20/06/24', '924,41', '0DTY7', '37.233.759 MARIA GENEROZA H SECUNDES SINTICLEPEMP', '28141000021704712', '20/05/24', '984,3', '0DTY7', '37.233.759 MARIA GENEROZA H SECUNDES SINTICLEPEMP', '28141000021679898', '20/04/24', '848,1', '0DTY7', '37.233.759 MARIA GENEROZA H SECUNDES SINTICLEPEMP', '28141000021651692', '20/03/24', '848,1', '0DTY7', '37.233.759 MARIA GENEROZA H SECUNDES SINTICLEPEMP', '28141000021624463', '20/02/24', '1017,2', '0DTY7', '37.233.759 MARIA GENEROZA H SECUNDES SINTICLEPEMP', '28141000021604275', '20/01/24', '848,1', '0DTY7', '37.233.759 MARIA GENEROZA H SECUNDES SINTICLEPEMP', '28141000021573441', '20/12/23', '848,1', '0DTY7', '37.233.759 MARIA GENEROZA H SECUNDES SINTICLEPEMP', '28141000021545594', '20/11/23', '848,1', '0DTY7', '37.233.759 MARIA GENEROZA H SECUNDES SINTICLEPEMP', '28141000021519067', '20/10/23', '848,1', '0DTY7', '37.233.759 MARIA GENEROZA H SECUNDES SINTICLEPEMP', '28141000021488753', '20/09/23', '848,1', '0DTY7', '37.233.759 MARIA GENEROZA H SECUNDES SINTICLEPEMP', '28141000021463491', '20/08/23', '848,1', '0DTY7', '37.233.759 MARIA GENEROZA H SECUNDES SINTICLEPEMP', '28141000021434148', '10/07/23', '848,1', '0DTY7', '37.233.759 MARIA GENEROZA H SECUNDES SINTICLEPEMP', '28141000021423401', '10/06/23', '927,3']
2025-05-02 12:54:57,421 - INFO - Thread 512 - Progresso: 1/3 (33%)
2025-05-02 12:54:57,429 - DEBUG - Thread 19472 - https://webhap.hapvida.com.br:443 "GET /pls/webhap/pk_nota_fiscal.listaNotasFiscais?pIdSessao=54021205582516599172 HTTP/11" 200 None
2025-05-02 12:54:57,430 - INFO - Thread 19472 - Sessão 2 - Status da requisição: 200, URL final: https://webhap.hapvida.com.br/pls/webhap/pk_nota_fiscal.listaNotasFiscais?pIdSessao=54021205582516599172
2025-05-02 12:54:57,430 - DEBUG - Thread 19472 - Sessão 2 - Primeiros 500 caracteres do HTML: 
    <head>
    <meta http-equiv="Content-Type" content="text/html; charset=utf-8" />
    <meta name="viewport" content="width=device-width, initial-scale=1.0">
    <title>Hapvida - Plano de Saúde</title>
    <link href="/hapvida/hapvida_avanz/sistema/css/simple-line-icons.css" rel="stylesheet" type="text/css" />
    <link href="/hapvida/hapvida_avanz/sistema/css/stlhapvida.css" rel="stylesheet" type="text/css" />
    <link href="/hapvida/hapvida_avanz/sistema/css/style-ie.css" rel="stylesheet" 
2025-05-02 12:54:57,450 - INFO - Thread 19472 - Sessão 2 - Buscando data de vencimento: 20/05/25
2025-05-02 12:54:57,450 - INFO - Thread 19472 - Sessão 2 - Verificando link com texto: 0CPDD
2025-05-02 12:54:57,450 - INFO - Thread 19472 - Sessão 2 - Verificando link com texto: 44.537.597 EVANIA FERREIRA DA SILVA SINTICLEPEMP
2025-05-02 12:54:57,450 - INFO - Thread 19472 - Sessão 2 - Verificando link com texto: 1010526365865
2025-05-02 12:54:57,450 - INFO - Thread 19472 - Sessão 2 - Verificando link com texto: 20/04/25
2025-05-02 12:54:57,450 - INFO - Thread 19472 - Sessão 2 - Verificando link com texto: 840,36
2025-05-02 12:54:57,451 - INFO - Thread 19472 - Sessão 2 - Verificando link com texto: 0CPDD
2025-05-02 12:54:57,451 - INFO - Thread 19472 - Sessão 2 - Verificando link com texto: 44.537.597 EVANIA FERREIRA DA SILVA SINTICLEPEMP
2025-05-02 12:54:57,451 - INFO - Thread 19472 - Sessão 2 - Verificando link com texto: 1010517416100
2025-05-02 12:54:57,451 - INFO - Thread 19472 - Sessão 2 - Verificando link com texto: 20/03/25
2025-05-02 12:54:57,451 - INFO - Thread 19472 - Sessão 2 - Verificando link com texto: 840,36
2025-05-02 12:54:57,451 - INFO - Thread 19472 - Sessão 2 - Verificando link com texto: 0CPDD
2025-05-02 12:54:57,451 - INFO - Thread 19472 - Sessão 2 - Verificando link com texto: 44.537.597 EVANIA FERREIRA DA SILVA SINTICLEPEMP
2025-05-02 12:54:57,451 - INFO - Thread 19472 - Sessão 2 - Verificando link com texto: 1010502973008
2025-05-02 12:54:57,451 - INFO - Thread 19472 - Sessão 2 - Verificando link com texto: 20/02/25
2025-05-02 12:54:57,451 - INFO - Thread 19472 - Sessão 2 - Verificando link com texto: 840,36
2025-05-02 12:54:57,451 - INFO - Thread 19472 - Sessão 2 - Verificando link com texto: 0CPDD
2025-05-02 12:54:57,451 - INFO - Thread 19472 - Sessão 2 - Verificando link com texto: 44.537.597 EVANIA FERREIRA DA SILVA SINTICLEPEMP
2025-05-02 12:54:57,451 - INFO - Thread 19472 - Sessão 2 - Verificando link com texto: 1010492577407
2025-05-02 12:54:57,452 - INFO - Thread 19472 - Sessão 2 - Verificando link com texto: 20/01/25
2025-05-02 12:54:57,452 - INFO - Thread 19472 - Sessão 2 - Verificando link com texto: 840,36
2025-05-02 12:54:57,452 - INFO - Thread 19472 - Sessão 2 - Verificando link com texto: 0CPDD
2025-05-02 12:54:57,452 - INFO - Thread 19472 - Sessão 2 - Verificando link com texto: 44.537.597 EVANIA FERREIRA DA SILVA SINTICLEPEMP
2025-05-02 12:54:57,452 - INFO - Thread 19472 - Sessão 2 - Verificando link com texto: 1010481536674
2025-05-02 12:54:57,452 - INFO - Thread 19472 - Sessão 2 - Verificando link com texto: 20/12/24
2025-05-02 12:54:57,452 - INFO - Thread 19472 - Sessão 2 - Verificando link com texto: 840,36
2025-05-02 12:54:57,452 - INFO - Thread 19472 - Sessão 2 - Verificando link com texto: 0CPDD
2025-05-02 12:54:57,452 - INFO - Thread 19472 - Sessão 2 - Verificando link com texto: 44.537.597 EVANIA FERREIRA DA SILVA SINTICLEPEMP
2025-05-02 12:54:57,452 - INFO - Thread 19472 - Sessão 2 - Verificando link com texto: 1010468973136
2025-05-02 12:54:57,452 - INFO - Thread 19472 - Sessão 2 - Verificando link com texto: 20/11/24
2025-05-02 12:54:57,452 - INFO - Thread 19472 - Sessão 2 - Verificando link com texto: 840,36
2025-05-02 12:54:57,452 - INFO - Thread 19472 - Sessão 2 - Verificando link com texto: 0CPDD
2025-05-02 12:54:57,452 - INFO - Thread 19472 - Sessão 2 - Verificando link com texto: 44.537.597 EVANIA FERREIRA DA SILVA SINTICLEPEMP
2025-05-02 12:54:57,453 - INFO - Thread 19472 - Sessão 2 - Verificando link com texto: 1010461020753
2025-05-02 12:54:57,453 - INFO - Thread 19472 - Sessão 2 - Verificando link com texto: 20/10/24
2025-05-02 12:54:57,453 - INFO - Thread 19472 - Sessão 2 - Verificando link com texto: 840,36
2025-05-02 12:54:57,453 - INFO - Thread 19472 - Sessão 2 - Verificando link com texto: 0CPDD
2025-05-02 12:54:57,453 - INFO - Thread 19472 - Sessão 2 - Verificando link com texto: 44.537.597 EVANIA FERREIRA DA SILVA SINTICLEPEMP
2025-05-02 12:54:57,453 - INFO - Thread 19472 - Sessão 2 - Verificando link com texto: 1010447319305
2025-05-02 12:54:57,453 - INFO - Thread 19472 - Sessão 2 - Verificando link com texto: 20/09/24
2025-05-02 12:54:57,453 - INFO - Thread 19472 - Sessão 2 - Verificando link com texto: 840,36
2025-05-02 12:54:57,453 - INFO - Thread 19472 - Sessão 2 - Verificando link com texto: 0CPDD
2025-05-02 12:54:57,453 - INFO - Thread 19472 - Sessão 2 - Verificando link com texto: 44.537.597 EVANIA FERREIRA DA SILVA SINTICLEPEMP
2025-05-02 12:54:57,453 - INFO - Thread 19472 - Sessão 2 - Verificando link com texto: 1010435254645
2025-05-02 12:54:57,453 - INFO - Thread 19472 - Sessão 2 - Verificando link com texto: 20/08/24
2025-05-02 12:54:57,454 - INFO - Thread 19472 - Sessão 2 - Verificando link com texto: 840,36
2025-05-02 12:54:57,454 - INFO - Thread 19472 - Sessão 2 - Verificando link com texto: 0CPDD
2025-05-02 12:54:57,454 - INFO - Thread 19472 - Sessão 2 - Verificando link com texto: 44.537.597 EVANIA FERREIRA DA SILVA SINTICLEPEMP
2025-05-02 12:54:57,454 - INFO - Thread 19472 - Sessão 2 - Verificando link com texto: 1010425802801
2025-05-02 12:54:57,454 - INFO - Thread 19472 - Sessão 2 - Verificando link com texto: 20/07/24
2025-05-02 12:54:57,454 - INFO - Thread 19472 - Sessão 2 - Verificando link com texto: 840,36
2025-05-02 12:54:57,454 - INFO - Thread 19472 - Sessão 2 - Verificando link com texto: 0CPDD
2025-05-02 12:54:57,454 - INFO - Thread 19472 - Sessão 2 - Verificando link com texto: 44.537.597 EVANIA FERREIRA DA SILVA SINTICLEPEMP
2025-05-02 12:54:57,454 - INFO - Thread 19472 - Sessão 2 - Verificando link com texto: 1010413641816
2025-05-02 12:54:57,454 - INFO - Thread 19472 - Sessão 2 - Verificando link com texto: 20/06/24
2025-05-02 12:54:57,454 - INFO - Thread 19472 - Sessão 2 - Verificando link com texto: 840,36
2025-05-02 12:54:57,454 - INFO - Thread 19472 - Sessão 2 - Verificando link com texto: 0CPDD
2025-05-02 12:54:57,454 - INFO - Thread 19472 - Sessão 2 - Verificando link com texto: 44.537.597 EVANIA FERREIRA DA SILVA SINTICLEPEMP
2025-05-02 12:54:57,454 - INFO - Thread 19472 - Sessão 2 - Verificando link com texto: 1010402394405
2025-05-02 12:54:57,455 - INFO - Thread 19472 - Sessão 2 - Verificando link com texto: 20/05/24
2025-05-02 12:54:57,455 - INFO - Thread 19472 - Sessão 2 - Verificando link com texto: 894,8
2025-05-02 12:54:57,455 - INFO - Thread 19472 - Sessão 2 - Verificando link com texto: 0CPDD
2025-05-02 12:54:57,455 - INFO - Thread 19472 - Sessão 2 - Verificando link com texto: 44.537.597 EVANIA FERREIRA DA SILVA SINTICLEPEMP
2025-05-02 12:54:57,455 - INFO - Thread 19472 - Sessão 2 - Verificando link com texto: 1010393542621
2025-05-02 12:54:57,455 - INFO - Thread 19472 - Sessão 2 - Verificando link com texto: 20/04/24
2025-05-02 12:54:57,455 - INFO - Thread 19472 - Sessão 2 - Verificando link com texto: 771
2025-05-02 12:54:57,455 - INFO - Thread 19472 - Sessão 2 - Verificando link com texto: 0CPDD
2025-05-02 12:54:57,455 - INFO - Thread 19472 - Sessão 2 - Verificando link com texto: 44.537.597 EVANIA FERREIRA DA SILVA SINTICLEPEMP
2025-05-02 12:54:57,455 - INFO - Thread 19472 - Sessão 2 - Verificando link com texto: 1010380493481
2025-05-02 12:54:57,455 - INFO - Thread 19472 - Sessão 2 - Verificando link com texto: 20/03/24
2025-05-02 12:54:57,455 - INFO - Thread 19472 - Sessão 2 - Verificando link com texto: 771
2025-05-02 12:54:57,455 - INFO - Thread 19472 - Sessão 2 - Verificando link com texto: 0CPDD
2025-05-02 12:54:57,456 - INFO - Thread 19472 - Sessão 2 - Verificando link com texto: 44.537.597 EVANIA FERREIRA DA SILVA SINTICLEPEMP
2025-05-02 12:54:57,456 - INFO - Thread 19472 - Sessão 2 - Verificando link com texto: 1010368370200
2025-05-02 12:54:57,456 - INFO - Thread 19472 - Sessão 2 - Verificando link com texto: 20/02/24
2025-05-02 12:54:57,456 - INFO - Thread 19472 - Sessão 2 - Verificando link com texto: 924,72
2025-05-02 12:54:57,456 - INFO - Thread 19472 - Sessão 2 - Verificando link com texto: 0CPDD
2025-05-02 12:54:57,456 - INFO - Thread 19472 - Sessão 2 - Verificando link com texto: 44.537.597 EVANIA FERREIRA DA SILVA SINTICLEPEMP
2025-05-02 12:54:57,456 - INFO - Thread 19472 - Sessão 2 - Verificando link com texto: 1010360940555
2025-05-02 12:54:57,456 - INFO - Thread 19472 - Sessão 2 - Verificando link com texto: 20/01/24
2025-05-02 12:54:57,456 - INFO - Thread 19472 - Sessão 2 - Verificando link com texto: 771
2025-05-02 12:54:57,456 - INFO - Thread 19472 - Sessão 2 - Verificando link com texto: 0CPDD
2025-05-02 12:54:57,456 - INFO - Thread 19472 - Sessão 2 - Verificando link com texto: 44.537.597 EVANIA FERREIRA DA SILVA SINTICLEPEMP
2025-05-02 12:54:57,456 - INFO - Thread 19472 - Sessão 2 - Verificando link com texto: 1010347715349
2025-05-02 12:54:57,456 - INFO - Thread 19472 - Sessão 2 - Verificando link com texto: 20/12/23
2025-05-02 12:54:57,457 - INFO - Thread 19472 - Sessão 2 - Verificando link com texto: 1119
2025-05-02 12:54:57,457 - INFO - Thread 19472 - Sessão 2 - Verificando link com texto: 0CPDD
2025-05-02 12:54:57,457 - INFO - Thread 19472 - Sessão 2 - Verificando link com texto: 44.537.597 EVANIA FERREIRA DA SILVA SINTICLEPEMP
2025-05-02 12:54:57,457 - INFO - Thread 19472 - Sessão 2 - Verificando link com texto: 1010336992508
2025-05-02 12:54:57,457 - INFO - Thread 19472 - Sessão 2 - Verificando link com texto: 20/11/23
2025-05-02 12:54:57,457 - INFO - Thread 19472 - Sessão 2 - Verificando link com texto: 385,5
2025-05-02 12:54:57,457 - INFO - Thread 19472 - Sessão 2 - Verificando link com texto: 0CPDD
2025-05-02 12:54:57,457 - INFO - Thread 19472 - Sessão 2 - Verificando link com texto: 44.537.597 EVANIA FERREIRA DA SILVA SINTICLEPEMP
2025-05-02 12:54:57,457 - INFO - Thread 19472 - Sessão 2 - Verificando link com texto: 1010326186835
2025-05-02 12:54:57,457 - INFO - Thread 19472 - Sessão 2 - Verificando link com texto: 20/10/23
2025-05-02 12:54:57,457 - INFO - Thread 19472 - Sessão 2 - Verificando link com texto: 385,5
2025-05-02 12:54:57,457 - INFO - Thread 19472 - Sessão 2 - Verificando link com texto: 0CPDD
2025-05-02 12:54:57,458 - INFO - Thread 19472 - Sessão 2 - Verificando link com texto: 44.537.597 EVANIA FERREIRA DA SILVA SINTICLEPEMP
2025-05-02 12:54:57,458 - INFO - Thread 19472 - Sessão 2 - Verificando link com texto: 1010314586698
2025-05-02 12:54:57,458 - INFO - Thread 19472 - Sessão 2 - Verificando link com texto: 20/09/23
2025-05-02 12:54:57,458 - INFO - Thread 19472 - Sessão 2 - Verificando link com texto: 385,5
2025-05-02 12:54:57,458 - INFO - Thread 19472 - Sessão 2 - Verificando link com texto: 0CPDD
2025-05-02 12:54:57,458 - INFO - Thread 19472 - Sessão 2 - Verificando link com texto: 44.537.597 EVANIA FERREIRA DA SILVA SINTICLEPEMP
2025-05-02 12:54:57,458 - INFO - Thread 19472 - Sessão 2 - Verificando link com texto: 1010304987894
2025-05-02 12:54:57,458 - INFO - Thread 19472 - Sessão 2 - Verificando link com texto: 20/08/23
2025-05-02 12:54:57,458 - INFO - Thread 19472 - Sessão 2 - Verificando link com texto: 385,5
2025-05-02 12:54:57,459 - INFO - Thread 19472 - Sessão 2 - Verificando link com texto: 0CPDD
2025-05-02 12:54:57,459 - INFO - Thread 19472 - Sessão 2 - Verificando link com texto: 44.537.597 EVANIA FERREIRA DA SILVA SINTICLEPEMP
2025-05-02 12:54:57,459 - INFO - Thread 19472 - Sessão 2 - Verificando link com texto: 1010293090087
2025-05-02 12:54:57,459 - INFO - Thread 19472 - Sessão 2 - Verificando link com texto: 20/07/23
2025-05-02 12:54:57,459 - INFO - Thread 19472 - Sessão 2 - Verificando link com texto: 385,5
2025-05-02 12:54:57,459 - INFO - Thread 19472 - Sessão 2 - Verificando link com texto: 0CPDD
2025-05-02 12:54:57,459 - INFO - Thread 19472 - Sessão 2 - Verificando link com texto: 44.537.597 EVANIA FERREIRA DA SILVA SINTICLEPEMP
2025-05-02 12:54:57,459 - INFO - Thread 19472 - Sessão 2 - Verificando link com texto: 1010282597096
2025-05-02 12:54:57,459 - INFO - Thread 19472 - Sessão 2 - Verificando link com texto: 20/06/23
2025-05-02 12:54:57,459 - INFO - Thread 19472 - Sessão 2 - Verificando link com texto: 385,5
2025-05-02 12:54:57,459 - INFO - Thread 19472 - Sessão 2 - Verificando link com texto: 0CPDD
2025-05-02 12:54:57,459 - INFO - Thread 19472 - Sessão 2 - Verificando link com texto: 44.537.597 EVANIA FERREIRA DA SILVA SINTICLEPEMP
2025-05-02 12:54:57,460 - INFO - Thread 19472 - Sessão 2 - Verificando link com texto: 1010272478817
2025-05-02 12:54:57,460 - INFO - Thread 19472 - Sessão 2 - Verificando link com texto: 20/05/23
2025-05-02 12:54:57,460 - INFO - Thread 19472 - Sessão 2 - Verificando link com texto: 472,34
2025-05-02 12:54:57,460 - INFO - Thread 19472 - Sessão 2 - Verificando link com texto: 0CPDD
2025-05-02 12:54:57,460 - DEBUG - Thread 6840 - https://webhap.hapvida.com.br:443 "GET /pls/webhap/pk_nota_fiscal.listaNotasFiscais?pIdSessao=54021205582516599212 HTTP/11" 200 None
2025-05-02 12:54:57,460 - INFO - Thread 19472 - Sessão 2 - Verificando link com texto: 44.537.597 EVANIA FERREIRA DA SILVA SINTICLEPEMP
2025-05-02 12:54:57,461 - INFO - Thread 19472 - Sessão 2 - Verificando link com texto: 1010262056650
2025-05-02 12:54:57,461 - INFO - Thread 19472 - Sessão 2 - Verificando link com texto: 20/04/23
2025-05-02 12:54:57,461 - INFO - Thread 19472 - Sessão 2 - Verificando link com texto: 344,2
2025-05-02 12:54:57,461 - INFO - Thread 6840 - Sessão 3 - Status da requisição: 200, URL final: https://webhap.hapvida.com.br/pls/webhap/pk_nota_fiscal.listaNotasFiscais?pIdSessao=54021205582516599212
2025-05-02 12:54:57,461 - INFO - Thread 19472 - Sessão 2 - Verificando link com texto: 0CPDD
2025-05-02 12:54:57,462 - DEBUG - Thread 6840 - Sessão 3 - Primeiros 500 caracteres do HTML: 
    <head>
    <meta http-equiv="Content-Type" content="text/html; charset=utf-8" />
    <meta name="viewport" content="width=device-width, initial-scale=1.0">
    <title>Hapvida - Plano de Saúde</title>
    <link href="/hapvida/hapvida_avanz/sistema/css/simple-line-icons.css" rel="stylesheet" type="text/css" />
    <link href="/hapvida/hapvida_avanz/sistema/css/stlhapvida.css" rel="stylesheet" type="text/css" />
    <link href="/hapvida/hapvida_avanz/sistema/css/style-ie.css" rel="stylesheet" 
2025-05-02 12:54:57,462 - INFO - Thread 19472 - Sessão 2 - Verificando link com texto: 44.537.597 EVANIA FERREIRA DA SILVA SINTICLEPEMP
2025-05-02 12:54:57,476 - INFO - Thread 19472 - Sessão 2 - Verificando link com texto: 28141000021153611
2025-05-02 12:54:57,476 - INFO - Thread 19472 - Sessão 2 - Verificando link com texto: 20/03/23
2025-05-02 12:54:57,476 - INFO - Thread 19472 - Sessão 2 - Verificando link com texto: 379,56
2025-05-02 12:54:57,482 - INFO - Thread 6840 - Sessão 3 - Buscando data de vencimento: 20/05/25
2025-05-02 12:54:57,482 - ERROR - Thread 19472 - Sessão 2 - Data de vencimento 20/05/25 não encontrada. Datas disponíveis: ['0CPDD', '44.537.597 EVANIA FERREIRA DA SILVA SINTICLEPEMP', '1010526365865', '20/04/25', '840,36', '0CPDD', '44.537.597 EVANIA FERREIRA DA SILVA SINTICLEPEMP', '1010517416100', '20/03/25', '840,36', '0CPDD', '44.537.597 EVANIA FERREIRA DA SILVA SINTICLEPEMP', '1010502973008', '20/02/25', '840,36', '0CPDD', '44.537.597 EVANIA FERREIRA DA SILVA SINTICLEPEMP', '1010492577407', '20/01/25', '840,36', '0CPDD', '44.537.597 EVANIA FERREIRA DA SILVA SINTICLEPEMP', '1010481536674', '20/12/24', '840,36', '0CPDD', '44.537.597 EVANIA FERREIRA DA SILVA SINTICLEPEMP', '1010468973136', '20/11/24', '840,36', '0CPDD', '44.537.597 EVANIA FERREIRA DA SILVA SINTICLEPEMP', '1010461020753', '20/10/24', '840,36', '0CPDD', '44.537.597 EVANIA FERREIRA DA SILVA SINTICLEPEMP', '1010447319305', '20/09/24', '840,36', '0CPDD', '44.537.597 EVANIA FERREIRA DA SILVA SINTICLEPEMP', '1010435254645', '20/08/24', '840,36', '0CPDD', '44.537.597 EVANIA FERREIRA DA SILVA SINTICLEPEMP', '1010425802801', '20/07/24', '840,36', '0CPDD', '44.537.597 EVANIA FERREIRA DA SILVA SINTICLEPEMP', '1010413641816', '20/06/24', '840,36', '0CPDD', '44.537.597 EVANIA FERREIRA DA SILVA SINTICLEPEMP', '1010402394405', '20/05/24', '894,8', '0CPDD', '44.537.597 EVANIA FERREIRA DA SILVA SINTICLEPEMP', '1010393542621', '20/04/24', '771', '0CPDD', '44.537.597 EVANIA FERREIRA DA SILVA SINTICLEPEMP', '1010380493481', '20/03/24', '771', '0CPDD', '44.537.597 EVANIA FERREIRA DA SILVA SINTICLEPEMP', '1010368370200', '20/02/24', '924,72', '0CPDD', '44.537.597 EVANIA FERREIRA DA SILVA SINTICLEPEMP', '1010360940555', '20/01/24', '771', '0CPDD', '44.537.597 EVANIA FERREIRA DA SILVA SINTICLEPEMP', '1010347715349', '20/12/23', '1119', '0CPDD', '44.537.597 EVANIA FERREIRA DA SILVA SINTICLEPEMP', '1010336992508', '20/11/23', '385,5', '0CPDD', '44.537.597 EVANIA FERREIRA DA SILVA SINTICLEPEMP', '1010326186835', '20/10/23', '385,5', '0CPDD', '44.537.597 EVANIA FERREIRA DA SILVA SINTICLEPEMP', '1010314586698', '20/09/23', '385,5', '0CPDD', '44.537.597 EVANIA FERREIRA DA SILVA SINTICLEPEMP', '1010304987894', '20/08/23', '385,5', '0CPDD', '44.537.597 EVANIA FERREIRA DA SILVA SINTICLEPEMP', '1010293090087', '20/07/23', '385,5', '0CPDD', '44.537.597 EVANIA FERREIRA DA SILVA SINTICLEPEMP', '1010282597096', '20/06/23', '385,5', '0CPDD', '44.537.597 EVANIA FERREIRA DA SILVA SINTICLEPEMP', '1010272478817', '20/05/23', '472,34', '0CPDD', '44.537.597 EVANIA FERREIRA DA SILVA SINTICLEPEMP', '1010262056650', '20/04/23', '344,2', '0CPDD', '44.537.597 EVANIA FERREIRA DA SILVA SINTICLEPEMP', '28141000021153611', '20/03/23', '379,56']
2025-05-02 12:54:57,483 - INFO - Thread 6840 - Sessão 3 - Verificando link com texto: 0CIX1
2025-05-02 12:54:57,483 - INFO - Thread 6840 - Sessão 3 - Verificando link com texto: 49.086.988 LUAN DE SOUSA FREIRE SINTICLEPEMP
2025-05-02 12:54:57,483 - INFO - Thread 512 - Progresso: 2/3 (66%)
2025-05-02 12:54:57,483 - INFO - Thread 6840 - Sessão 3 - Verificando link com texto: 1010526363579
2025-05-02 12:54:57,484 - INFO - Thread 6840 - Sessão 3 - Verificando link com texto: 20/04/25
2025-05-02 12:54:57,484 - INFO - Thread 6840 - Sessão 3 - Verificando link com texto: 1470,63
2025-05-02 12:54:57,484 - INFO - Thread 6840 - Sessão 3 - Verificando link com texto: 0CIX1
2025-05-02 12:54:57,484 - INFO - Thread 6840 - Sessão 3 - Verificando link com texto: 49.086.988 LUAN DE SOUSA FREIRE SINTICLEPEMP
2025-05-02 12:54:57,484 - INFO - Thread 6840 - Sessão 3 - Verificando link com texto: 1010517414018
2025-05-02 12:54:57,484 - INFO - Thread 6840 - Sessão 3 - Verificando link com texto: 20/03/25
2025-05-02 12:54:57,484 - INFO - Thread 6840 - Sessão 3 - Verificando link com texto: 1470,63
2025-05-02 12:54:57,484 - INFO - Thread 6840 - Sessão 3 - Verificando link com texto: 0CIX1
2025-05-02 12:54:57,484 - INFO - Thread 6840 - Sessão 3 - Verificando link com texto: 49.086.988 LUAN DE SOUSA FREIRE SINTICLEPEMP
2025-05-02 12:54:57,484 - INFO - Thread 6840 - Sessão 3 - Verificando link com texto: 1010502970726
2025-05-02 12:54:57,484 - INFO - Thread 6840 - Sessão 3 - Verificando link com texto: 20/02/25
2025-05-02 12:54:57,485 - INFO - Thread 6840 - Sessão 3 - Verificando link com texto: 1470,63
2025-05-02 12:54:57,485 - INFO - Thread 6840 - Sessão 3 - Verificando link com texto: 0CIX1
2025-05-02 12:54:57,485 - INFO - Thread 6840 - Sessão 3 - Verificando link com texto: 49.086.988 LUAN DE SOUSA FREIRE SINTICLEPEMP
2025-05-02 12:54:57,485 - INFO - Thread 6840 - Sessão 3 - Verificando link com texto: 1010492575129
2025-05-02 12:54:57,485 - INFO - Thread 6840 - Sessão 3 - Verificando link com texto: 20/01/25
2025-05-02 12:54:57,485 - INFO - Thread 6840 - Sessão 3 - Verificando link com texto: 1470,63
2025-05-02 12:54:57,485 - INFO - Thread 6840 - Sessão 3 - Verificando link com texto: 0CIX1
2025-05-02 12:54:57,485 - INFO - Thread 6840 - Sessão 3 - Verificando link com texto: 49.086.988 LUAN DE SOUSA FREIRE SINTICLEPEMP
2025-05-02 12:54:57,485 - INFO - Thread 6840 - Sessão 3 - Verificando link com texto: 1010481534388
2025-05-02 12:54:57,485 - INFO - Thread 6840 - Sessão 3 - Verificando link com texto: 20/12/24
2025-05-02 12:54:57,485 - INFO - Thread 6840 - Sessão 3 - Verificando link com texto: 1470,63
2025-05-02 12:54:57,485 - INFO - Thread 6840 - Sessão 3 - Verificando link com texto: 0CIX1
2025-05-02 12:54:57,485 - INFO - Thread 6840 - Sessão 3 - Verificando link com texto: 49.086.988 LUAN DE SOUSA FREIRE SINTICLEPEMP
2025-05-02 12:54:57,486 - INFO - Thread 6840 - Sessão 3 - Verificando link com texto: 1010468970790
2025-05-02 12:54:57,486 - INFO - Thread 6840 - Sessão 3 - Verificando link com texto: 20/11/24
2025-05-02 12:54:57,486 - INFO - Thread 6840 - Sessão 3 - Verificando link com texto: 1470,63
2025-05-02 12:54:57,486 - INFO - Thread 6840 - Sessão 3 - Verificando link com texto: 0CIX1
2025-05-02 12:54:57,486 - INFO - Thread 6840 - Sessão 3 - Verificando link com texto: 49.086.988 LUAN DE SOUSA FREIRE SINTICLEPEMP
2025-05-02 12:54:57,486 - INFO - Thread 6840 - Sessão 3 - Verificando link com texto: 1010461018392
2025-05-02 12:54:57,486 - INFO - Thread 6840 - Sessão 3 - Verificando link com texto: 20/10/24
2025-05-02 12:54:57,486 - INFO - Thread 6840 - Sessão 3 - Verificando link com texto: 1470,63
2025-05-02 12:54:57,486 - INFO - Thread 6840 - Sessão 3 - Verificando link com texto: 0CIX1
2025-05-02 12:54:57,486 - INFO - Thread 6840 - Sessão 3 - Verificando link com texto: 49.086.988 LUAN DE SOUSA FREIRE SINTICLEPEMP
2025-05-02 12:54:57,486 - INFO - Thread 6840 - Sessão 3 - Verificando link com texto: 1010447316861
2025-05-02 12:54:57,486 - INFO - Thread 6840 - Sessão 3 - Verificando link com texto: 20/09/24
2025-05-02 12:54:57,486 - INFO - Thread 6840 - Sessão 3 - Verificando link com texto: 1470,63
2025-05-02 12:54:57,486 - INFO - Thread 6840 - Sessão 3 - Verificando link com texto: 0CIX1
2025-05-02 12:54:57,487 - INFO - Thread 6840 - Sessão 3 - Verificando link com texto: 49.086.988 LUAN DE SOUSA FREIRE SINTICLEPEMP
2025-05-02 12:54:57,487 - INFO - Thread 6840 - Sessão 3 - Verificando link com texto: 1010435252200
2025-05-02 12:54:57,487 - INFO - Thread 6840 - Sessão 3 - Verificando link com texto: 20/08/24
2025-05-02 12:54:57,487 - INFO - Thread 6840 - Sessão 3 - Verificando link com texto: 1470,63
2025-05-02 12:54:57,487 - INFO - Thread 6840 - Sessão 3 - Verificando link com texto: 0CIX1
2025-05-02 12:54:57,487 - INFO - Thread 6840 - Sessão 3 - Verificando link com texto: 49.086.988 LUAN DE SOUSA FREIRE SINTICLEPEMP
2025-05-02 12:54:57,487 - INFO - Thread 6840 - Sessão 3 - Verificando link com texto: 1010425800329
2025-05-02 12:54:57,487 - INFO - Thread 6840 - Sessão 3 - Verificando link com texto: 20/07/24
2025-05-02 12:54:57,487 - INFO - Thread 6840 - Sessão 3 - Verificando link com texto: 1470,63
2025-05-02 12:54:57,487 - INFO - Thread 6840 - Sessão 3 - Verificando link com texto: 0CIX1
2025-05-02 12:54:57,487 - INFO - Thread 6840 - Sessão 3 - Verificando link com texto: 49.086.988 LUAN DE SOUSA FREIRE SINTICLEPEMP
2025-05-02 12:54:57,487 - INFO - Thread 6840 - Sessão 3 - Verificando link com texto: 1010413639420
2025-05-02 12:54:57,487 - INFO - Thread 6840 - Sessão 3 - Verificando link com texto: 20/06/24
2025-05-02 12:54:57,488 - INFO - Thread 6840 - Sessão 3 - Verificando link com texto: 1470,63
2025-05-02 12:54:57,488 - INFO - Thread 6840 - Sessão 3 - Verificando link com texto: 0CIX1
2025-05-02 12:54:57,488 - INFO - Thread 6840 - Sessão 3 - Verificando link com texto: 49.086.988 LUAN DE SOUSA FREIRE SINTICLEPEMP
2025-05-02 12:54:57,488 - INFO - Thread 6840 - Sessão 3 - Verificando link com texto: 1010402391970
2025-05-02 12:54:57,488 - INFO - Thread 6840 - Sessão 3 - Verificando link com texto: 20/05/24
2025-05-02 12:54:57,488 - INFO - Thread 6840 - Sessão 3 - Verificando link com texto: 1565,9
2025-05-02 12:54:57,488 - INFO - Thread 6840 - Sessão 3 - Verificando link com texto: 0CIX1
2025-05-02 12:54:57,488 - INFO - Thread 6840 - Sessão 3 - Verificando link com texto: 49.086.988 LUAN DE SOUSA FREIRE SINTICLEPEMP
2025-05-02 12:54:57,488 - INFO - Thread 6840 - Sessão 3 - Verificando link com texto: 1010393540041
2025-05-02 12:54:57,488 - INFO - Thread 6840 - Sessão 3 - Verificando link com texto: 20/04/24
2025-05-02 12:54:57,488 - INFO - Thread 6840 - Sessão 3 - Verificando link com texto: 1349,25
2025-05-02 12:54:57,488 - INFO - Thread 6840 - Sessão 3 - Verificando link com texto: 0CIX1
2025-05-02 12:54:57,489 - INFO - Thread 6840 - Sessão 3 - Verificando link com texto: 49.086.988 LUAN DE SOUSA FREIRE SINTICLEPEMP
2025-05-02 12:54:57,489 - INFO - Thread 6840 - Sessão 3 - Verificando link com texto: 1010380490717
2025-05-02 12:54:57,489 - INFO - Thread 6840 - Sessão 3 - Verificando link com texto: 20/03/24
2025-05-02 12:54:57,489 - INFO - Thread 6840 - Sessão 3 - Verificando link com texto: 1349,25
2025-05-02 12:54:57,489 - INFO - Thread 6840 - Sessão 3 - Verificando link com texto: 0CIX1
2025-05-02 12:54:57,489 - INFO - Thread 6840 - Sessão 3 - Verificando link com texto: 49.086.988 LUAN DE SOUSA FREIRE SINTICLEPEMP
2025-05-02 12:54:57,489 - INFO - Thread 6840 - Sessão 3 - Verificando link com texto: 1010368367099
2025-05-02 12:54:57,489 - INFO - Thread 6840 - Sessão 3 - Verificando link com texto: 20/02/24
2025-05-02 12:54:57,489 - INFO - Thread 6840 - Sessão 3 - Verificando link com texto: 1618,26
2025-05-02 12:54:57,489 - INFO - Thread 6840 - Sessão 3 - Verificando link com texto: 0CIX1
2025-05-02 12:54:57,489 - INFO - Thread 6840 - Sessão 3 - Verificando link com texto: 49.086.988 LUAN DE SOUSA FREIRE SINTICLEPEMP
2025-05-02 12:54:57,489 - INFO - Thread 6840 - Sessão 3 - Verificando link com texto: 1010360937376
2025-05-02 12:54:57,489 - INFO - Thread 6840 - Sessão 3 - Verificando link com texto: 20/01/24
2025-05-02 12:54:57,489 - INFO - Thread 6840 - Sessão 3 - Verificando link com texto: 1349,25
2025-05-02 12:54:57,490 - INFO - Thread 6840 - Sessão 3 - Verificando link com texto: 0CIX1
2025-05-02 12:54:57,490 - INFO - Thread 6840 - Sessão 3 - Verificando link com texto: 49.086.988 LUAN DE SOUSA FREIRE SINTICLEPEMP
2025-05-02 12:54:57,490 - INFO - Thread 6840 - Sessão 3 - Verificando link com texto: 1010347712110
2025-05-02 12:54:57,490 - INFO - Thread 6840 - Sessão 3 - Verificando link com texto: 20/12/23
2025-05-02 12:54:57,490 - INFO - Thread 6840 - Sessão 3 - Verificando link com texto: 1349,25
2025-05-02 12:54:57,490 - INFO - Thread 6840 - Sessão 3 - Verificando link com texto: 0CIX1
2025-05-02 12:54:57,490 - INFO - Thread 6840 - Sessão 3 - Verificando link com texto: 49.086.988 LUAN DE SOUSA FREIRE SINTICLEPEMP
2025-05-02 12:54:57,490 - INFO - Thread 6840 - Sessão 3 - Verificando link com texto: 1010336989175
2025-05-02 12:54:57,490 - INFO - Thread 6840 - Sessão 3 - Verificando link com texto: 20/11/23
2025-05-02 12:54:57,490 - INFO - Thread 6840 - Sessão 3 - Verificando link com texto: 1349,25
2025-05-02 12:54:57,490 - INFO - Thread 6840 - Sessão 3 - Verificando link com texto: 0CIX1
2025-05-02 12:54:57,490 - INFO - Thread 6840 - Sessão 3 - Verificando link com texto: 49.086.988 LUAN DE SOUSA FREIRE SINTICLEPEMP
2025-05-02 12:54:57,490 - INFO - Thread 6840 - Sessão 3 - Verificando link com texto: 1010326183488
2025-05-02 12:54:57,491 - INFO - Thread 6840 - Sessão 3 - Verificando link com texto: 20/10/23
2025-05-02 12:54:57,491 - INFO - Thread 6840 - Sessão 3 - Verificando link com texto: 2199,45
2025-05-02 12:54:57,491 - INFO - Thread 6840 - Sessão 3 - Verificando link com texto: 0CIX1
2025-05-02 12:54:57,491 - INFO - Thread 6840 - Sessão 3 - Verificando link com texto: 49.086.988 LUAN DE SOUSA FREIRE SINTICLEPEMP
2025-05-02 12:54:57,491 - INFO - Thread 6840 - Sessão 3 - Verificando link com texto: 1010314583281
2025-05-02 12:54:57,491 - INFO - Thread 6840 - Sessão 3 - Verificando link com texto: 20/09/23
2025-05-02 12:54:57,492 - INFO - Thread 6840 - Sessão 3 - Verificando link com texto: 578,25
2025-05-02 12:54:57,492 - INFO - Thread 6840 - Sessão 3 - Verificando link com texto: 0CIX1
2025-05-02 12:54:57,492 - INFO - Thread 6840 - Sessão 3 - Verificando link com texto: 49.086.988 LUAN DE SOUSA FREIRE SINTICLEPEMP
2025-05-02 12:54:57,492 - INFO - Thread 6840 - Sessão 3 - Verificando link com texto: 1010304984364
2025-05-02 12:54:57,493 - INFO - Thread 6840 - Sessão 3 - Verificando link com texto: 20/08/23
2025-05-02 12:54:57,493 - INFO - Thread 6840 - Sessão 3 - Verificando link com texto: 578,25
2025-05-02 12:54:57,493 - INFO - Thread 6840 - Sessão 3 - Verificando link com texto: 0CIX1
2025-05-02 12:54:57,493 - INFO - Thread 6840 - Sessão 3 - Verificando link com texto: 49.086.988 LUAN DE SOUSA FREIRE SINTICLEPEMP
2025-05-02 12:54:57,493 - INFO - Thread 6840 - Sessão 3 - Verificando link com texto: 1010293086403
2025-05-02 12:54:57,493 - INFO - Thread 6840 - Sessão 3 - Verificando link com texto: 20/07/23
2025-05-02 12:54:57,493 - INFO - Thread 6840 - Sessão 3 - Verificando link com texto: 578,25
2025-05-02 12:54:57,493 - INFO - Thread 6840 - Sessão 3 - Verificando link com texto: 0CIX1
2025-05-02 12:54:57,493 - INFO - Thread 6840 - Sessão 3 - Verificando link com texto: 49.086.988 LUAN DE SOUSA FREIRE SINTICLEPEMP
2025-05-02 12:54:57,493 - INFO - Thread 6840 - Sessão 3 - Verificando link com texto: 1010282593325
2025-05-02 12:54:57,494 - INFO - Thread 6840 - Sessão 3 - Verificando link com texto: 20/06/23
2025-05-02 12:54:57,494 - INFO - Thread 6840 - Sessão 3 - Verificando link com texto: 578,25
2025-05-02 12:54:57,494 - INFO - Thread 6840 - Sessão 3 - Verificando link com texto: 0CIX1
2025-05-02 12:54:57,494 - INFO - Thread 6840 - Sessão 3 - Verificando link com texto: 49.086.988 LUAN DE SOUSA FREIRE SINTICLEPEMP
2025-05-02 12:54:57,494 - INFO - Thread 6840 - Sessão 3 - Verificando link com texto: 1010272474935
2025-05-02 12:54:57,494 - INFO - Thread 6840 - Sessão 3 - Verificando link com texto: 20/05/23
2025-05-02 12:54:57,494 - INFO - Thread 6840 - Sessão 3 - Verificando link com texto: 729,18
2025-05-02 12:54:57,494 - INFO - Thread 6840 - Sessão 3 - Verificando link com texto: 0CIX1
2025-05-02 12:54:57,494 - INFO - Thread 6840 - Sessão 3 - Verificando link com texto: 49.086.988 LUAN DE SOUSA FREIRE SINTICLEPEMP
2025-05-02 12:54:57,494 - INFO - Thread 6840 - Sessão 3 - Verificando link com texto: 1010262052990
2025-05-02 12:54:57,494 - INFO - Thread 6840 - Sessão 3 - Verificando link com texto: 20/04/23
2025-05-02 12:54:57,495 - INFO - Thread 6840 - Sessão 3 - Verificando link com texto: 614,29
2025-05-02 12:54:57,495 - INFO - Thread 6840 - Sessão 3 - Verificando link com texto: 0CIX1
2025-05-02 12:54:57,495 - INFO - Thread 6840 - Sessão 3 - Verificando link com texto: 49.086.988 LUAN DE SOUSA FREIRE SINTICLEPEMP
2025-05-02 12:54:57,495 - INFO - Thread 6840 - Sessão 3 - Verificando link com texto: 28141000020799519
2025-05-02 12:54:57,495 - INFO - Thread 6840 - Sessão 3 - Verificando link com texto: 20/03/23
2025-05-02 12:54:57,495 - INFO - Thread 6840 - Sessão 3 - Verificando link com texto: 643,44
2025-05-02 12:54:57,495 - ERROR - Thread 6840 - Sessão 3 - Data de vencimento 20/05/25 não encontrada. Datas disponíveis: ['0CIX1', '49.086.988 LUAN DE SOUSA FREIRE SINTICLEPEMP', '1010526363579', '20/04/25', '1470,63', '0CIX1', '49.086.988 LUAN DE SOUSA FREIRE SINTICLEPEMP', '1010517414018', '20/03/25', '1470,63', '0CIX1', '49.086.988 LUAN DE SOUSA FREIRE SINTICLEPEMP', '1010502970726', '20/02/25', '1470,63', '0CIX1', '49.086.988 LUAN DE SOUSA FREIRE SINTICLEPEMP', '1010492575129', '20/01/25', '1470,63', '0CIX1', '49.086.988 LUAN DE SOUSA FREIRE SINTICLEPEMP', '1010481534388', '20/12/24', '1470,63', '0CIX1', '49.086.988 LUAN DE SOUSA FREIRE SINTICLEPEMP', '1010468970790', '20/11/24', '1470,63', '0CIX1', '49.086.988 LUAN DE SOUSA FREIRE SINTICLEPEMP', '1010461018392', '20/10/24', '1470,63', '0CIX1', '49.086.988 LUAN DE SOUSA FREIRE SINTICLEPEMP', '1010447316861', '20/09/24', '1470,63', '0CIX1', '49.086.988 LUAN DE SOUSA FREIRE SINTICLEPEMP', '1010435252200', '20/08/24', '1470,63', '0CIX1', '49.086.988 LUAN DE SOUSA FREIRE SINTICLEPEMP', '1010425800329', '20/07/24', '1470,63', '0CIX1', '49.086.988 LUAN DE SOUSA FREIRE SINTICLEPEMP', '1010413639420', '20/06/24', '1470,63', '0CIX1', '49.086.988 LUAN DE SOUSA FREIRE SINTICLEPEMP', '1010402391970', '20/05/24', '1565,9', '0CIX1', '49.086.988 LUAN DE SOUSA FREIRE SINTICLEPEMP', '1010393540041', '20/04/24', '1349,25', '0CIX1', '49.086.988 LUAN DE SOUSA FREIRE SINTICLEPEMP', '1010380490717', '20/03/24', '1349,25', '0CIX1', '49.086.988 LUAN DE SOUSA FREIRE SINTICLEPEMP', '1010368367099', '20/02/24', '1618,26', '0CIX1', '49.086.988 LUAN DE SOUSA FREIRE SINTICLEPEMP', '1010360937376', '20/01/24', '1349,25', '0CIX1', '49.086.988 LUAN DE SOUSA FREIRE SINTICLEPEMP', '1010347712110', '20/12/23', '1349,25', '0CIX1', '49.086.988 LUAN DE SOUSA FREIRE SINTICLEPEMP', '1010336989175', '20/11/23', '1349,25', '0CIX1', '49.086.988 LUAN DE SOUSA FREIRE SINTICLEPEMP', '1010326183488', '20/10/23', '2199,45', '0CIX1', '49.086.988 LUAN DE SOUSA FREIRE SINTICLEPEMP', '1010314583281', '20/09/23', '578,25', '0CIX1', '49.086.988 LUAN DE SOUSA FREIRE SINTICLEPEMP', '1010304984364', '20/08/23', '578,25', '0CIX1', '49.086.988 LUAN DE SOUSA FREIRE SINTICLEPEMP', '1010293086403', '20/07/23', '578,25', '0CIX1', '49.086.988 LUAN DE SOUSA FREIRE SINTICLEPEMP', '1010282593325', '20/06/23', '578,25', '0CIX1', '49.086.988 LUAN DE SOUSA FREIRE SINTICLEPEMP', '1010272474935', '20/05/23', '729,18', '0CIX1', '49.086.988 LUAN DE SOUSA FREIRE SINTICLEPEMP', '1010262052990', '20/04/23', '614,29', '0CIX1', '49.086.988 LUAN DE SOUSA FREIRE SINTICLEPEMP', '28141000020799519', '20/03/23', '643,44']
2025-05-02 12:54:57,496 - INFO - Thread 512 - Progresso: 3/3 (100%)
2025-05-02 12:54:57,534 - INFO - Thread 512 - Status atualizados no Excel com sucesso
2025-05-02 12:54:57,534 - INFO - Thread 512 - Extração de notas fiscais concluída
2025-05-02 12:54:57,535 - INFO - Thread 512 - Subpasta vazia removida: C:\Users\chrys\OneDrive\Desktop\Site\downloads\driver_1
2025-05-02 12:54:57,535 - INFO - Thread 512 - Subpasta vazia removida: C:\Users\chrys\OneDrive\Desktop\Site\downloads\driver_2
2025-05-02 12:54:57,536 - INFO - Thread 512 - Subpasta vazia removida: C:\Users\chrys\OneDrive\Desktop\Site\downloads\driver_3
2025-05-02 12:54:57,536 - INFO - Thread 512 - Subpasta vazia removida: C:\Users\chrys\OneDrive\Desktop\Site\downloads\driver_4
2025-05-02 12:54:57,537 - INFO - Thread 512 - Subpasta vazia removida: C:\Users\chrys\OneDrive\Desktop\Site\downloads\driver_5
2025-05-02 12:54:57,537 - INFO - Thread 512 - Subpasta vazia removida: C:\Users\chrys\OneDrive\Desktop\Site\downloads\driver_6
2025-05-02 12:54:57,537 - INFO - Thread 512 - Subpasta vazia removida: C:\Users\chrys\OneDrive\Desktop\Site\downloads\driver_7
2025-05-02 12:54:57,538 - INFO - Thread 512 - Subpasta vazia removida: C:\Users\chrys\OneDrive\Desktop\Site\downloads\driver_8
2025-05-02 12:54:57,540 - INFO - Thread 512 - Sessão 1 fechada com sucesso
2025-05-02 12:54:57,541 - INFO - Thread 512 - Sessão 2 fechada com sucesso
2025-05-02 12:54:57,544 - INFO - Thread 512 - Sessão 3 fechada com sucesso
2025-05-02 12:54:57,545 - INFO - Thread 512 - Sessão 4 fechada com sucesso
2025-05-02 12:54:57,545 - INFO - Thread 512 - Sessão 5 fechada com sucesso
2025-05-02 12:54:57,545 - INFO - Thread 512 - Sessão 6 fechada com sucesso
2025-05-02 12:54:57,545 - INFO - Thread 512 - Sessão 7 fechada com sucesso
2025-05-02 12:54:57,545 - INFO - Thread 512 - Sessão 8 fechada com sucesso
2025-05-02 12:54:57,545 - INFO - Thread 512 - Extração de notas fiscais concluída. 6 notas geradas.
2025-05-02 12:54:58,091 - INFO - Thread 31056 - Iniciando extração de notas fiscais
2025-05-02 12:54:58,092 - INFO - Thread 31056 - Iniciando extração de notas fiscais
2025-05-02 12:54:58,124 - INFO - Thread 31056 - Total de empresas a processar: 3
2025-05-02 12:54:58,128 - INFO - Thread 31056 - Pasta de downloads criada: C:\Users\chrys\OneDrive\Desktop\Site\downloads\driver_1
2025-05-02 12:54:58,129 - INFO - Thread 31056 - Sessão 1 configurada com sucesso
2025-05-02 12:54:58,130 - INFO - Thread 31056 - Pasta de downloads criada: C:\Users\chrys\OneDrive\Desktop\Site\downloads\driver_2
2025-05-02 12:54:58,132 - INFO - Thread 31056 - Sessão 2 configurada com sucesso
2025-05-02 12:54:58,132 - INFO - Thread 31056 - Pasta de downloads criada: C:\Users\chrys\OneDrive\Desktop\Site\downloads\driver_3
2025-05-02 12:54:58,133 - INFO - Thread 31056 - Sessão 3 configurada com sucesso
2025-05-02 12:54:58,133 - INFO - Thread 31056 - Pasta de downloads criada: C:\Users\chrys\OneDrive\Desktop\Site\downloads\driver_4
2025-05-02 12:54:58,133 - INFO - Thread 31056 - Sessão 4 configurada com sucesso
2025-05-02 12:54:58,134 - INFO - Thread 31056 - Pasta de downloads criada: C:\Users\chrys\OneDrive\Desktop\Site\downloads\driver_5
2025-05-02 12:54:58,134 - INFO - Thread 31056 - Sessão 5 configurada com sucesso
2025-05-02 12:54:58,135 - INFO - Thread 31056 - Pasta de downloads criada: C:\Users\chrys\OneDrive\Desktop\Site\downloads\driver_6
2025-05-02 12:54:58,135 - INFO - Thread 31056 - Sessão 6 configurada com sucesso
2025-05-02 12:54:58,136 - INFO - Thread 31056 - Pasta de downloads criada: C:\Users\chrys\OneDrive\Desktop\Site\downloads\driver_7
2025-05-02 12:54:58,136 - INFO - Thread 31056 - Sessão 7 configurada com sucesso
2025-05-02 12:54:58,137 - INFO - Thread 31056 - Pasta de downloads criada: C:\Users\chrys\OneDrive\Desktop\Site\downloads\driver_8
2025-05-02 12:54:58,137 - INFO - Thread 31056 - Sessão 8 configurada com sucesso
2025-05-02 12:54:58,138 - INFO - Thread 11476 - Sessão 1 - Iniciando processamento da empresa: 0DTY7
2025-05-02 12:54:58,140 - INFO - Thread 35288 - Sessão 2 - Iniciando processamento da empresa: 0CPDD
2025-05-02 12:54:58,141 - INFO - Thread 15588 - Sessão 3 - Iniciando processamento da empresa: 0CIX1
2025-05-02 12:54:58,145 - DEBUG - Thread 35288 - Starting new HTTPS connection (1): webhap.hapvida.com.br:443
2025-05-02 12:54:58,145 - DEBUG - Thread 11476 - Starting new HTTPS connection (1): webhap.hapvida.com.br:443
2025-05-02 12:54:58,146 - DEBUG - Thread 15588 - Starting new HTTPS connection (1): webhap.hapvida.com.br:443
2025-05-02 12:54:58,431 - INFO - Thread 34132 - Iniciando extração de notas fiscais
2025-05-02 12:54:58,431 - INFO - Thread 34132 - Iniciando extração de notas fiscais
2025-05-02 12:54:58,446 - INFO - Thread 34132 - Total de empresas a processar: 3
2025-05-02 12:54:58,447 - INFO - Thread 34132 - Pasta de downloads criada: C:\Users\chrys\OneDrive\Desktop\Site\downloads\driver_1
2025-05-02 12:54:58,447 - INFO - Thread 34132 - Sessão 1 configurada com sucesso
2025-05-02 12:54:58,448 - INFO - Thread 34132 - Pasta de downloads criada: C:\Users\chrys\OneDrive\Desktop\Site\downloads\driver_2
2025-05-02 12:54:58,448 - INFO - Thread 34132 - Sessão 2 configurada com sucesso
2025-05-02 12:54:58,448 - INFO - Thread 34132 - Pasta de downloads criada: C:\Users\chrys\OneDrive\Desktop\Site\downloads\driver_3
2025-05-02 12:54:58,448 - INFO - Thread 34132 - Sessão 3 configurada com sucesso
2025-05-02 12:54:58,448 - INFO - Thread 34132 - Pasta de downloads criada: C:\Users\chrys\OneDrive\Desktop\Site\downloads\driver_4
2025-05-02 12:54:58,449 - INFO - Thread 34132 - Sessão 4 configurada com sucesso
2025-05-02 12:54:58,449 - INFO - Thread 34132 - Pasta de downloads criada: C:\Users\chrys\OneDrive\Desktop\Site\downloads\driver_5
2025-05-02 12:54:58,449 - INFO - Thread 34132 - Sessão 5 configurada com sucesso
2025-05-02 12:54:58,449 - INFO - Thread 34132 - Pasta de downloads criada: C:\Users\chrys\OneDrive\Desktop\Site\downloads\driver_6
2025-05-02 12:54:58,449 - INFO - Thread 34132 - Sessão 6 configurada com sucesso
2025-05-02 12:54:58,450 - INFO - Thread 34132 - Pasta de downloads criada: C:\Users\chrys\OneDrive\Desktop\Site\downloads\driver_7
2025-05-02 12:54:58,450 - INFO - Thread 34132 - Sessão 7 configurada com sucesso
2025-05-02 12:54:58,450 - INFO - Thread 34132 - Pasta de downloads criada: C:\Users\chrys\OneDrive\Desktop\Site\downloads\driver_8
2025-05-02 12:54:58,450 - INFO - Thread 34132 - Sessão 8 configurada com sucesso
2025-05-02 12:54:58,452 - INFO - Thread 15620 - Sessão 1 - Iniciando processamento da empresa: 0DTY7
2025-05-02 12:54:58,452 - INFO - Thread 3300 - Sessão 2 - Iniciando processamento da empresa: 0CPDD
2025-05-02 12:54:58,453 - INFO - Thread 25532 - Sessão 3 - Iniciando processamento da empresa: 0CIX1
2025-05-02 12:54:58,457 - DEBUG - Thread 15620 - Starting new HTTPS connection (1): webhap.hapvida.com.br:443
2025-05-02 12:54:58,457 - DEBUG - Thread 25532 - Starting new HTTPS connection (1): webhap.hapvida.com.br:443
2025-05-02 12:54:58,457 - DEBUG - Thread 3300 - Starting new HTTPS connection (1): webhap.hapvida.com.br:443
2025-05-02 12:54:58,651 - DEBUG - Thread 13400 - https://webhap.hapvida.com.br:443 "POST /pls/webhap/pk_nota_fiscal.loginValidacao HTTP/11" 302 2
2025-05-02 12:54:58,654 - DEBUG - Thread 31872 - https://webhap.hapvida.com.br:443 "POST /pls/webhap/pk_nota_fiscal.loginValidacao HTTP/11" 302 2
2025-05-02 12:54:58,704 - DEBUG - Thread 34516 - https://webhap.hapvida.com.br:443 "POST /pls/webhap/pk_nota_fiscal.loginValidacao HTTP/11" 302 2
2025-05-02 12:54:58,757 - DEBUG - Thread 31872 - https://webhap.hapvida.com.br:443 "GET /pls/webhap/pk_nota_fiscal.listaNotasFiscais?pNoCache=1202542559&pIdSessao=54021205592516599159 HTTP/11" 200 None
2025-05-02 12:54:58,757 - INFO - Thread 31872 - Sessão 3 - Status do login: 200, URL: https://webhap.hapvida.com.br/pls/webhap/pk_nota_fiscal.listaNotasFiscais?pNoCache=1202542559&pIdSessao=54021205592516599159
2025-05-02 12:54:58,758 - INFO - Thread 31872 - Sessão 3 - Cookies após login: {}
2025-05-02 12:54:58,758 - INFO - Thread 31872 - Sessão 3 - Login bem-sucedido para empresa 0CIX1
2025-05-02 12:54:58,780 - INFO - Thread 31872 - Sessão 3 - pIdSessao extraído: 54021205592516599159
2025-05-02 12:54:58,781 - DEBUG - Thread 13400 - https://webhap.hapvida.com.br:443 "GET /pls/webhap/pk_nota_fiscal.listaNotasFiscais?pNoCache=1202542559&pIdSessao=54021205592516599173 HTTP/11" 200 None
2025-05-02 12:54:58,782 - INFO - Thread 13400 - Sessão 1 - Status do login: 200, URL: https://webhap.hapvida.com.br/pls/webhap/pk_nota_fiscal.listaNotasFiscais?pNoCache=1202542559&pIdSessao=54021205592516599173
2025-05-02 12:54:58,782 - INFO - Thread 13400 - Sessão 1 - Cookies após login: {}
2025-05-02 12:54:58,782 - INFO - Thread 13400 - Sessão 1 - Login bem-sucedido para empresa 0DTY7
2025-05-02 12:54:58,802 - INFO - Thread 13400 - Sessão 1 - pIdSessao extraído: 54021205592516599173
2025-05-02 12:54:58,892 - DEBUG - Thread 31872 - https://webhap.hapvida.com.br:443 "GET /pls/webhap/pk_nota_fiscal.listaNotasFiscais?pIdSessao=54021205592516599159 HTTP/11" 200 None
2025-05-02 12:54:58,893 - INFO - Thread 31872 - Sessão 3 - Status da requisição: 200, URL final: https://webhap.hapvida.com.br/pls/webhap/pk_nota_fiscal.listaNotasFiscais?pIdSessao=54021205592516599159
2025-05-02 12:54:58,893 - DEBUG - Thread 31872 - Sessão 3 - Primeiros 500 caracteres do HTML: 
    <head>
    <meta http-equiv="Content-Type" content="text/html; charset=utf-8" />
    <meta name="viewport" content="width=device-width, initial-scale=1.0">
    <title>Hapvida - Plano de Saúde</title>
    <link href="/hapvida/hapvida_avanz/sistema/css/simple-line-icons.css" rel="stylesheet" type="text/css" />
    <link href="/hapvida/hapvida_avanz/sistema/css/stlhapvida.css" rel="stylesheet" type="text/css" />
    <link href="/hapvida/hapvida_avanz/sistema/css/style-ie.css" rel="stylesheet" 
2025-05-02 12:54:58,912 - INFO - Thread 31872 - Sessão 3 - Buscando data de vencimento: 20/05/25
2025-05-02 12:54:58,912 - INFO - Thread 31872 - Sessão 3 - Verificando link com texto: 0CIX1
2025-05-02 12:54:58,912 - DEBUG - Thread 13400 - https://webhap.hapvida.com.br:443 "GET /pls/webhap/pk_nota_fiscal.listaNotasFiscais?pIdSessao=54021205592516599173 HTTP/11" 200 None
2025-05-02 12:54:58,912 - INFO - Thread 31872 - Sessão 3 - Verificando link com texto: 49.086.988 LUAN DE SOUSA FREIRE SINTICLEPEMP
2025-05-02 12:54:58,913 - INFO - Thread 31872 - Sessão 3 - Verificando link com texto: 1010526363579
2025-05-02 12:54:58,913 - INFO - Thread 31872 - Sessão 3 - Verificando link com texto: 20/04/25
2025-05-02 12:54:58,913 - INFO - Thread 13400 - Sessão 1 - Status da requisição: 200, URL final: https://webhap.hapvida.com.br/pls/webhap/pk_nota_fiscal.listaNotasFiscais?pIdSessao=54021205592516599173
2025-05-02 12:54:58,913 - INFO - Thread 31872 - Sessão 3 - Verificando link com texto: 1470,63
2025-05-02 12:54:58,913 - DEBUG - Thread 13400 - Sessão 1 - Primeiros 500 caracteres do HTML: 
    <head>
    <meta http-equiv="Content-Type" content="text/html; charset=utf-8" />
    <meta name="viewport" content="width=device-width, initial-scale=1.0">
    <title>Hapvida - Plano de Saúde</title>
    <link href="/hapvida/hapvida_avanz/sistema/css/simple-line-icons.css" rel="stylesheet" type="text/css" />
    <link href="/hapvida/hapvida_avanz/sistema/css/stlhapvida.css" rel="stylesheet" type="text/css" />
    <link href="/hapvida/hapvida_avanz/sistema/css/style-ie.css" rel="stylesheet" 
2025-05-02 12:54:58,914 - INFO - Thread 31872 - Sessão 3 - Verificando link com texto: 0CIX1
2025-05-02 12:54:58,920 - INFO - Thread 31872 - Sessão 3 - Verificando link com texto: 49.086.988 LUAN DE SOUSA FREIRE SINTICLEPEMP
2025-05-02 12:54:58,932 - INFO - Thread 13400 - Sessão 1 - Buscando data de vencimento: 20/05/25
2025-05-02 12:54:58,932 - INFO - Thread 31872 - Sessão 3 - Verificando link com texto: 1010517414018
2025-05-02 12:54:58,932 - INFO - Thread 13400 - Sessão 1 - Verificando link com texto: 0DTY7
2025-05-02 12:54:58,933 - INFO - Thread 31872 - Sessão 3 - Verificando link com texto: 20/03/25
2025-05-02 12:54:58,933 - INFO - Thread 13400 - Sessão 1 - Verificando link com texto: 37.233.759 MARIA GENEROZA H SECUNDES SINTICLEPEMP
2025-05-02 12:54:58,933 - INFO - Thread 31872 - Sessão 3 - Verificando link com texto: 1470,63
2025-05-02 12:54:58,933 - INFO - Thread 13400 - Sessão 1 - Verificando link com texto: 28141000021976197
2025-05-02 12:54:58,933 - INFO - Thread 31872 - Sessão 3 - Verificando link com texto: 0CIX1
2025-05-02 12:54:58,933 - INFO - Thread 13400 - Sessão 1 - Verificando link com texto: 20/04/25
2025-05-02 12:54:58,933 - INFO - Thread 31872 - Sessão 3 - Verificando link com texto: 49.086.988 LUAN DE SOUSA FREIRE SINTICLEPEMP
2025-05-02 12:54:58,933 - INFO - Thread 13400 - Sessão 1 - Verificando link com texto: 1134,5
2025-05-02 12:54:58,934 - INFO - Thread 31872 - Sessão 3 - Verificando link com texto: 1010502970726
2025-05-02 12:54:58,934 - INFO - Thread 13400 - Sessão 1 - Verificando link com texto: 0DTY7
2025-05-02 12:54:58,934 - INFO - Thread 31872 - Sessão 3 - Verificando link com texto: 20/02/25
2025-05-02 12:54:58,934 - INFO - Thread 13400 - Sessão 1 - Verificando link com texto: 37.233.759 MARIA GENEROZA H SECUNDES SINTICLEPEMP
2025-05-02 12:54:58,934 - INFO - Thread 31872 - Sessão 3 - Verificando link com texto: 1470,63
2025-05-02 12:54:58,934 - INFO - Thread 13400 - Sessão 1 - Verificando link com texto: 28141000021956316
2025-05-02 12:54:58,934 - INFO - Thread 31872 - Sessão 3 - Verificando link com texto: 0CIX1
2025-05-02 12:54:58,934 - INFO - Thread 13400 - Sessão 1 - Verificando link com texto: 20/03/25
2025-05-02 12:54:58,935 - INFO - Thread 31872 - Sessão 3 - Verificando link com texto: 49.086.988 LUAN DE SOUSA FREIRE SINTICLEPEMP
2025-05-02 12:54:58,935 - INFO - Thread 13400 - Sessão 1 - Verificando link com texto: 1134,5
2025-05-02 12:54:58,935 - INFO - Thread 31872 - Sessão 3 - Verificando link com texto: 1010492575129
2025-05-02 12:54:58,935 - INFO - Thread 13400 - Sessão 1 - Verificando link com texto: 0DTY7
2025-05-02 12:54:58,936 - INFO - Thread 31872 - Sessão 3 - Verificando link com texto: 20/01/25
2025-05-02 12:54:58,936 - INFO - Thread 13400 - Sessão 1 - Verificando link com texto: 37.233.759 MARIA GENEROZA H SECUNDES SINTICLEPEMP
2025-05-02 12:54:58,936 - INFO - Thread 31872 - Sessão 3 - Verificando link com texto: 1470,63
2025-05-02 12:54:58,936 - INFO - Thread 13400 - Sessão 1 - Verificando link com texto: 28141000021930377
2025-05-02 12:54:58,936 - INFO - Thread 31872 - Sessão 3 - Verificando link com texto: 0CIX1
2025-05-02 12:54:58,937 - INFO - Thread 13400 - Sessão 1 - Verificando link com texto: 20/02/25
2025-05-02 12:54:58,937 - INFO - Thread 31872 - Sessão 3 - Verificando link com texto: 49.086.988 LUAN DE SOUSA FREIRE SINTICLEPEMP
2025-05-02 12:54:58,937 - INFO - Thread 13400 - Sessão 1 - Verificando link com texto: 1317,15
2025-05-02 12:54:58,937 - INFO - Thread 31872 - Sessão 3 - Verificando link com texto: 1010481534388
2025-05-02 12:54:58,937 - INFO - Thread 13400 - Sessão 1 - Verificando link com texto: 0DTY7
2025-05-02 12:54:58,937 - INFO - Thread 31872 - Sessão 3 - Verificando link com texto: 20/12/24
2025-05-02 12:54:58,937 - INFO - Thread 13400 - Sessão 1 - Verificando link com texto: 37.233.759 MARIA GENEROZA H SECUNDES SINTICLEPEMP
2025-05-02 12:54:58,937 - INFO - Thread 31872 - Sessão 3 - Verificando link com texto: 1470,63
2025-05-02 12:54:58,938 - INFO - Thread 13400 - Sessão 1 - Verificando link com texto: 28141000021908626
2025-05-02 12:54:58,938 - INFO - Thread 31872 - Sessão 3 - Verificando link com texto: 0CIX1
2025-05-02 12:54:58,938 - INFO - Thread 13400 - Sessão 1 - Verificando link com texto: 20/01/25
2025-05-02 12:54:58,938 - INFO - Thread 31872 - Sessão 3 - Verificando link com texto: 49.086.988 LUAN DE SOUSA FREIRE SINTICLEPEMP
2025-05-02 12:54:58,938 - INFO - Thread 13400 - Sessão 1 - Verificando link com texto: 924,41
2025-05-02 12:54:58,938 - INFO - Thread 31872 - Sessão 3 - Verificando link com texto: 1010468970790
2025-05-02 12:54:58,938 - INFO - Thread 13400 - Sessão 1 - Verificando link com texto: 0DTY7
2025-05-02 12:54:58,938 - INFO - Thread 31872 - Sessão 3 - Verificando link com texto: 20/11/24
2025-05-02 12:54:58,939 - INFO - Thread 13400 - Sessão 1 - Verificando link com texto: 37.233.759 MARIA GENEROZA H SECUNDES SINTICLEPEMP
2025-05-02 12:54:58,939 - INFO - Thread 31872 - Sessão 3 - Verificando link com texto: 1470,63
2025-05-02 12:54:58,939 - INFO - Thread 13400 - Sessão 1 - Verificando link com texto: 28141000021887251
2025-05-02 12:54:58,939 - INFO - Thread 31872 - Sessão 3 - Verificando link com texto: 0CIX1
2025-05-02 12:54:58,939 - INFO - Thread 13400 - Sessão 1 - Verificando link com texto: 20/12/24
2025-05-02 12:54:58,939 - INFO - Thread 31872 - Sessão 3 - Verificando link com texto: 49.086.988 LUAN DE SOUSA FREIRE SINTICLEPEMP
2025-05-02 12:54:58,939 - INFO - Thread 13400 - Sessão 1 - Verificando link com texto: 924,41
2025-05-02 12:54:58,940 - INFO - Thread 31872 - Sessão 3 - Verificando link com texto: 1010461018392
2025-05-02 12:54:58,940 - INFO - Thread 13400 - Sessão 1 - Verificando link com texto: 0DTY7
2025-05-02 12:54:58,940 - INFO - Thread 31872 - Sessão 3 - Verificando link com texto: 20/10/24
2025-05-02 12:54:58,940 - INFO - Thread 13400 - Sessão 1 - Verificando link com texto: 37.233.759 MARIA GENEROZA H SECUNDES SINTICLEPEMP
2025-05-02 12:54:58,940 - INFO - Thread 31872 - Sessão 3 - Verificando link com texto: 1470,63
2025-05-02 12:54:58,940 - INFO - Thread 13400 - Sessão 1 - Verificando link com texto: 28141000021864258
2025-05-02 12:54:58,940 - INFO - Thread 31872 - Sessão 3 - Verificando link com texto: 0CIX1
2025-05-02 12:54:58,940 - INFO - Thread 13400 - Sessão 1 - Verificando link com texto: 20/11/24
2025-05-02 12:54:58,941 - INFO - Thread 31872 - Sessão 3 - Verificando link com texto: 49.086.988 LUAN DE SOUSA FREIRE SINTICLEPEMP
2025-05-02 12:54:58,941 - INFO - Thread 13400 - Sessão 1 - Verificando link com texto: 924,41
2025-05-02 12:54:58,941 - INFO - Thread 31872 - Sessão 3 - Verificando link com texto: 1010447316861
2025-05-02 12:54:58,941 - INFO - Thread 13400 - Sessão 1 - Verificando link com texto: 0DTY7
2025-05-02 12:54:58,941 - INFO - Thread 31872 - Sessão 3 - Verificando link com texto: 20/09/24
2025-05-02 12:54:58,941 - INFO - Thread 13400 - Sessão 1 - Verificando link com texto: 37.233.759 MARIA GENEROZA H SECUNDES SINTICLEPEMP
2025-05-02 12:54:58,941 - INFO - Thread 31872 - Sessão 3 - Verificando link com texto: 1470,63
2025-05-02 12:54:58,942 - INFO - Thread 13400 - Sessão 1 - Verificando link com texto: 28141000021842190
2025-05-02 12:54:58,942 - INFO - Thread 31872 - Sessão 3 - Verificando link com texto: 0CIX1
2025-05-02 12:54:58,942 - INFO - Thread 13400 - Sessão 1 - Verificando link com texto: 20/10/24
2025-05-02 12:54:58,942 - INFO - Thread 31872 - Sessão 3 - Verificando link com texto: 49.086.988 LUAN DE SOUSA FREIRE SINTICLEPEMP
2025-05-02 12:54:58,942 - INFO - Thread 13400 - Sessão 1 - Verificando link com texto: 924,41
2025-05-02 12:54:58,942 - INFO - Thread 31872 - Sessão 3 - Verificando link com texto: 1010435252200
2025-05-02 12:54:58,942 - INFO - Thread 13400 - Sessão 1 - Verificando link com texto: 0DTY7
2025-05-02 12:54:58,943 - INFO - Thread 31872 - Sessão 3 - Verificando link com texto: 20/08/24
2025-05-02 12:54:58,943 - INFO - Thread 13400 - Sessão 1 - Verificando link com texto: 37.233.759 MARIA GENEROZA H SECUNDES SINTICLEPEMP
2025-05-02 12:54:58,943 - INFO - Thread 31872 - Sessão 3 - Verificando link com texto: 1470,63
2025-05-02 12:54:58,943 - INFO - Thread 13400 - Sessão 1 - Verificando link com texto: 28141000021814795
2025-05-02 12:54:58,943 - INFO - Thread 31872 - Sessão 3 - Verificando link com texto: 0CIX1
2025-05-02 12:54:58,943 - INFO - Thread 13400 - Sessão 1 - Verificando link com texto: 20/09/24
2025-05-02 12:54:58,943 - INFO - Thread 31872 - Sessão 3 - Verificando link com texto: 49.086.988 LUAN DE SOUSA FREIRE SINTICLEPEMP
2025-05-02 12:54:58,943 - INFO - Thread 13400 - Sessão 1 - Verificando link com texto: 924,41
2025-05-02 12:54:58,944 - INFO - Thread 31872 - Sessão 3 - Verificando link com texto: 1010425800329
2025-05-02 12:54:58,944 - INFO - Thread 13400 - Sessão 1 - Verificando link com texto: 0DTY7
2025-05-02 12:54:58,944 - INFO - Thread 31872 - Sessão 3 - Verificando link com texto: 20/07/24
2025-05-02 12:54:58,944 - INFO - Thread 13400 - Sessão 1 - Verificando link com texto: 37.233.759 MARIA GENEROZA H SECUNDES SINTICLEPEMP
2025-05-02 12:54:58,944 - INFO - Thread 31872 - Sessão 3 - Verificando link com texto: 1470,63
2025-05-02 12:54:58,944 - INFO - Thread 13400 - Sessão 1 - Verificando link com texto: 28141000021787832
2025-05-02 12:54:58,944 - INFO - Thread 31872 - Sessão 3 - Verificando link com texto: 0CIX1
2025-05-02 12:54:58,945 - INFO - Thread 13400 - Sessão 1 - Verificando link com texto: 20/08/24
2025-05-02 12:54:58,945 - INFO - Thread 31872 - Sessão 3 - Verificando link com texto: 49.086.988 LUAN DE SOUSA FREIRE SINTICLEPEMP
2025-05-02 12:54:58,945 - INFO - Thread 13400 - Sessão 1 - Verificando link com texto: 924,41
2025-05-02 12:54:58,945 - INFO - Thread 31872 - Sessão 3 - Verificando link com texto: 1010413639420
2025-05-02 12:54:58,945 - INFO - Thread 13400 - Sessão 1 - Verificando link com texto: 0DTY7
2025-05-02 12:54:58,945 - INFO - Thread 31872 - Sessão 3 - Verificando link com texto: 20/06/24
2025-05-02 12:54:58,945 - INFO - Thread 13400 - Sessão 1 - Verificando link com texto: 37.233.759 MARIA GENEROZA H SECUNDES SINTICLEPEMP
2025-05-02 12:54:58,946 - INFO - Thread 31872 - Sessão 3 - Verificando link com texto: 1470,63
2025-05-02 12:54:58,946 - INFO - Thread 13400 - Sessão 1 - Verificando link com texto: 28141000021761826
2025-05-02 12:54:58,946 - INFO - Thread 31872 - Sessão 3 - Verificando link com texto: 0CIX1
2025-05-02 12:54:58,946 - INFO - Thread 13400 - Sessão 1 - Verificando link com texto: 20/07/24
2025-05-02 12:54:58,946 - INFO - Thread 31872 - Sessão 3 - Verificando link com texto: 49.086.988 LUAN DE SOUSA FREIRE SINTICLEPEMP
2025-05-02 12:54:58,946 - INFO - Thread 13400 - Sessão 1 - Verificando link com texto: 924,41
2025-05-02 12:54:58,946 - INFO - Thread 31872 - Sessão 3 - Verificando link com texto: 1010402391970
2025-05-02 12:54:58,946 - INFO - Thread 13400 - Sessão 1 - Verificando link com texto: 0DTY7
2025-05-02 12:54:58,947 - INFO - Thread 31872 - Sessão 3 - Verificando link com texto: 20/05/24
2025-05-02 12:54:58,947 - INFO - Thread 13400 - Sessão 1 - Verificando link com texto: 37.233.759 MARIA GENEROZA H SECUNDES SINTICLEPEMP
2025-05-02 12:54:58,947 - INFO - Thread 31872 - Sessão 3 - Verificando link com texto: 1565,9
2025-05-02 12:54:58,947 - INFO - Thread 13400 - Sessão 1 - Verificando link com texto: 28141000021732486
2025-05-02 12:54:58,947 - INFO - Thread 31872 - Sessão 3 - Verificando link com texto: 0CIX1
2025-05-02 12:54:58,947 - INFO - Thread 13400 - Sessão 1 - Verificando link com texto: 20/06/24
2025-05-02 12:54:58,947 - INFO - Thread 31872 - Sessão 3 - Verificando link com texto: 49.086.988 LUAN DE SOUSA FREIRE SINTICLEPEMP
2025-05-02 12:54:58,948 - INFO - Thread 13400 - Sessão 1 - Verificando link com texto: 924,41
2025-05-02 12:54:58,948 - INFO - Thread 31872 - Sessão 3 - Verificando link com texto: 1010393540041
2025-05-02 12:54:58,948 - INFO - Thread 13400 - Sessão 1 - Verificando link com texto: 0DTY7
2025-05-02 12:54:58,948 - INFO - Thread 31872 - Sessão 3 - Verificando link com texto: 20/04/24
2025-05-02 12:54:58,948 - INFO - Thread 13400 - Sessão 1 - Verificando link com texto: 37.233.759 MARIA GENEROZA H SECUNDES SINTICLEPEMP
2025-05-02 12:54:58,948 - INFO - Thread 31872 - Sessão 3 - Verificando link com texto: 1349,25
2025-05-02 12:54:58,948 - INFO - Thread 13400 - Sessão 1 - Verificando link com texto: 28141000021704712
2025-05-02 12:54:58,949 - INFO - Thread 31872 - Sessão 3 - Verificando link com texto: 0CIX1
2025-05-02 12:54:58,949 - INFO - Thread 13400 - Sessão 1 - Verificando link com texto: 20/05/24
2025-05-02 12:54:58,949 - INFO - Thread 31872 - Sessão 3 - Verificando link com texto: 49.086.988 LUAN DE SOUSA FREIRE SINTICLEPEMP
2025-05-02 12:54:58,949 - INFO - Thread 13400 - Sessão 1 - Verificando link com texto: 984,3
2025-05-02 12:54:58,949 - INFO - Thread 31872 - Sessão 3 - Verificando link com texto: 1010380490717
2025-05-02 12:54:58,949 - INFO - Thread 13400 - Sessão 1 - Verificando link com texto: 0DTY7
2025-05-02 12:54:58,949 - INFO - Thread 31872 - Sessão 3 - Verificando link com texto: 20/03/24
2025-05-02 12:54:58,950 - INFO - Thread 13400 - Sessão 1 - Verificando link com texto: 37.233.759 MARIA GENEROZA H SECUNDES SINTICLEPEMP
2025-05-02 12:54:58,950 - INFO - Thread 31872 - Sessão 3 - Verificando link com texto: 1349,25
2025-05-02 12:54:58,950 - INFO - Thread 13400 - Sessão 1 - Verificando link com texto: 28141000021679898
2025-05-02 12:54:58,950 - INFO - Thread 31872 - Sessão 3 - Verificando link com texto: 0CIX1
2025-05-02 12:54:58,950 - INFO - Thread 13400 - Sessão 1 - Verificando link com texto: 20/04/24
2025-05-02 12:54:58,950 - INFO - Thread 31872 - Sessão 3 - Verificando link com texto: 49.086.988 LUAN DE SOUSA FREIRE SINTICLEPEMP
2025-05-02 12:54:58,950 - INFO - Thread 13400 - Sessão 1 - Verificando link com texto: 848,1
2025-05-02 12:54:58,951 - INFO - Thread 31872 - Sessão 3 - Verificando link com texto: 1010368367099
2025-05-02 12:54:58,951 - INFO - Thread 13400 - Sessão 1 - Verificando link com texto: 0DTY7
2025-05-02 12:54:58,951 - INFO - Thread 31872 - Sessão 3 - Verificando link com texto: 20/02/24
2025-05-02 12:54:58,951 - INFO - Thread 13400 - Sessão 1 - Verificando link com texto: 37.233.759 MARIA GENEROZA H SECUNDES SINTICLEPEMP
2025-05-02 12:54:58,951 - INFO - Thread 31872 - Sessão 3 - Verificando link com texto: 1618,26
2025-05-02 12:54:58,951 - INFO - Thread 13400 - Sessão 1 - Verificando link com texto: 28141000021651692
2025-05-02 12:54:58,951 - INFO - Thread 31872 - Sessão 3 - Verificando link com texto: 0CIX1
2025-05-02 12:54:58,952 - INFO - Thread 13400 - Sessão 1 - Verificando link com texto: 20/03/24
2025-05-02 12:54:58,952 - INFO - Thread 31872 - Sessão 3 - Verificando link com texto: 49.086.988 LUAN DE SOUSA FREIRE SINTICLEPEMP
2025-05-02 12:54:58,952 - INFO - Thread 13400 - Sessão 1 - Verificando link com texto: 848,1
2025-05-02 12:54:58,952 - INFO - Thread 31872 - Sessão 3 - Verificando link com texto: 1010360937376
2025-05-02 12:54:58,952 - INFO - Thread 13400 - Sessão 1 - Verificando link com texto: 0DTY7
2025-05-02 12:54:58,952 - INFO - Thread 31872 - Sessão 3 - Verificando link com texto: 20/01/24
2025-05-02 12:54:58,952 - INFO - Thread 13400 - Sessão 1 - Verificando link com texto: 37.233.759 MARIA GENEROZA H SECUNDES SINTICLEPEMP
2025-05-02 12:54:58,952 - INFO - Thread 31872 - Sessão 3 - Verificando link com texto: 1349,25
2025-05-02 12:54:58,953 - INFO - Thread 13400 - Sessão 1 - Verificando link com texto: 28141000021624463
2025-05-02 12:54:58,953 - INFO - Thread 31872 - Sessão 3 - Verificando link com texto: 0CIX1
2025-05-02 12:54:58,953 - INFO - Thread 13400 - Sessão 1 - Verificando link com texto: 20/02/24
2025-05-02 12:54:58,953 - INFO - Thread 31872 - Sessão 3 - Verificando link com texto: 49.086.988 LUAN DE SOUSA FREIRE SINTICLEPEMP
2025-05-02 12:54:58,953 - INFO - Thread 13400 - Sessão 1 - Verificando link com texto: 1017,2
2025-05-02 12:54:58,953 - INFO - Thread 31872 - Sessão 3 - Verificando link com texto: 1010347712110
2025-05-02 12:54:58,953 - INFO - Thread 13400 - Sessão 1 - Verificando link com texto: 0DTY7
2025-05-02 12:54:58,954 - INFO - Thread 31872 - Sessão 3 - Verificando link com texto: 20/12/23
2025-05-02 12:54:58,954 - INFO - Thread 13400 - Sessão 1 - Verificando link com texto: 37.233.759 MARIA GENEROZA H SECUNDES SINTICLEPEMP
2025-05-02 12:54:58,954 - INFO - Thread 31872 - Sessão 3 - Verificando link com texto: 1349,25
2025-05-02 12:54:58,954 - INFO - Thread 13400 - Sessão 1 - Verificando link com texto: 28141000021604275
2025-05-02 12:54:58,954 - INFO - Thread 31872 - Sessão 3 - Verificando link com texto: 0CIX1
2025-05-02 12:54:58,954 - INFO - Thread 13400 - Sessão 1 - Verificando link com texto: 20/01/24
2025-05-02 12:54:58,954 - INFO - Thread 31872 - Sessão 3 - Verificando link com texto: 49.086.988 LUAN DE SOUSA FREIRE SINTICLEPEMP
2025-05-02 12:54:58,955 - INFO - Thread 13400 - Sessão 1 - Verificando link com texto: 848,1
2025-05-02 12:54:58,955 - INFO - Thread 31872 - Sessão 3 - Verificando link com texto: 1010336989175
2025-05-02 12:54:58,955 - INFO - Thread 13400 - Sessão 1 - Verificando link com texto: 0DTY7
2025-05-02 12:54:58,955 - INFO - Thread 31872 - Sessão 3 - Verificando link com texto: 20/11/23
2025-05-02 12:54:58,955 - INFO - Thread 13400 - Sessão 1 - Verificando link com texto: 37.233.759 MARIA GENEROZA H SECUNDES SINTICLEPEMP
2025-05-02 12:54:58,955 - INFO - Thread 31872 - Sessão 3 - Verificando link com texto: 1349,25
2025-05-02 12:54:58,955 - INFO - Thread 13400 - Sessão 1 - Verificando link com texto: 28141000021573441
2025-05-02 12:54:58,956 - INFO - Thread 31872 - Sessão 3 - Verificando link com texto: 0CIX1
2025-05-02 12:54:58,956 - INFO - Thread 13400 - Sessão 1 - Verificando link com texto: 20/12/23
2025-05-02 12:54:58,956 - INFO - Thread 31872 - Sessão 3 - Verificando link com texto: 49.086.988 LUAN DE SOUSA FREIRE SINTICLEPEMP
2025-05-02 12:54:58,956 - INFO - Thread 13400 - Sessão 1 - Verificando link com texto: 848,1
2025-05-02 12:54:58,956 - INFO - Thread 31872 - Sessão 3 - Verificando link com texto: 1010326183488
2025-05-02 12:54:58,956 - INFO - Thread 13400 - Sessão 1 - Verificando link com texto: 0DTY7
2025-05-02 12:54:58,956 - INFO - Thread 31872 - Sessão 3 - Verificando link com texto: 20/10/23
2025-05-02 12:54:58,956 - INFO - Thread 13400 - Sessão 1 - Verificando link com texto: 37.233.759 MARIA GENEROZA H SECUNDES SINTICLEPEMP
2025-05-02 12:54:58,957 - INFO - Thread 31872 - Sessão 3 - Verificando link com texto: 2199,45
2025-05-02 12:54:58,957 - INFO - Thread 13400 - Sessão 1 - Verificando link com texto: 28141000021545594
2025-05-02 12:54:58,957 - INFO - Thread 31872 - Sessão 3 - Verificando link com texto: 0CIX1
2025-05-02 12:54:58,957 - INFO - Thread 13400 - Sessão 1 - Verificando link com texto: 20/11/23
2025-05-02 12:54:58,957 - INFO - Thread 31872 - Sessão 3 - Verificando link com texto: 49.086.988 LUAN DE SOUSA FREIRE SINTICLEPEMP
2025-05-02 12:54:58,957 - INFO - Thread 13400 - Sessão 1 - Verificando link com texto: 848,1
2025-05-02 12:54:58,957 - INFO - Thread 31872 - Sessão 3 - Verificando link com texto: 1010314583281
2025-05-02 12:54:58,957 - INFO - Thread 13400 - Sessão 1 - Verificando link com texto: 0DTY7
2025-05-02 12:54:58,958 - INFO - Thread 31872 - Sessão 3 - Verificando link com texto: 20/09/23
2025-05-02 12:54:58,958 - INFO - Thread 13400 - Sessão 1 - Verificando link com texto: 37.233.759 MARIA GENEROZA H SECUNDES SINTICLEPEMP
2025-05-02 12:54:58,958 - INFO - Thread 31872 - Sessão 3 - Verificando link com texto: 578,25
2025-05-02 12:54:58,958 - INFO - Thread 13400 - Sessão 1 - Verificando link com texto: 28141000021519067
2025-05-02 12:54:58,958 - INFO - Thread 31872 - Sessão 3 - Verificando link com texto: 0CIX1
2025-05-02 12:54:58,958 - INFO - Thread 13400 - Sessão 1 - Verificando link com texto: 20/10/23
2025-05-02 12:54:58,959 - INFO - Thread 31872 - Sessão 3 - Verificando link com texto: 49.086.988 LUAN DE SOUSA FREIRE SINTICLEPEMP
2025-05-02 12:54:58,959 - INFO - Thread 13400 - Sessão 1 - Verificando link com texto: 848,1
2025-05-02 12:54:58,959 - INFO - Thread 31872 - Sessão 3 - Verificando link com texto: 1010304984364
2025-05-02 12:54:58,959 - INFO - Thread 13400 - Sessão 1 - Verificando link com texto: 0DTY7
2025-05-02 12:54:58,959 - INFO - Thread 31872 - Sessão 3 - Verificando link com texto: 20/08/23
2025-05-02 12:54:58,959 - INFO - Thread 13400 - Sessão 1 - Verificando link com texto: 37.233.759 MARIA GENEROZA H SECUNDES SINTICLEPEMP
2025-05-02 12:54:58,959 - INFO - Thread 31872 - Sessão 3 - Verificando link com texto: 578,25
2025-05-02 12:54:58,959 - INFO - Thread 13400 - Sessão 1 - Verificando link com texto: 28141000021488753
2025-05-02 12:54:58,960 - INFO - Thread 31872 - Sessão 3 - Verificando link com texto: 0CIX1
2025-05-02 12:54:58,960 - INFO - Thread 13400 - Sessão 1 - Verificando link com texto: 20/09/23
2025-05-02 12:54:58,960 - INFO - Thread 31872 - Sessão 3 - Verificando link com texto: 49.086.988 LUAN DE SOUSA FREIRE SINTICLEPEMP
2025-05-02 12:54:58,960 - INFO - Thread 13400 - Sessão 1 - Verificando link com texto: 848,1
2025-05-02 12:54:58,960 - INFO - Thread 31872 - Sessão 3 - Verificando link com texto: 1010293086403
2025-05-02 12:54:58,960 - INFO - Thread 13400 - Sessão 1 - Verificando link com texto: 0DTY7
2025-05-02 12:54:58,960 - INFO - Thread 31872 - Sessão 3 - Verificando link com texto: 20/07/23
2025-05-02 12:54:58,961 - INFO - Thread 13400 - Sessão 1 - Verificando link com texto: 37.233.759 MARIA GENEROZA H SECUNDES SINTICLEPEMP
2025-05-02 12:54:58,961 - INFO - Thread 31872 - Sessão 3 - Verificando link com texto: 578,25
2025-05-02 12:54:58,961 - INFO - Thread 13400 - Sessão 1 - Verificando link com texto: 28141000021463491
2025-05-02 12:54:58,961 - INFO - Thread 31872 - Sessão 3 - Verificando link com texto: 0CIX1
2025-05-02 12:54:58,961 - INFO - Thread 13400 - Sessão 1 - Verificando link com texto: 20/08/23
2025-05-02 12:54:58,961 - INFO - Thread 31872 - Sessão 3 - Verificando link com texto: 49.086.988 LUAN DE SOUSA FREIRE SINTICLEPEMP
2025-05-02 12:54:58,961 - INFO - Thread 13400 - Sessão 1 - Verificando link com texto: 848,1
2025-05-02 12:54:58,962 - INFO - Thread 31872 - Sessão 3 - Verificando link com texto: 1010282593325
2025-05-02 12:54:58,962 - INFO - Thread 13400 - Sessão 1 - Verificando link com texto: 0DTY7
2025-05-02 12:54:58,962 - INFO - Thread 31872 - Sessão 3 - Verificando link com texto: 20/06/23
2025-05-02 12:54:58,962 - INFO - Thread 13400 - Sessão 1 - Verificando link com texto: 37.233.759 MARIA GENEROZA H SECUNDES SINTICLEPEMP
2025-05-02 12:54:58,962 - INFO - Thread 31872 - Sessão 3 - Verificando link com texto: 578,25
2025-05-02 12:54:58,962 - INFO - Thread 13400 - Sessão 1 - Verificando link com texto: 28141000021434148
2025-05-02 12:54:58,962 - INFO - Thread 31872 - Sessão 3 - Verificando link com texto: 0CIX1
2025-05-02 12:54:58,962 - INFO - Thread 13400 - Sessão 1 - Verificando link com texto: 10/07/23
2025-05-02 12:54:58,963 - INFO - Thread 31872 - Sessão 3 - Verificando link com texto: 49.086.988 LUAN DE SOUSA FREIRE SINTICLEPEMP
2025-05-02 12:54:58,963 - INFO - Thread 13400 - Sessão 1 - Verificando link com texto: 848,1
2025-05-02 12:54:58,963 - INFO - Thread 31872 - Sessão 3 - Verificando link com texto: 1010272474935
2025-05-02 12:54:58,963 - INFO - Thread 13400 - Sessão 1 - Verificando link com texto: 0DTY7
2025-05-02 12:54:58,963 - INFO - Thread 31872 - Sessão 3 - Verificando link com texto: 20/05/23
2025-05-02 12:54:58,963 - INFO - Thread 13400 - Sessão 1 - Verificando link com texto: 37.233.759 MARIA GENEROZA H SECUNDES SINTICLEPEMP
2025-05-02 12:54:58,963 - INFO - Thread 31872 - Sessão 3 - Verificando link com texto: 729,18
2025-05-02 12:54:58,964 - INFO - Thread 13400 - Sessão 1 - Verificando link com texto: 28141000021423401
2025-05-02 12:54:58,964 - INFO - Thread 31872 - Sessão 3 - Verificando link com texto: 0CIX1
2025-05-02 12:54:58,964 - INFO - Thread 13400 - Sessão 1 - Verificando link com texto: 10/06/23
2025-05-02 12:54:58,964 - INFO - Thread 31872 - Sessão 3 - Verificando link com texto: 49.086.988 LUAN DE SOUSA FREIRE SINTICLEPEMP
2025-05-02 12:54:58,964 - INFO - Thread 13400 - Sessão 1 - Verificando link com texto: 927,3
2025-05-02 12:54:58,964 - INFO - Thread 31872 - Sessão 3 - Verificando link com texto: 1010262052990
2025-05-02 12:54:58,965 - ERROR - Thread 13400 - Sessão 1 - Data de vencimento 20/05/25 não encontrada. Datas disponíveis: ['0DTY7', '37.233.759 MARIA GENEROZA H SECUNDES SINTICLEPEMP', '28141000021976197', '20/04/25', '1134,5', '0DTY7', '37.233.759 MARIA GENEROZA H SECUNDES SINTICLEPEMP', '28141000021956316', '20/03/25', '1134,5', '0DTY7', '37.233.759 MARIA GENEROZA H SECUNDES SINTICLEPEMP', '28141000021930377', '20/02/25', '1317,15', '0DTY7', '37.233.759 MARIA GENEROZA H SECUNDES SINTICLEPEMP', '28141000021908626', '20/01/25', '924,41', '0DTY7', '37.233.759 MARIA GENEROZA H SECUNDES SINTICLEPEMP', '28141000021887251', '20/12/24', '924,41', '0DTY7', '37.233.759 MARIA GENEROZA H SECUNDES SINTICLEPEMP', '28141000021864258', '20/11/24', '924,41', '0DTY7', '37.233.759 MARIA GENEROZA H SECUNDES SINTICLEPEMP', '28141000021842190', '20/10/24', '924,41', '0DTY7', '37.233.759 MARIA GENEROZA H SECUNDES SINTICLEPEMP', '28141000021814795', '20/09/24', '924,41', '0DTY7', '37.233.759 MARIA GENEROZA H SECUNDES SINTICLEPEMP', '28141000021787832', '20/08/24', '924,41', '0DTY7', '37.233.759 MARIA GENEROZA H SECUNDES SINTICLEPEMP', '28141000021761826', '20/07/24', '924,41', '0DTY7', '37.233.759 MARIA GENEROZA H SECUNDES SINTICLEPEMP', '28141000021732486', '20/06/24', '924,41', '0DTY7', '37.233.759 MARIA GENEROZA H SECUNDES SINTICLEPEMP', '28141000021704712', '20/05/24', '984,3', '0DTY7', '37.233.759 MARIA GENEROZA H SECUNDES SINTICLEPEMP', '28141000021679898', '20/04/24', '848,1', '0DTY7', '37.233.759 MARIA GENEROZA H SECUNDES SINTICLEPEMP', '28141000021651692', '20/03/24', '848,1', '0DTY7', '37.233.759 MARIA GENEROZA H SECUNDES SINTICLEPEMP', '28141000021624463', '20/02/24', '1017,2', '0DTY7', '37.233.759 MARIA GENEROZA H SECUNDES SINTICLEPEMP', '28141000021604275', '20/01/24', '848,1', '0DTY7', '37.233.759 MARIA GENEROZA H SECUNDES SINTICLEPEMP', '28141000021573441', '20/12/23', '848,1', '0DTY7', '37.233.759 MARIA GENEROZA H SECUNDES SINTICLEPEMP', '28141000021545594', '20/11/23', '848,1', '0DTY7', '37.233.759 MARIA GENEROZA H SECUNDES SINTICLEPEMP', '28141000021519067', '20/10/23', '848,1', '0DTY7', '37.233.759 MARIA GENEROZA H SECUNDES SINTICLEPEMP', '28141000021488753', '20/09/23', '848,1', '0DTY7', '37.233.759 MARIA GENEROZA H SECUNDES SINTICLEPEMP', '28141000021463491', '20/08/23', '848,1', '0DTY7', '37.233.759 MARIA GENEROZA H SECUNDES SINTICLEPEMP', '28141000021434148', '10/07/23', '848,1', '0DTY7', '37.233.759 MARIA GENEROZA H SECUNDES SINTICLEPEMP', '28141000021423401', '10/06/23', '927,3']
2025-05-02 12:54:58,965 - INFO - Thread 31872 - Sessão 3 - Verificando link com texto: 20/04/23
2025-05-02 12:54:58,966 - INFO - Thread 31872 - Sessão 3 - Verificando link com texto: 614,29
2025-05-02 12:54:58,966 - INFO - Thread 316 - Progresso: 1/3 (33%)
2025-05-02 12:54:58,966 - INFO - Thread 31872 - Sessão 3 - Verificando link com texto: 0CIX1
2025-05-02 12:54:58,966 - INFO - Thread 31872 - Sessão 3 - Verificando link com texto: 49.086.988 LUAN DE SOUSA FREIRE SINTICLEPEMP
2025-05-02 12:54:58,966 - INFO - Thread 31872 - Sessão 3 - Verificando link com texto: 28141000020799519
2025-05-02 12:54:58,966 - INFO - Thread 31872 - Sessão 3 - Verificando link com texto: 20/03/23
2025-05-02 12:54:58,966 - INFO - Thread 31872 - Sessão 3 - Verificando link com texto: 643,44
2025-05-02 12:54:58,967 - ERROR - Thread 31872 - Sessão 3 - Data de vencimento 20/05/25 não encontrada. Datas disponíveis: ['0CIX1', '49.086.988 LUAN DE SOUSA FREIRE SINTICLEPEMP', '1010526363579', '20/04/25', '1470,63', '0CIX1', '49.086.988 LUAN DE SOUSA FREIRE SINTICLEPEMP', '1010517414018', '20/03/25', '1470,63', '0CIX1', '49.086.988 LUAN DE SOUSA FREIRE SINTICLEPEMP', '1010502970726', '20/02/25', '1470,63', '0CIX1', '49.086.988 LUAN DE SOUSA FREIRE SINTICLEPEMP', '1010492575129', '20/01/25', '1470,63', '0CIX1', '49.086.988 LUAN DE SOUSA FREIRE SINTICLEPEMP', '1010481534388', '20/12/24', '1470,63', '0CIX1', '49.086.988 LUAN DE SOUSA FREIRE SINTICLEPEMP', '1010468970790', '20/11/24', '1470,63', '0CIX1', '49.086.988 LUAN DE SOUSA FREIRE SINTICLEPEMP', '1010461018392', '20/10/24', '1470,63', '0CIX1', '49.086.988 LUAN DE SOUSA FREIRE SINTICLEPEMP', '1010447316861', '20/09/24', '1470,63', '0CIX1', '49.086.988 LUAN DE SOUSA FREIRE SINTICLEPEMP', '1010435252200', '20/08/24', '1470,63', '0CIX1', '49.086.988 LUAN DE SOUSA FREIRE SINTICLEPEMP', '1010425800329', '20/07/24', '1470,63', '0CIX1', '49.086.988 LUAN DE SOUSA FREIRE SINTICLEPEMP', '1010413639420', '20/06/24', '1470,63', '0CIX1', '49.086.988 LUAN DE SOUSA FREIRE SINTICLEPEMP', '1010402391970', '20/05/24', '1565,9', '0CIX1', '49.086.988 LUAN DE SOUSA FREIRE SINTICLEPEMP', '1010393540041', '20/04/24', '1349,25', '0CIX1', '49.086.988 LUAN DE SOUSA FREIRE SINTICLEPEMP', '1010380490717', '20/03/24', '1349,25', '0CIX1', '49.086.988 LUAN DE SOUSA FREIRE SINTICLEPEMP', '1010368367099', '20/02/24', '1618,26', '0CIX1', '49.086.988 LUAN DE SOUSA FREIRE SINTICLEPEMP', '1010360937376', '20/01/24', '1349,25', '0CIX1', '49.086.988 LUAN DE SOUSA FREIRE SINTICLEPEMP', '1010347712110', '20/12/23', '1349,25', '0CIX1', '49.086.988 LUAN DE SOUSA FREIRE SINTICLEPEMP', '1010336989175', '20/11/23', '1349,25', '0CIX1', '49.086.988 LUAN DE SOUSA FREIRE SINTICLEPEMP', '1010326183488', '20/10/23', '2199,45', '0CIX1', '49.086.988 LUAN DE SOUSA FREIRE SINTICLEPEMP', '1010314583281', '20/09/23', '578,25', '0CIX1', '49.086.988 LUAN DE SOUSA FREIRE SINTICLEPEMP', '1010304984364', '20/08/23', '578,25', '0CIX1', '49.086.988 LUAN DE SOUSA FREIRE SINTICLEPEMP', '1010293086403', '20/07/23', '578,25', '0CIX1', '49.086.988 LUAN DE SOUSA FREIRE SINTICLEPEMP', '1010282593325', '20/06/23', '578,25', '0CIX1', '49.086.988 LUAN DE SOUSA FREIRE SINTICLEPEMP', '1010272474935', '20/05/23', '729,18', '0CIX1', '49.086.988 LUAN DE SOUSA FREIRE SINTICLEPEMP', '1010262052990', '20/04/23', '614,29', '0CIX1', '49.086.988 LUAN DE SOUSA FREIRE SINTICLEPEMP', '28141000020799519', '20/03/23', '643,44']
2025-05-02 12:54:58,967 - INFO - Thread 316 - Progresso: 2/3 (66%)
2025-05-02 12:54:59,125 - DEBUG - Thread 34516 - https://webhap.hapvida.com.br:443 "GET /pls/webhap/pk_nota_fiscal.listaNotasFiscais?pNoCache=1202542559&pIdSessao=54021205592516599160 HTTP/11" 200 None
2025-05-02 12:54:59,126 - INFO - Thread 34516 - Sessão 2 - Status do login: 200, URL: https://webhap.hapvida.com.br/pls/webhap/pk_nota_fiscal.listaNotasFiscais?pNoCache=1202542559&pIdSessao=54021205592516599160
2025-05-02 12:54:59,126 - INFO - Thread 34516 - Sessão 2 - Cookies após login: {}
2025-05-02 12:54:59,126 - INFO - Thread 34516 - Sessão 2 - Login bem-sucedido para empresa 0CPDD
2025-05-02 12:54:59,145 - INFO - Thread 34516 - Sessão 2 - pIdSessao extraído: 54021205592516599160
2025-05-02 12:54:59,389 - DEBUG - Thread 15588 - https://webhap.hapvida.com.br:443 "POST /pls/webhap/pk_nota_fiscal.loginValidacao HTTP/11" 302 2
2025-05-02 12:54:59,504 - DEBUG - Thread 15588 - https://webhap.hapvida.com.br:443 "GET /pls/webhap/pk_nota_fiscal.listaNotasFiscais?pNoCache=1202552500&pIdSessao=55021205002516599161 HTTP/11" 200 None
2025-05-02 12:54:59,504 - INFO - Thread 15588 - Sessão 3 - Status do login: 200, URL: https://webhap.hapvida.com.br/pls/webhap/pk_nota_fiscal.listaNotasFiscais?pNoCache=1202552500&pIdSessao=55021205002516599161
2025-05-02 12:54:59,505 - INFO - Thread 15588 - Sessão 3 - Cookies após login: {}
2025-05-02 12:54:59,505 - INFO - Thread 15588 - Sessão 3 - Login bem-sucedido para empresa 0CIX1
2025-05-02 12:54:59,532 - INFO - Thread 15588 - Sessão 3 - pIdSessao extraído: 55021205002516599161
2025-05-02 12:54:59,542 - DEBUG - Thread 35288 - https://webhap.hapvida.com.br:443 "POST /pls/webhap/pk_nota_fiscal.loginValidacao HTTP/11" 302 2
2025-05-02 12:54:59,578 - DEBUG - Thread 34516 - https://webhap.hapvida.com.br:443 "GET /pls/webhap/pk_nota_fiscal.listaNotasFiscais?pIdSessao=54021205592516599160 HTTP/11" 200 None
2025-05-02 12:54:59,579 - INFO - Thread 34516 - Sessão 2 - Status da requisição: 200, URL final: https://webhap.hapvida.com.br/pls/webhap/pk_nota_fiscal.listaNotasFiscais?pIdSessao=54021205592516599160
2025-05-02 12:54:59,579 - DEBUG - Thread 34516 - Sessão 2 - Primeiros 500 caracteres do HTML: 
    <head>
    <meta http-equiv="Content-Type" content="text/html; charset=utf-8" />
    <meta name="viewport" content="width=device-width, initial-scale=1.0">
    <title>Hapvida - Plano de Saúde</title>
    <link href="/hapvida/hapvida_avanz/sistema/css/simple-line-icons.css" rel="stylesheet" type="text/css" />
    <link href="/hapvida/hapvida_avanz/sistema/css/stlhapvida.css" rel="stylesheet" type="text/css" />
    <link href="/hapvida/hapvida_avanz/sistema/css/style-ie.css" rel="stylesheet" 
2025-05-02 12:54:59,579 - DEBUG - Thread 11476 - https://webhap.hapvida.com.br:443 "POST /pls/webhap/pk_nota_fiscal.loginValidacao HTTP/11" 302 2
2025-05-02 12:54:59,599 - INFO - Thread 34516 - Sessão 2 - Buscando data de vencimento: 20/05/25
2025-05-02 12:54:59,599 - INFO - Thread 34516 - Sessão 2 - Verificando link com texto: 0CPDD
2025-05-02 12:54:59,599 - INFO - Thread 34516 - Sessão 2 - Verificando link com texto: 44.537.597 EVANIA FERREIRA DA SILVA SINTICLEPEMP
2025-05-02 12:54:59,599 - INFO - Thread 34516 - Sessão 2 - Verificando link com texto: 1010526365865
2025-05-02 12:54:59,599 - INFO - Thread 34516 - Sessão 2 - Verificando link com texto: 20/04/25
2025-05-02 12:54:59,600 - INFO - Thread 34516 - Sessão 2 - Verificando link com texto: 840,36
2025-05-02 12:54:59,600 - INFO - Thread 34516 - Sessão 2 - Verificando link com texto: 0CPDD
2025-05-02 12:54:59,600 - INFO - Thread 34516 - Sessão 2 - Verificando link com texto: 44.537.597 EVANIA FERREIRA DA SILVA SINTICLEPEMP
2025-05-02 12:54:59,600 - INFO - Thread 34516 - Sessão 2 - Verificando link com texto: 1010517416100
2025-05-02 12:54:59,600 - INFO - Thread 34516 - Sessão 2 - Verificando link com texto: 20/03/25
2025-05-02 12:54:59,600 - INFO - Thread 34516 - Sessão 2 - Verificando link com texto: 840,36
2025-05-02 12:54:59,600 - INFO - Thread 34516 - Sessão 2 - Verificando link com texto: 0CPDD
2025-05-02 12:54:59,600 - INFO - Thread 34516 - Sessão 2 - Verificando link com texto: 44.537.597 EVANIA FERREIRA DA SILVA SINTICLEPEMP
2025-05-02 12:54:59,600 - INFO - Thread 34516 - Sessão 2 - Verificando link com texto: 1010502973008
2025-05-02 12:54:59,600 - INFO - Thread 34516 - Sessão 2 - Verificando link com texto: 20/02/25
2025-05-02 12:54:59,600 - INFO - Thread 34516 - Sessão 2 - Verificando link com texto: 840,36
2025-05-02 12:54:59,600 - INFO - Thread 34516 - Sessão 2 - Verificando link com texto: 0CPDD
2025-05-02 12:54:59,600 - INFO - Thread 34516 - Sessão 2 - Verificando link com texto: 44.537.597 EVANIA FERREIRA DA SILVA SINTICLEPEMP
2025-05-02 12:54:59,600 - INFO - Thread 34516 - Sessão 2 - Verificando link com texto: 1010492577407
2025-05-02 12:54:59,601 - INFO - Thread 34516 - Sessão 2 - Verificando link com texto: 20/01/25
2025-05-02 12:54:59,601 - INFO - Thread 34516 - Sessão 2 - Verificando link com texto: 840,36
2025-05-02 12:54:59,601 - INFO - Thread 34516 - Sessão 2 - Verificando link com texto: 0CPDD
2025-05-02 12:54:59,601 - INFO - Thread 34516 - Sessão 2 - Verificando link com texto: 44.537.597 EVANIA FERREIRA DA SILVA SINTICLEPEMP
2025-05-02 12:54:59,601 - INFO - Thread 34516 - Sessão 2 - Verificando link com texto: 1010481536674
2025-05-02 12:54:59,601 - INFO - Thread 34516 - Sessão 2 - Verificando link com texto: 20/12/24
2025-05-02 12:54:59,601 - INFO - Thread 34516 - Sessão 2 - Verificando link com texto: 840,36
2025-05-02 12:54:59,601 - INFO - Thread 34516 - Sessão 2 - Verificando link com texto: 0CPDD
2025-05-02 12:54:59,601 - INFO - Thread 34516 - Sessão 2 - Verificando link com texto: 44.537.597 EVANIA FERREIRA DA SILVA SINTICLEPEMP
2025-05-02 12:54:59,601 - INFO - Thread 34516 - Sessão 2 - Verificando link com texto: 1010468973136
2025-05-02 12:54:59,601 - INFO - Thread 34516 - Sessão 2 - Verificando link com texto: 20/11/24
2025-05-02 12:54:59,601 - INFO - Thread 34516 - Sessão 2 - Verificando link com texto: 840,36
2025-05-02 12:54:59,601 - INFO - Thread 34516 - Sessão 2 - Verificando link com texto: 0CPDD
2025-05-02 12:54:59,602 - INFO - Thread 34516 - Sessão 2 - Verificando link com texto: 44.537.597 EVANIA FERREIRA DA SILVA SINTICLEPEMP
2025-05-02 12:54:59,602 - INFO - Thread 34516 - Sessão 2 - Verificando link com texto: 1010461020753
2025-05-02 12:54:59,602 - INFO - Thread 34516 - Sessão 2 - Verificando link com texto: 20/10/24
2025-05-02 12:54:59,602 - INFO - Thread 34516 - Sessão 2 - Verificando link com texto: 840,36
2025-05-02 12:54:59,602 - INFO - Thread 34516 - Sessão 2 - Verificando link com texto: 0CPDD
2025-05-02 12:54:59,602 - INFO - Thread 34516 - Sessão 2 - Verificando link com texto: 44.537.597 EVANIA FERREIRA DA SILVA SINTICLEPEMP
2025-05-02 12:54:59,602 - INFO - Thread 34516 - Sessão 2 - Verificando link com texto: 1010447319305
2025-05-02 12:54:59,602 - INFO - Thread 34516 - Sessão 2 - Verificando link com texto: 20/09/24
2025-05-02 12:54:59,602 - INFO - Thread 34516 - Sessão 2 - Verificando link com texto: 840,36
2025-05-02 12:54:59,602 - INFO - Thread 34516 - Sessão 2 - Verificando link com texto: 0CPDD
2025-05-02 12:54:59,602 - INFO - Thread 34516 - Sessão 2 - Verificando link com texto: 44.537.597 EVANIA FERREIRA DA SILVA SINTICLEPEMP
2025-05-02 12:54:59,602 - INFO - Thread 34516 - Sessão 2 - Verificando link com texto: 1010435254645
2025-05-02 12:54:59,602 - INFO - Thread 34516 - Sessão 2 - Verificando link com texto: 20/08/24
2025-05-02 12:54:59,603 - INFO - Thread 34516 - Sessão 2 - Verificando link com texto: 840,36
2025-05-02 12:54:59,603 - INFO - Thread 34516 - Sessão 2 - Verificando link com texto: 0CPDD
2025-05-02 12:54:59,603 - INFO - Thread 34516 - Sessão 2 - Verificando link com texto: 44.537.597 EVANIA FERREIRA DA SILVA SINTICLEPEMP
2025-05-02 12:54:59,603 - INFO - Thread 34516 - Sessão 2 - Verificando link com texto: 1010425802801
2025-05-02 12:54:59,603 - INFO - Thread 34516 - Sessão 2 - Verificando link com texto: 20/07/24
2025-05-02 12:54:59,603 - INFO - Thread 34516 - Sessão 2 - Verificando link com texto: 840,36
2025-05-02 12:54:59,603 - INFO - Thread 34516 - Sessão 2 - Verificando link com texto: 0CPDD
2025-05-02 12:54:59,603 - INFO - Thread 34516 - Sessão 2 - Verificando link com texto: 44.537.597 EVANIA FERREIRA DA SILVA SINTICLEPEMP
2025-05-02 12:54:59,603 - INFO - Thread 34516 - Sessão 2 - Verificando link com texto: 1010413641816
2025-05-02 12:54:59,603 - INFO - Thread 34516 - Sessão 2 - Verificando link com texto: 20/06/24
2025-05-02 12:54:59,603 - INFO - Thread 34516 - Sessão 2 - Verificando link com texto: 840,36
2025-05-02 12:54:59,604 - INFO - Thread 34516 - Sessão 2 - Verificando link com texto: 0CPDD
2025-05-02 12:54:59,604 - INFO - Thread 34516 - Sessão 2 - Verificando link com texto: 44.537.597 EVANIA FERREIRA DA SILVA SINTICLEPEMP
2025-05-02 12:54:59,604 - INFO - Thread 34516 - Sessão 2 - Verificando link com texto: 1010402394405
2025-05-02 12:54:59,604 - INFO - Thread 34516 - Sessão 2 - Verificando link com texto: 20/05/24
2025-05-02 12:54:59,604 - INFO - Thread 34516 - Sessão 2 - Verificando link com texto: 894,8
2025-05-02 12:54:59,604 - INFO - Thread 34516 - Sessão 2 - Verificando link com texto: 0CPDD
2025-05-02 12:54:59,604 - INFO - Thread 34516 - Sessão 2 - Verificando link com texto: 44.537.597 EVANIA FERREIRA DA SILVA SINTICLEPEMP
2025-05-02 12:54:59,604 - INFO - Thread 34516 - Sessão 2 - Verificando link com texto: 1010393542621
2025-05-02 12:54:59,604 - INFO - Thread 34516 - Sessão 2 - Verificando link com texto: 20/04/24
2025-05-02 12:54:59,604 - INFO - Thread 34516 - Sessão 2 - Verificando link com texto: 771
2025-05-02 12:54:59,604 - INFO - Thread 34516 - Sessão 2 - Verificando link com texto: 0CPDD
2025-05-02 12:54:59,605 - INFO - Thread 34516 - Sessão 2 - Verificando link com texto: 44.537.597 EVANIA FERREIRA DA SILVA SINTICLEPEMP
2025-05-02 12:54:59,605 - INFO - Thread 34516 - Sessão 2 - Verificando link com texto: 1010380493481
2025-05-02 12:54:59,605 - INFO - Thread 34516 - Sessão 2 - Verificando link com texto: 20/03/24
2025-05-02 12:54:59,605 - INFO - Thread 34516 - Sessão 2 - Verificando link com texto: 771
2025-05-02 12:54:59,605 - INFO - Thread 34516 - Sessão 2 - Verificando link com texto: 0CPDD
2025-05-02 12:54:59,605 - INFO - Thread 34516 - Sessão 2 - Verificando link com texto: 44.537.597 EVANIA FERREIRA DA SILVA SINTICLEPEMP
2025-05-02 12:54:59,605 - INFO - Thread 34516 - Sessão 2 - Verificando link com texto: 1010368370200
2025-05-02 12:54:59,605 - INFO - Thread 34516 - Sessão 2 - Verificando link com texto: 20/02/24
2025-05-02 12:54:59,605 - INFO - Thread 34516 - Sessão 2 - Verificando link com texto: 924,72
2025-05-02 12:54:59,605 - INFO - Thread 34516 - Sessão 2 - Verificando link com texto: 0CPDD
2025-05-02 12:54:59,605 - INFO - Thread 34516 - Sessão 2 - Verificando link com texto: 44.537.597 EVANIA FERREIRA DA SILVA SINTICLEPEMP
2025-05-02 12:54:59,606 - INFO - Thread 34516 - Sessão 2 - Verificando link com texto: 1010360940555
2025-05-02 12:54:59,606 - INFO - Thread 34516 - Sessão 2 - Verificando link com texto: 20/01/24
2025-05-02 12:54:59,606 - INFO - Thread 34516 - Sessão 2 - Verificando link com texto: 771
2025-05-02 12:54:59,606 - INFO - Thread 34516 - Sessão 2 - Verificando link com texto: 0CPDD
2025-05-02 12:54:59,606 - INFO - Thread 34516 - Sessão 2 - Verificando link com texto: 44.537.597 EVANIA FERREIRA DA SILVA SINTICLEPEMP
2025-05-02 12:54:59,606 - INFO - Thread 34516 - Sessão 2 - Verificando link com texto: 1010347715349
2025-05-02 12:54:59,606 - INFO - Thread 34516 - Sessão 2 - Verificando link com texto: 20/12/23
2025-05-02 12:54:59,606 - INFO - Thread 34516 - Sessão 2 - Verificando link com texto: 1119
2025-05-02 12:54:59,606 - INFO - Thread 34516 - Sessão 2 - Verificando link com texto: 0CPDD
2025-05-02 12:54:59,606 - INFO - Thread 34516 - Sessão 2 - Verificando link com texto: 44.537.597 EVANIA FERREIRA DA SILVA SINTICLEPEMP
2025-05-02 12:54:59,606 - INFO - Thread 34516 - Sessão 2 - Verificando link com texto: 1010336992508
2025-05-02 12:54:59,606 - INFO - Thread 34516 - Sessão 2 - Verificando link com texto: 20/11/23
2025-05-02 12:54:59,606 - INFO - Thread 34516 - Sessão 2 - Verificando link com texto: 385,5
2025-05-02 12:54:59,606 - INFO - Thread 34516 - Sessão 2 - Verificando link com texto: 0CPDD
2025-05-02 12:54:59,606 - INFO - Thread 34516 - Sessão 2 - Verificando link com texto: 44.537.597 EVANIA FERREIRA DA SILVA SINTICLEPEMP
2025-05-02 12:54:59,607 - INFO - Thread 34516 - Sessão 2 - Verificando link com texto: 1010326186835
2025-05-02 12:54:59,607 - INFO - Thread 34516 - Sessão 2 - Verificando link com texto: 20/10/23
2025-05-02 12:54:59,607 - INFO - Thread 34516 - Sessão 2 - Verificando link com texto: 385,5
2025-05-02 12:54:59,607 - INFO - Thread 34516 - Sessão 2 - Verificando link com texto: 0CPDD
2025-05-02 12:54:59,607 - INFO - Thread 34516 - Sessão 2 - Verificando link com texto: 44.537.597 EVANIA FERREIRA DA SILVA SINTICLEPEMP
2025-05-02 12:54:59,607 - INFO - Thread 34516 - Sessão 2 - Verificando link com texto: 1010314586698
2025-05-02 12:54:59,607 - INFO - Thread 34516 - Sessão 2 - Verificando link com texto: 20/09/23
2025-05-02 12:54:59,607 - INFO - Thread 34516 - Sessão 2 - Verificando link com texto: 385,5
2025-05-02 12:54:59,607 - INFO - Thread 34516 - Sessão 2 - Verificando link com texto: 0CPDD
2025-05-02 12:54:59,607 - INFO - Thread 34516 - Sessão 2 - Verificando link com texto: 44.537.597 EVANIA FERREIRA DA SILVA SINTICLEPEMP
2025-05-02 12:54:59,607 - INFO - Thread 34516 - Sessão 2 - Verificando link com texto: 1010304987894
2025-05-02 12:54:59,607 - INFO - Thread 34516 - Sessão 2 - Verificando link com texto: 20/08/23
2025-05-02 12:54:59,607 - INFO - Thread 34516 - Sessão 2 - Verificando link com texto: 385,5
2025-05-02 12:54:59,607 - INFO - Thread 34516 - Sessão 2 - Verificando link com texto: 0CPDD
2025-05-02 12:54:59,608 - INFO - Thread 34516 - Sessão 2 - Verificando link com texto: 44.537.597 EVANIA FERREIRA DA SILVA SINTICLEPEMP
2025-05-02 12:54:59,608 - INFO - Thread 34516 - Sessão 2 - Verificando link com texto: 1010293090087
2025-05-02 12:54:59,608 - INFO - Thread 34516 - Sessão 2 - Verificando link com texto: 20/07/23
2025-05-02 12:54:59,608 - INFO - Thread 34516 - Sessão 2 - Verificando link com texto: 385,5
2025-05-02 12:54:59,608 - INFO - Thread 34516 - Sessão 2 - Verificando link com texto: 0CPDD
2025-05-02 12:54:59,608 - INFO - Thread 34516 - Sessão 2 - Verificando link com texto: 44.537.597 EVANIA FERREIRA DA SILVA SINTICLEPEMP
2025-05-02 12:54:59,608 - INFO - Thread 34516 - Sessão 2 - Verificando link com texto: 1010282597096
2025-05-02 12:54:59,608 - INFO - Thread 34516 - Sessão 2 - Verificando link com texto: 20/06/23
2025-05-02 12:54:59,608 - INFO - Thread 34516 - Sessão 2 - Verificando link com texto: 385,5
2025-05-02 12:54:59,608 - INFO - Thread 34516 - Sessão 2 - Verificando link com texto: 0CPDD
2025-05-02 12:54:59,608 - INFO - Thread 34516 - Sessão 2 - Verificando link com texto: 44.537.597 EVANIA FERREIRA DA SILVA SINTICLEPEMP
2025-05-02 12:54:59,608 - INFO - Thread 34516 - Sessão 2 - Verificando link com texto: 1010272478817
2025-05-02 12:54:59,609 - INFO - Thread 34516 - Sessão 2 - Verificando link com texto: 20/05/23
2025-05-02 12:54:59,609 - INFO - Thread 34516 - Sessão 2 - Verificando link com texto: 472,34
2025-05-02 12:54:59,609 - INFO - Thread 34516 - Sessão 2 - Verificando link com texto: 0CPDD
2025-05-02 12:54:59,609 - INFO - Thread 34516 - Sessão 2 - Verificando link com texto: 44.537.597 EVANIA FERREIRA DA SILVA SINTICLEPEMP
2025-05-02 12:54:59,609 - INFO - Thread 34516 - Sessão 2 - Verificando link com texto: 1010262056650
2025-05-02 12:54:59,609 - INFO - Thread 34516 - Sessão 2 - Verificando link com texto: 20/04/23
2025-05-02 12:54:59,609 - INFO - Thread 34516 - Sessão 2 - Verificando link com texto: 344,2
2025-05-02 12:54:59,609 - INFO - Thread 34516 - Sessão 2 - Verificando link com texto: 0CPDD
2025-05-02 12:54:59,609 - INFO - Thread 34516 - Sessão 2 - Verificando link com texto: 44.537.597 EVANIA FERREIRA DA SILVA SINTICLEPEMP
2025-05-02 12:54:59,609 - INFO - Thread 34516 - Sessão 2 - Verificando link com texto: 28141000021153611
2025-05-02 12:54:59,609 - INFO - Thread 34516 - Sessão 2 - Verificando link com texto: 20/03/23
2025-05-02 12:54:59,610 - INFO - Thread 34516 - Sessão 2 - Verificando link com texto: 379,56
2025-05-02 12:54:59,610 - ERROR - Thread 34516 - Sessão 2 - Data de vencimento 20/05/25 não encontrada. Datas disponíveis: ['0CPDD', '44.537.597 EVANIA FERREIRA DA SILVA SINTICLEPEMP', '1010526365865', '20/04/25', '840,36', '0CPDD', '44.537.597 EVANIA FERREIRA DA SILVA SINTICLEPEMP', '1010517416100', '20/03/25', '840,36', '0CPDD', '44.537.597 EVANIA FERREIRA DA SILVA SINTICLEPEMP', '1010502973008', '20/02/25', '840,36', '0CPDD', '44.537.597 EVANIA FERREIRA DA SILVA SINTICLEPEMP', '1010492577407', '20/01/25', '840,36', '0CPDD', '44.537.597 EVANIA FERREIRA DA SILVA SINTICLEPEMP', '1010481536674', '20/12/24', '840,36', '0CPDD', '44.537.597 EVANIA FERREIRA DA SILVA SINTICLEPEMP', '1010468973136', '20/11/24', '840,36', '0CPDD', '44.537.597 EVANIA FERREIRA DA SILVA SINTICLEPEMP', '1010461020753', '20/10/24', '840,36', '0CPDD', '44.537.597 EVANIA FERREIRA DA SILVA SINTICLEPEMP', '1010447319305', '20/09/24', '840,36', '0CPDD', '44.537.597 EVANIA FERREIRA DA SILVA SINTICLEPEMP', '1010435254645', '20/08/24', '840,36', '0CPDD', '44.537.597 EVANIA FERREIRA DA SILVA SINTICLEPEMP', '1010425802801', '20/07/24', '840,36', '0CPDD', '44.537.597 EVANIA FERREIRA DA SILVA SINTICLEPEMP', '1010413641816', '20/06/24', '840,36', '0CPDD', '44.537.597 EVANIA FERREIRA DA SILVA SINTICLEPEMP', '1010402394405', '20/05/24', '894,8', '0CPDD', '44.537.597 EVANIA FERREIRA DA SILVA SINTICLEPEMP', '1010393542621', '20/04/24', '771', '0CPDD', '44.537.597 EVANIA FERREIRA DA SILVA SINTICLEPEMP', '1010380493481', '20/03/24', '771', '0CPDD', '44.537.597 EVANIA FERREIRA DA SILVA SINTICLEPEMP', '1010368370200', '20/02/24', '924,72', '0CPDD', '44.537.597 EVANIA FERREIRA DA SILVA SINTICLEPEMP', '1010360940555', '20/01/24', '771', '0CPDD', '44.537.597 EVANIA FERREIRA DA SILVA SINTICLEPEMP', '1010347715349', '20/12/23', '1119', '0CPDD', '44.537.597 EVANIA FERREIRA DA SILVA SINTICLEPEMP', '1010336992508', '20/11/23', '385,5', '0CPDD', '44.537.597 EVANIA FERREIRA DA SILVA SINTICLEPEMP', '1010326186835', '20/10/23', '385,5', '0CPDD', '44.537.597 EVANIA FERREIRA DA SILVA SINTICLEPEMP', '1010314586698', '20/09/23', '385,5', '0CPDD', '44.537.597 EVANIA FERREIRA DA SILVA SINTICLEPEMP', '1010304987894', '20/08/23', '385,5', '0CPDD', '44.537.597 EVANIA FERREIRA DA SILVA SINTICLEPEMP', '1010293090087', '20/07/23', '385,5', '0CPDD', '44.537.597 EVANIA FERREIRA DA SILVA SINTICLEPEMP', '1010282597096', '20/06/23', '385,5', '0CPDD', '44.537.597 EVANIA FERREIRA DA SILVA SINTICLEPEMP', '1010272478817', '20/05/23', '472,34', '0CPDD', '44.537.597 EVANIA FERREIRA DA SILVA SINTICLEPEMP', '1010262056650', '20/04/23', '344,2', '0CPDD', '44.537.597 EVANIA FERREIRA DA SILVA SINTICLEPEMP', '28141000021153611', '20/03/23', '379,56']
2025-05-02 12:54:59,610 - INFO - Thread 316 - Progresso: 3/3 (100%)
2025-05-02 12:54:59,639 - INFO - Thread 316 - Status atualizados no Excel com sucesso
2025-05-02 12:54:59,640 - INFO - Thread 316 - Extração de notas fiscais concluída
2025-05-02 12:54:59,640 - INFO - Thread 316 - Subpasta vazia removida: C:\Users\chrys\OneDrive\Desktop\Site\downloads\driver_1
2025-05-02 12:54:59,641 - INFO - Thread 316 - Subpasta vazia removida: C:\Users\chrys\OneDrive\Desktop\Site\downloads\driver_2
2025-05-02 12:54:59,642 - INFO - Thread 316 - Subpasta vazia removida: C:\Users\chrys\OneDrive\Desktop\Site\downloads\driver_3
2025-05-02 12:54:59,643 - INFO - Thread 316 - Subpasta vazia removida: C:\Users\chrys\OneDrive\Desktop\Site\downloads\driver_4
2025-05-02 12:54:59,643 - INFO - Thread 316 - Subpasta vazia removida: C:\Users\chrys\OneDrive\Desktop\Site\downloads\driver_5
2025-05-02 12:54:59,644 - INFO - Thread 316 - Subpasta vazia removida: C:\Users\chrys\OneDrive\Desktop\Site\downloads\driver_6
2025-05-02 12:54:59,645 - INFO - Thread 316 - Subpasta vazia removida: C:\Users\chrys\OneDrive\Desktop\Site\downloads\driver_7
2025-05-02 12:54:59,646 - INFO - Thread 316 - Subpasta vazia removida: C:\Users\chrys\OneDrive\Desktop\Site\downloads\driver_8
2025-05-02 12:54:59,647 - INFO - Thread 316 - Sessão 1 fechada com sucesso
2025-05-02 12:54:59,648 - DEBUG - Thread 15588 - https://webhap.hapvida.com.br:443 "GET /pls/webhap/pk_nota_fiscal.listaNotasFiscais?pIdSessao=55021205002516599161 HTTP/11" 200 None
2025-05-02 12:54:59,649 - INFO - Thread 316 - Sessão 2 fechada com sucesso
2025-05-02 12:54:59,649 - INFO - Thread 15588 - Sessão 3 - Status da requisição: 200, URL final: https://webhap.hapvida.com.br/pls/webhap/pk_nota_fiscal.listaNotasFiscais?pIdSessao=55021205002516599161
2025-05-02 12:54:59,649 - DEBUG - Thread 15588 - Sessão 3 - Primeiros 500 caracteres do HTML: 
    <head>
    <meta http-equiv="Content-Type" content="text/html; charset=utf-8" />
    <meta name="viewport" content="width=device-width, initial-scale=1.0">
    <title>Hapvida - Plano de Saúde</title>
    <link href="/hapvida/hapvida_avanz/sistema/css/simple-line-icons.css" rel="stylesheet" type="text/css" />
    <link href="/hapvida/hapvida_avanz/sistema/css/stlhapvida.css" rel="stylesheet" type="text/css" />
    <link href="/hapvida/hapvida_avanz/sistema/css/style-ie.css" rel="stylesheet" 
2025-05-02 12:54:59,649 - DEBUG - Thread 35288 - https://webhap.hapvida.com.br:443 "GET /pls/webhap/pk_nota_fiscal.listaNotasFiscais?pNoCache=1202552500&pIdSessao=55021205002516599226 HTTP/11" 200 None
2025-05-02 12:54:59,651 - INFO - Thread 316 - Sessão 3 fechada com sucesso
2025-05-02 12:54:59,651 - INFO - Thread 316 - Sessão 4 fechada com sucesso
2025-05-02 12:54:59,651 - INFO - Thread 316 - Sessão 5 fechada com sucesso
2025-05-02 12:54:59,651 - INFO - Thread 316 - Sessão 6 fechada com sucesso
2025-05-02 12:54:59,651 - INFO - Thread 316 - Sessão 7 fechada com sucesso
2025-05-02 12:54:59,651 - INFO - Thread 316 - Sessão 8 fechada com sucesso
2025-05-02 12:54:59,651 - INFO - Thread 316 - Extração de notas fiscais concluída. 6 notas geradas.
2025-05-02 12:54:59,652 - DEBUG - Thread 25532 - https://webhap.hapvida.com.br:443 "POST /pls/webhap/pk_nota_fiscal.loginValidacao HTTP/11" 302 2
2025-05-02 12:54:59,669 - INFO - Thread 15588 - Sessão 3 - Buscando data de vencimento: 20/05/25
2025-05-02 12:54:59,670 - INFO - Thread 15588 - Sessão 3 - Verificando link com texto: 0CIX1
2025-05-02 12:54:59,670 - INFO - Thread 15588 - Sessão 3 - Verificando link com texto: 49.086.988 LUAN DE SOUSA FREIRE SINTICLEPEMP
2025-05-02 12:54:59,670 - INFO - Thread 15588 - Sessão 3 - Verificando link com texto: 1010526363579
2025-05-02 12:54:59,671 - INFO - Thread 35288 - Sessão 2 - Status do login: 200, URL: https://webhap.hapvida.com.br/pls/webhap/pk_nota_fiscal.listaNotasFiscais?pNoCache=1202552500&pIdSessao=55021205002516599226
2025-05-02 12:54:59,671 - INFO - Thread 15588 - Sessão 3 - Verificando link com texto: 20/04/25
2025-05-02 12:54:59,671 - INFO - Thread 35288 - Sessão 2 - Cookies após login: {}
2025-05-02 12:54:59,671 - INFO - Thread 15588 - Sessão 3 - Verificando link com texto: 1470,63
2025-05-02 12:54:59,672 - INFO - Thread 35288 - Sessão 2 - Login bem-sucedido para empresa 0CPDD
2025-05-02 12:54:59,672 - INFO - Thread 15588 - Sessão 3 - Verificando link com texto: 0CIX1
2025-05-02 12:54:59,692 - INFO - Thread 35288 - Sessão 2 - pIdSessao extraído: 55021205002516599226
2025-05-02 12:54:59,692 - INFO - Thread 15588 - Sessão 3 - Verificando link com texto: 49.086.988 LUAN DE SOUSA FREIRE SINTICLEPEMP
2025-05-02 12:54:59,692 - INFO - Thread 15588 - Sessão 3 - Verificando link com texto: 1010517414018
2025-05-02 12:54:59,692 - INFO - Thread 15588 - Sessão 3 - Verificando link com texto: 20/03/25
2025-05-02 12:54:59,693 - INFO - Thread 15588 - Sessão 3 - Verificando link com texto: 1470,63
2025-05-02 12:54:59,693 - INFO - Thread 15588 - Sessão 3 - Verificando link com texto: 0CIX1
2025-05-02 12:54:59,694 - INFO - Thread 15588 - Sessão 3 - Verificando link com texto: 49.086.988 LUAN DE SOUSA FREIRE SINTICLEPEMP
2025-05-02 12:54:59,694 - INFO - Thread 15588 - Sessão 3 - Verificando link com texto: 1010502970726
2025-05-02 12:54:59,694 - INFO - Thread 15588 - Sessão 3 - Verificando link com texto: 20/02/25
2025-05-02 12:54:59,694 - INFO - Thread 15588 - Sessão 3 - Verificando link com texto: 1470,63
2025-05-02 12:54:59,694 - INFO - Thread 15588 - Sessão 3 - Verificando link com texto: 0CIX1
2025-05-02 12:54:59,695 - INFO - Thread 15588 - Sessão 3 - Verificando link com texto: 49.086.988 LUAN DE SOUSA FREIRE SINTICLEPEMP
2025-05-02 12:54:59,695 - INFO - Thread 15588 - Sessão 3 - Verificando link com texto: 1010492575129
2025-05-02 12:54:59,695 - INFO - Thread 15588 - Sessão 3 - Verificando link com texto: 20/01/25
2025-05-02 12:54:59,695 - INFO - Thread 15588 - Sessão 3 - Verificando link com texto: 1470,63
2025-05-02 12:54:59,695 - INFO - Thread 15588 - Sessão 3 - Verificando link com texto: 0CIX1
2025-05-02 12:54:59,695 - INFO - Thread 15588 - Sessão 3 - Verificando link com texto: 49.086.988 LUAN DE SOUSA FREIRE SINTICLEPEMP
2025-05-02 12:54:59,695 - INFO - Thread 15588 - Sessão 3 - Verificando link com texto: 1010481534388
2025-05-02 12:54:59,695 - INFO - Thread 15588 - Sessão 3 - Verificando link com texto: 20/12/24
2025-05-02 12:54:59,695 - INFO - Thread 15588 - Sessão 3 - Verificando link com texto: 1470,63
2025-05-02 12:54:59,695 - INFO - Thread 15588 - Sessão 3 - Verificando link com texto: 0CIX1
2025-05-02 12:54:59,695 - INFO - Thread 15588 - Sessão 3 - Verificando link com texto: 49.086.988 LUAN DE SOUSA FREIRE SINTICLEPEMP
2025-05-02 12:54:59,695 - INFO - Thread 15588 - Sessão 3 - Verificando link com texto: 1010468970790
2025-05-02 12:54:59,695 - INFO - Thread 15588 - Sessão 3 - Verificando link com texto: 20/11/24
2025-05-02 12:54:59,695 - INFO - Thread 15588 - Sessão 3 - Verificando link com texto: 1470,63
2025-05-02 12:54:59,695 - INFO - Thread 15588 - Sessão 3 - Verificando link com texto: 0CIX1
2025-05-02 12:54:59,696 - INFO - Thread 15588 - Sessão 3 - Verificando link com texto: 49.086.988 LUAN DE SOUSA FREIRE SINTICLEPEMP
2025-05-02 12:54:59,696 - INFO - Thread 15588 - Sessão 3 - Verificando link com texto: 1010461018392
2025-05-02 12:54:59,696 - INFO - Thread 15588 - Sessão 3 - Verificando link com texto: 20/10/24
2025-05-02 12:54:59,696 - INFO - Thread 15588 - Sessão 3 - Verificando link com texto: 1470,63
2025-05-02 12:54:59,696 - INFO - Thread 15588 - Sessão 3 - Verificando link com texto: 0CIX1
2025-05-02 12:54:59,696 - INFO - Thread 15588 - Sessão 3 - Verificando link com texto: 49.086.988 LUAN DE SOUSA FREIRE SINTICLEPEMP
2025-05-02 12:54:59,696 - INFO - Thread 15588 - Sessão 3 - Verificando link com texto: 1010447316861
2025-05-02 12:54:59,696 - INFO - Thread 15588 - Sessão 3 - Verificando link com texto: 20/09/24
2025-05-02 12:54:59,696 - INFO - Thread 15588 - Sessão 3 - Verificando link com texto: 1470,63
2025-05-02 12:54:59,696 - INFO - Thread 15588 - Sessão 3 - Verificando link com texto: 0CIX1
2025-05-02 12:54:59,696 - INFO - Thread 15588 - Sessão 3 - Verificando link com texto: 49.086.988 LUAN DE SOUSA FREIRE SINTICLEPEMP
2025-05-02 12:54:59,696 - INFO - Thread 15588 - Sessão 3 - Verificando link com texto: 1010435252200
2025-05-02 12:54:59,696 - INFO - Thread 15588 - Sessão 3 - Verificando link com texto: 20/08/24
2025-05-02 12:54:59,697 - INFO - Thread 15588 - Sessão 3 - Verificando link com texto: 1470,63
2025-05-02 12:54:59,697 - INFO - Thread 15588 - Sessão 3 - Verificando link com texto: 0CIX1
2025-05-02 12:54:59,697 - INFO - Thread 15588 - Sessão 3 - Verificando link com texto: 49.086.988 LUAN DE SOUSA FREIRE SINTICLEPEMP
2025-05-02 12:54:59,697 - INFO - Thread 15588 - Sessão 3 - Verificando link com texto: 1010425800329
2025-05-02 12:54:59,697 - INFO - Thread 15588 - Sessão 3 - Verificando link com texto: 20/07/24
2025-05-02 12:54:59,697 - INFO - Thread 15588 - Sessão 3 - Verificando link com texto: 1470,63
2025-05-02 12:54:59,697 - INFO - Thread 15588 - Sessão 3 - Verificando link com texto: 0CIX1
2025-05-02 12:54:59,697 - INFO - Thread 15588 - Sessão 3 - Verificando link com texto: 49.086.988 LUAN DE SOUSA FREIRE SINTICLEPEMP
2025-05-02 12:54:59,697 - INFO - Thread 15588 - Sessão 3 - Verificando link com texto: 1010413639420
2025-05-02 12:54:59,697 - INFO - Thread 15588 - Sessão 3 - Verificando link com texto: 20/06/24
2025-05-02 12:54:59,697 - INFO - Thread 15588 - Sessão 3 - Verificando link com texto: 1470,63
2025-05-02 12:54:59,697 - INFO - Thread 15588 - Sessão 3 - Verificando link com texto: 0CIX1
2025-05-02 12:54:59,697 - INFO - Thread 15588 - Sessão 3 - Verificando link com texto: 49.086.988 LUAN DE SOUSA FREIRE SINTICLEPEMP
2025-05-02 12:54:59,697 - INFO - Thread 15588 - Sessão 3 - Verificando link com texto: 1010402391970
2025-05-02 12:54:59,697 - INFO - Thread 15588 - Sessão 3 - Verificando link com texto: 20/05/24
2025-05-02 12:54:59,698 - INFO - Thread 15588 - Sessão 3 - Verificando link com texto: 1565,9
2025-05-02 12:54:59,698 - INFO - Thread 15588 - Sessão 3 - Verificando link com texto: 0CIX1
2025-05-02 12:54:59,698 - INFO - Thread 15588 - Sessão 3 - Verificando link com texto: 49.086.988 LUAN DE SOUSA FREIRE SINTICLEPEMP
2025-05-02 12:54:59,698 - INFO - Thread 15588 - Sessão 3 - Verificando link com texto: 1010393540041
2025-05-02 12:54:59,698 - INFO - Thread 15588 - Sessão 3 - Verificando link com texto: 20/04/24
2025-05-02 12:54:59,698 - INFO - Thread 15588 - Sessão 3 - Verificando link com texto: 1349,25
2025-05-02 12:54:59,698 - INFO - Thread 15588 - Sessão 3 - Verificando link com texto: 0CIX1
2025-05-02 12:54:59,698 - INFO - Thread 15588 - Sessão 3 - Verificando link com texto: 49.086.988 LUAN DE SOUSA FREIRE SINTICLEPEMP
2025-05-02 12:54:59,698 - INFO - Thread 15588 - Sessão 3 - Verificando link com texto: 1010380490717
2025-05-02 12:54:59,698 - INFO - Thread 15588 - Sessão 3 - Verificando link com texto: 20/03/24
2025-05-02 12:54:59,698 - INFO - Thread 15588 - Sessão 3 - Verificando link com texto: 1349,25
2025-05-02 12:54:59,698 - INFO - Thread 15588 - Sessão 3 - Verificando link com texto: 0CIX1
2025-05-02 12:54:59,698 - INFO - Thread 15588 - Sessão 3 - Verificando link com texto: 49.086.988 LUAN DE SOUSA FREIRE SINTICLEPEMP
2025-05-02 12:54:59,698 - INFO - Thread 15588 - Sessão 3 - Verificando link com texto: 1010368367099
2025-05-02 12:54:59,698 - INFO - Thread 15588 - Sessão 3 - Verificando link com texto: 20/02/24
2025-05-02 12:54:59,698 - INFO - Thread 15588 - Sessão 3 - Verificando link com texto: 1618,26
2025-05-02 12:54:59,699 - INFO - Thread 15588 - Sessão 3 - Verificando link com texto: 0CIX1
2025-05-02 12:54:59,699 - INFO - Thread 15588 - Sessão 3 - Verificando link com texto: 49.086.988 LUAN DE SOUSA FREIRE SINTICLEPEMP
2025-05-02 12:54:59,699 - INFO - Thread 15588 - Sessão 3 - Verificando link com texto: 1010360937376
2025-05-02 12:54:59,699 - INFO - Thread 15588 - Sessão 3 - Verificando link com texto: 20/01/24
2025-05-02 12:54:59,699 - INFO - Thread 15588 - Sessão 3 - Verificando link com texto: 1349,25
2025-05-02 12:54:59,699 - INFO - Thread 15588 - Sessão 3 - Verificando link com texto: 0CIX1
2025-05-02 12:54:59,699 - INFO - Thread 15588 - Sessão 3 - Verificando link com texto: 49.086.988 LUAN DE SOUSA FREIRE SINTICLEPEMP
2025-05-02 12:54:59,699 - INFO - Thread 15588 - Sessão 3 - Verificando link com texto: 1010347712110
2025-05-02 12:54:59,699 - INFO - Thread 15588 - Sessão 3 - Verificando link com texto: 20/12/23
2025-05-02 12:54:59,699 - INFO - Thread 15588 - Sessão 3 - Verificando link com texto: 1349,25
2025-05-02 12:54:59,699 - INFO - Thread 15588 - Sessão 3 - Verificando link com texto: 0CIX1
2025-05-02 12:54:59,699 - INFO - Thread 15588 - Sessão 3 - Verificando link com texto: 49.086.988 LUAN DE SOUSA FREIRE SINTICLEPEMP
2025-05-02 12:54:59,699 - INFO - Thread 15588 - Sessão 3 - Verificando link com texto: 1010336989175
2025-05-02 12:54:59,699 - INFO - Thread 15588 - Sessão 3 - Verificando link com texto: 20/11/23
2025-05-02 12:54:59,699 - INFO - Thread 15588 - Sessão 3 - Verificando link com texto: 1349,25
2025-05-02 12:54:59,700 - INFO - Thread 15588 - Sessão 3 - Verificando link com texto: 0CIX1
2025-05-02 12:54:59,700 - INFO - Thread 15588 - Sessão 3 - Verificando link com texto: 49.086.988 LUAN DE SOUSA FREIRE SINTICLEPEMP
2025-05-02 12:54:59,700 - INFO - Thread 15588 - Sessão 3 - Verificando link com texto: 1010326183488
2025-05-02 12:54:59,700 - INFO - Thread 15588 - Sessão 3 - Verificando link com texto: 20/10/23
2025-05-02 12:54:59,700 - INFO - Thread 15588 - Sessão 3 - Verificando link com texto: 2199,45
2025-05-02 12:54:59,700 - INFO - Thread 15588 - Sessão 3 - Verificando link com texto: 0CIX1
2025-05-02 12:54:59,700 - INFO - Thread 15588 - Sessão 3 - Verificando link com texto: 49.086.988 LUAN DE SOUSA FREIRE SINTICLEPEMP
2025-05-02 12:54:59,700 - INFO - Thread 15588 - Sessão 3 - Verificando link com texto: 1010314583281
2025-05-02 12:54:59,700 - INFO - Thread 15588 - Sessão 3 - Verificando link com texto: 20/09/23
2025-05-02 12:54:59,700 - INFO - Thread 15588 - Sessão 3 - Verificando link com texto: 578,25
2025-05-02 12:54:59,700 - INFO - Thread 15588 - Sessão 3 - Verificando link com texto: 0CIX1
2025-05-02 12:54:59,700 - INFO - Thread 15588 - Sessão 3 - Verificando link com texto: 49.086.988 LUAN DE SOUSA FREIRE SINTICLEPEMP
2025-05-02 12:54:59,700 - INFO - Thread 15588 - Sessão 3 - Verificando link com texto: 1010304984364
2025-05-02 12:54:59,700 - INFO - Thread 15588 - Sessão 3 - Verificando link com texto: 20/08/23
2025-05-02 12:54:59,701 - INFO - Thread 15588 - Sessão 3 - Verificando link com texto: 578,25
2025-05-02 12:54:59,701 - INFO - Thread 15588 - Sessão 3 - Verificando link com texto: 0CIX1
2025-05-02 12:54:59,701 - INFO - Thread 15588 - Sessão 3 - Verificando link com texto: 49.086.988 LUAN DE SOUSA FREIRE SINTICLEPEMP
2025-05-02 12:54:59,701 - INFO - Thread 15588 - Sessão 3 - Verificando link com texto: 1010293086403
2025-05-02 12:54:59,701 - INFO - Thread 15588 - Sessão 3 - Verificando link com texto: 20/07/23
2025-05-02 12:54:59,701 - INFO - Thread 15588 - Sessão 3 - Verificando link com texto: 578,25
2025-05-02 12:54:59,701 - INFO - Thread 15588 - Sessão 3 - Verificando link com texto: 0CIX1
2025-05-02 12:54:59,701 - INFO - Thread 15588 - Sessão 3 - Verificando link com texto: 49.086.988 LUAN DE SOUSA FREIRE SINTICLEPEMP
2025-05-02 12:54:59,701 - INFO - Thread 15588 - Sessão 3 - Verificando link com texto: 1010282593325
2025-05-02 12:54:59,701 - INFO - Thread 15588 - Sessão 3 - Verificando link com texto: 20/06/23
2025-05-02 12:54:59,701 - INFO - Thread 15588 - Sessão 3 - Verificando link com texto: 578,25
2025-05-02 12:54:59,701 - INFO - Thread 15588 - Sessão 3 - Verificando link com texto: 0CIX1
2025-05-02 12:54:59,701 - INFO - Thread 15588 - Sessão 3 - Verificando link com texto: 49.086.988 LUAN DE SOUSA FREIRE SINTICLEPEMP
2025-05-02 12:54:59,701 - INFO - Thread 15588 - Sessão 3 - Verificando link com texto: 1010272474935
2025-05-02 12:54:59,701 - INFO - Thread 15588 - Sessão 3 - Verificando link com texto: 20/05/23
2025-05-02 12:54:59,702 - INFO - Thread 15588 - Sessão 3 - Verificando link com texto: 729,18
2025-05-02 12:54:59,702 - INFO - Thread 15588 - Sessão 3 - Verificando link com texto: 0CIX1
2025-05-02 12:54:59,702 - INFO - Thread 15588 - Sessão 3 - Verificando link com texto: 49.086.988 LUAN DE SOUSA FREIRE SINTICLEPEMP
2025-05-02 12:54:59,702 - INFO - Thread 15588 - Sessão 3 - Verificando link com texto: 1010262052990
2025-05-02 12:54:59,702 - INFO - Thread 15588 - Sessão 3 - Verificando link com texto: 20/04/23
2025-05-02 12:54:59,702 - INFO - Thread 15588 - Sessão 3 - Verificando link com texto: 614,29
2025-05-02 12:54:59,702 - INFO - Thread 15588 - Sessão 3 - Verificando link com texto: 0CIX1
2025-05-02 12:54:59,702 - INFO - Thread 15588 - Sessão 3 - Verificando link com texto: 49.086.988 LUAN DE SOUSA FREIRE SINTICLEPEMP
2025-05-02 12:54:59,702 - INFO - Thread 15588 - Sessão 3 - Verificando link com texto: 28141000020799519
2025-05-02 12:54:59,702 - INFO - Thread 15588 - Sessão 3 - Verificando link com texto: 20/03/23
2025-05-02 12:54:59,702 - INFO - Thread 15588 - Sessão 3 - Verificando link com texto: 643,44
2025-05-02 12:54:59,703 - ERROR - Thread 15588 - Sessão 3 - Data de vencimento 20/05/25 não encontrada. Datas disponíveis: ['0CIX1', '49.086.988 LUAN DE SOUSA FREIRE SINTICLEPEMP', '1010526363579', '20/04/25', '1470,63', '0CIX1', '49.086.988 LUAN DE SOUSA FREIRE SINTICLEPEMP', '1010517414018', '20/03/25', '1470,63', '0CIX1', '49.086.988 LUAN DE SOUSA FREIRE SINTICLEPEMP', '1010502970726', '20/02/25', '1470,63', '0CIX1', '49.086.988 LUAN DE SOUSA FREIRE SINTICLEPEMP', '1010492575129', '20/01/25', '1470,63', '0CIX1', '49.086.988 LUAN DE SOUSA FREIRE SINTICLEPEMP', '1010481534388', '20/12/24', '1470,63', '0CIX1', '49.086.988 LUAN DE SOUSA FREIRE SINTICLEPEMP', '1010468970790', '20/11/24', '1470,63', '0CIX1', '49.086.988 LUAN DE SOUSA FREIRE SINTICLEPEMP', '1010461018392', '20/10/24', '1470,63', '0CIX1', '49.086.988 LUAN DE SOUSA FREIRE SINTICLEPEMP', '1010447316861', '20/09/24', '1470,63', '0CIX1', '49.086.988 LUAN DE SOUSA FREIRE SINTICLEPEMP', '1010435252200', '20/08/24', '1470,63', '0CIX1', '49.086.988 LUAN DE SOUSA FREIRE SINTICLEPEMP', '1010425800329', '20/07/24', '1470,63', '0CIX1', '49.086.988 LUAN DE SOUSA FREIRE SINTICLEPEMP', '1010413639420', '20/06/24', '1470,63', '0CIX1', '49.086.988 LUAN DE SOUSA FREIRE SINTICLEPEMP', '1010402391970', '20/05/24', '1565,9', '0CIX1', '49.086.988 LUAN DE SOUSA FREIRE SINTICLEPEMP', '1010393540041', '20/04/24', '1349,25', '0CIX1', '49.086.988 LUAN DE SOUSA FREIRE SINTICLEPEMP', '1010380490717', '20/03/24', '1349,25', '0CIX1', '49.086.988 LUAN DE SOUSA FREIRE SINTICLEPEMP', '1010368367099', '20/02/24', '1618,26', '0CIX1', '49.086.988 LUAN DE SOUSA FREIRE SINTICLEPEMP', '1010360937376', '20/01/24', '1349,25', '0CIX1', '49.086.988 LUAN DE SOUSA FREIRE SINTICLEPEMP', '1010347712110', '20/12/23', '1349,25', '0CIX1', '49.086.988 LUAN DE SOUSA FREIRE SINTICLEPEMP', '1010336989175', '20/11/23', '1349,25', '0CIX1', '49.086.988 LUAN DE SOUSA FREIRE SINTICLEPEMP', '1010326183488', '20/10/23', '2199,45', '0CIX1', '49.086.988 LUAN DE SOUSA FREIRE SINTICLEPEMP', '1010314583281', '20/09/23', '578,25', '0CIX1', '49.086.988 LUAN DE SOUSA FREIRE SINTICLEPEMP', '1010304984364', '20/08/23', '578,25', '0CIX1', '49.086.988 LUAN DE SOUSA FREIRE SINTICLEPEMP', '1010293086403', '20/07/23', '578,25', '0CIX1', '49.086.988 LUAN DE SOUSA FREIRE SINTICLEPEMP', '1010282593325', '20/06/23', '578,25', '0CIX1', '49.086.988 LUAN DE SOUSA FREIRE SINTICLEPEMP', '1010272474935', '20/05/23', '729,18', '0CIX1', '49.086.988 LUAN DE SOUSA FREIRE SINTICLEPEMP', '1010262052990', '20/04/23', '614,29', '0CIX1', '49.086.988 LUAN DE SOUSA FREIRE SINTICLEPEMP', '28141000020799519', '20/03/23', '643,44']
2025-05-02 12:54:59,704 - INFO - Thread 31056 - Progresso: 1/3 (33%)
2025-05-02 12:54:59,705 - DEBUG - Thread 11476 - https://webhap.hapvida.com.br:443 "GET /pls/webhap/pk_nota_fiscal.listaNotasFiscais?pNoCache=1202552500&pIdSessao=55021205002516599162 HTTP/11" 200 None
2025-05-02 12:54:59,705 - INFO - Thread 11476 - Sessão 1 - Status do login: 200, URL: https://webhap.hapvida.com.br/pls/webhap/pk_nota_fiscal.listaNotasFiscais?pNoCache=1202552500&pIdSessao=55021205002516599162
2025-05-02 12:54:59,706 - INFO - Thread 11476 - Sessão 1 - Cookies após login: {}
2025-05-02 12:54:59,706 - INFO - Thread 11476 - Sessão 1 - Login bem-sucedido para empresa 0DTY7
2025-05-02 12:54:59,722 - INFO - Thread 11476 - Sessão 1 - pIdSessao extraído: 55021205002516599162
2025-05-02 12:54:59,755 - DEBUG - Thread 15620 - https://webhap.hapvida.com.br:443 "POST /pls/webhap/pk_nota_fiscal.loginValidacao HTTP/11" 302 2
2025-05-02 12:54:59,787 - DEBUG - Thread 25532 - https://webhap.hapvida.com.br:443 "GET /pls/webhap/pk_nota_fiscal.listaNotasFiscais?pNoCache=1202552500&pIdSessao=55021205002516599174 HTTP/11" 200 None
2025-05-02 12:54:59,787 - INFO - Thread 25532 - Sessão 3 - Status do login: 200, URL: https://webhap.hapvida.com.br/pls/webhap/pk_nota_fiscal.listaNotasFiscais?pNoCache=1202552500&pIdSessao=55021205002516599174
2025-05-02 12:54:59,787 - INFO - Thread 25532 - Sessão 3 - Cookies após login: {}
2025-05-02 12:54:59,787 - INFO - Thread 25532 - Sessão 3 - Login bem-sucedido para empresa 0CIX1
2025-05-02 12:54:59,809 - INFO - Thread 25532 - Sessão 3 - pIdSessao extraído: 55021205002516599174
2025-05-02 12:54:59,810 - DEBUG - Thread 3300 - https://webhap.hapvida.com.br:443 "POST /pls/webhap/pk_nota_fiscal.loginValidacao HTTP/11" 302 2
2025-05-02 12:54:59,811 - DEBUG - Thread 35288 - https://webhap.hapvida.com.br:443 "GET /pls/webhap/pk_nota_fiscal.listaNotasFiscais?pIdSessao=55021205002516599226 HTTP/11" 200 None
2025-05-02 12:54:59,811 - INFO - Thread 35288 - Sessão 2 - Status da requisição: 200, URL final: https://webhap.hapvida.com.br/pls/webhap/pk_nota_fiscal.listaNotasFiscais?pIdSessao=55021205002516599226
2025-05-02 12:54:59,811 - DEBUG - Thread 35288 - Sessão 2 - Primeiros 500 caracteres do HTML: 
    <head>
    <meta http-equiv="Content-Type" content="text/html; charset=utf-8" />
    <meta name="viewport" content="width=device-width, initial-scale=1.0">
    <title>Hapvida - Plano de Saúde</title>
    <link href="/hapvida/hapvida_avanz/sistema/css/simple-line-icons.css" rel="stylesheet" type="text/css" />
    <link href="/hapvida/hapvida_avanz/sistema/css/stlhapvida.css" rel="stylesheet" type="text/css" />
    <link href="/hapvida/hapvida_avanz/sistema/css/style-ie.css" rel="stylesheet" 
2025-05-02 12:54:59,828 - INFO - Thread 35288 - Sessão 2 - Buscando data de vencimento: 20/05/25
2025-05-02 12:54:59,828 - INFO - Thread 35288 - Sessão 2 - Verificando link com texto: 0CPDD
2025-05-02 12:54:59,829 - INFO - Thread 35288 - Sessão 2 - Verificando link com texto: 44.537.597 EVANIA FERREIRA DA SILVA SINTICLEPEMP
2025-05-02 12:54:59,829 - INFO - Thread 35288 - Sessão 2 - Verificando link com texto: 1010526365865
2025-05-02 12:54:59,829 - INFO - Thread 35288 - Sessão 2 - Verificando link com texto: 20/04/25
2025-05-02 12:54:59,829 - INFO - Thread 35288 - Sessão 2 - Verificando link com texto: 840,36
2025-05-02 12:54:59,829 - INFO - Thread 35288 - Sessão 2 - Verificando link com texto: 0CPDD
2025-05-02 12:54:59,829 - INFO - Thread 35288 - Sessão 2 - Verificando link com texto: 44.537.597 EVANIA FERREIRA DA SILVA SINTICLEPEMP
2025-05-02 12:54:59,829 - INFO - Thread 35288 - Sessão 2 - Verificando link com texto: 1010517416100
2025-05-02 12:54:59,829 - INFO - Thread 35288 - Sessão 2 - Verificando link com texto: 20/03/25
2025-05-02 12:54:59,829 - INFO - Thread 35288 - Sessão 2 - Verificando link com texto: 840,36
2025-05-02 12:54:59,829 - INFO - Thread 35288 - Sessão 2 - Verificando link com texto: 0CPDD
2025-05-02 12:54:59,829 - INFO - Thread 35288 - Sessão 2 - Verificando link com texto: 44.537.597 EVANIA FERREIRA DA SILVA SINTICLEPEMP
2025-05-02 12:54:59,829 - INFO - Thread 35288 - Sessão 2 - Verificando link com texto: 1010502973008
2025-05-02 12:54:59,829 - INFO - Thread 35288 - Sessão 2 - Verificando link com texto: 20/02/25
2025-05-02 12:54:59,829 - INFO - Thread 35288 - Sessão 2 - Verificando link com texto: 840,36
2025-05-02 12:54:59,830 - INFO - Thread 35288 - Sessão 2 - Verificando link com texto: 0CPDD
2025-05-02 12:54:59,830 - INFO - Thread 35288 - Sessão 2 - Verificando link com texto: 44.537.597 EVANIA FERREIRA DA SILVA SINTICLEPEMP
2025-05-02 12:54:59,830 - INFO - Thread 35288 - Sessão 2 - Verificando link com texto: 1010492577407
2025-05-02 12:54:59,830 - INFO - Thread 35288 - Sessão 2 - Verificando link com texto: 20/01/25
2025-05-02 12:54:59,830 - INFO - Thread 35288 - Sessão 2 - Verificando link com texto: 840,36
2025-05-02 12:54:59,830 - INFO - Thread 35288 - Sessão 2 - Verificando link com texto: 0CPDD
2025-05-02 12:54:59,830 - INFO - Thread 35288 - Sessão 2 - Verificando link com texto: 44.537.597 EVANIA FERREIRA DA SILVA SINTICLEPEMP
2025-05-02 12:54:59,830 - INFO - Thread 35288 - Sessão 2 - Verificando link com texto: 1010481536674
2025-05-02 12:54:59,830 - INFO - Thread 35288 - Sessão 2 - Verificando link com texto: 20/12/24
2025-05-02 12:54:59,830 - INFO - Thread 35288 - Sessão 2 - Verificando link com texto: 840,36
2025-05-02 12:54:59,830 - INFO - Thread 35288 - Sessão 2 - Verificando link com texto: 0CPDD
2025-05-02 12:54:59,830 - INFO - Thread 35288 - Sessão 2 - Verificando link com texto: 44.537.597 EVANIA FERREIRA DA SILVA SINTICLEPEMP
2025-05-02 12:54:59,830 - INFO - Thread 35288 - Sessão 2 - Verificando link com texto: 1010468973136
2025-05-02 12:54:59,830 - INFO - Thread 35288 - Sessão 2 - Verificando link com texto: 20/11/24
2025-05-02 12:54:59,830 - INFO - Thread 35288 - Sessão 2 - Verificando link com texto: 840,36
2025-05-02 12:54:59,830 - INFO - Thread 35288 - Sessão 2 - Verificando link com texto: 0CPDD
2025-05-02 12:54:59,831 - INFO - Thread 35288 - Sessão 2 - Verificando link com texto: 44.537.597 EVANIA FERREIRA DA SILVA SINTICLEPEMP
2025-05-02 12:54:59,831 - INFO - Thread 35288 - Sessão 2 - Verificando link com texto: 1010461020753
2025-05-02 12:54:59,831 - INFO - Thread 35288 - Sessão 2 - Verificando link com texto: 20/10/24
2025-05-02 12:54:59,831 - INFO - Thread 35288 - Sessão 2 - Verificando link com texto: 840,36
2025-05-02 12:54:59,831 - INFO - Thread 35288 - Sessão 2 - Verificando link com texto: 0CPDD
2025-05-02 12:54:59,831 - INFO - Thread 35288 - Sessão 2 - Verificando link com texto: 44.537.597 EVANIA FERREIRA DA SILVA SINTICLEPEMP
2025-05-02 12:54:59,831 - INFO - Thread 35288 - Sessão 2 - Verificando link com texto: 1010447319305
2025-05-02 12:54:59,831 - INFO - Thread 35288 - Sessão 2 - Verificando link com texto: 20/09/24
2025-05-02 12:54:59,831 - INFO - Thread 35288 - Sessão 2 - Verificando link com texto: 840,36
2025-05-02 12:54:59,831 - INFO - Thread 35288 - Sessão 2 - Verificando link com texto: 0CPDD
2025-05-02 12:54:59,831 - INFO - Thread 35288 - Sessão 2 - Verificando link com texto: 44.537.597 EVANIA FERREIRA DA SILVA SINTICLEPEMP
2025-05-02 12:54:59,831 - DEBUG - Thread 11476 - https://webhap.hapvida.com.br:443 "GET /pls/webhap/pk_nota_fiscal.listaNotasFiscais?pIdSessao=55021205002516599162 HTTP/11" 200 None
2025-05-02 12:54:59,832 - INFO - Thread 35288 - Sessão 2 - Verificando link com texto: 1010435254645
2025-05-02 12:54:59,832 - INFO - Thread 35288 - Sessão 2 - Verificando link com texto: 20/08/24
2025-05-02 12:54:59,832 - INFO - Thread 35288 - Sessão 2 - Verificando link com texto: 840,36
2025-05-02 12:54:59,832 - INFO - Thread 11476 - Sessão 1 - Status da requisição: 200, URL final: https://webhap.hapvida.com.br/pls/webhap/pk_nota_fiscal.listaNotasFiscais?pIdSessao=55021205002516599162
2025-05-02 12:54:59,832 - INFO - Thread 35288 - Sessão 2 - Verificando link com texto: 0CPDD
2025-05-02 12:54:59,833 - DEBUG - Thread 11476 - Sessão 1 - Primeiros 500 caracteres do HTML: 
    <head>
    <meta http-equiv="Content-Type" content="text/html; charset=utf-8" />
    <meta name="viewport" content="width=device-width, initial-scale=1.0">
    <title>Hapvida - Plano de Saúde</title>
    <link href="/hapvida/hapvida_avanz/sistema/css/simple-line-icons.css" rel="stylesheet" type="text/css" />
    <link href="/hapvida/hapvida_avanz/sistema/css/stlhapvida.css" rel="stylesheet" type="text/css" />
    <link href="/hapvida/hapvida_avanz/sistema/css/style-ie.css" rel="stylesheet" 
2025-05-02 12:54:59,833 - INFO - Thread 35288 - Sessão 2 - Verificando link com texto: 44.537.597 EVANIA FERREIRA DA SILVA SINTICLEPEMP
2025-05-02 12:54:59,843 - INFO - Thread 35288 - Sessão 2 - Verificando link com texto: 1010425802801
2025-05-02 12:54:59,843 - INFO - Thread 35288 - Sessão 2 - Verificando link com texto: 20/07/24
2025-05-02 12:54:59,843 - INFO - Thread 35288 - Sessão 2 - Verificando link com texto: 840,36
2025-05-02 12:54:59,843 - INFO - Thread 35288 - Sessão 2 - Verificando link com texto: 0CPDD
2025-05-02 12:54:59,843 - INFO - Thread 35288 - Sessão 2 - Verificando link com texto: 44.537.597 EVANIA FERREIRA DA SILVA SINTICLEPEMP
2025-05-02 12:54:59,844 - INFO - Thread 35288 - Sessão 2 - Verificando link com texto: 1010413641816
2025-05-02 12:54:59,844 - INFO - Thread 35288 - Sessão 2 - Verificando link com texto: 20/06/24
2025-05-02 12:54:59,844 - INFO - Thread 35288 - Sessão 2 - Verificando link com texto: 840,36
2025-05-02 12:54:59,844 - INFO - Thread 35288 - Sessão 2 - Verificando link com texto: 0CPDD
2025-05-02 12:54:59,844 - INFO - Thread 35288 - Sessão 2 - Verificando link com texto: 44.537.597 EVANIA FERREIRA DA SILVA SINTICLEPEMP
2025-05-02 12:54:59,844 - INFO - Thread 35288 - Sessão 2 - Verificando link com texto: 1010402394405
2025-05-02 12:54:59,844 - INFO - Thread 35288 - Sessão 2 - Verificando link com texto: 20/05/24
2025-05-02 12:54:59,844 - INFO - Thread 35288 - Sessão 2 - Verificando link com texto: 894,8
2025-05-02 12:54:59,849 - INFO - Thread 11476 - Sessão 1 - Buscando data de vencimento: 20/05/25
2025-05-02 12:54:59,850 - INFO - Thread 35288 - Sessão 2 - Verificando link com texto: 0CPDD
2025-05-02 12:54:59,850 - INFO - Thread 11476 - Sessão 1 - Verificando link com texto: 0DTY7
2025-05-02 12:54:59,850 - INFO - Thread 35288 - Sessão 2 - Verificando link com texto: 44.537.597 EVANIA FERREIRA DA SILVA SINTICLEPEMP
2025-05-02 12:54:59,850 - INFO - Thread 11476 - Sessão 1 - Verificando link com texto: 37.233.759 MARIA GENEROZA H SECUNDES SINTICLEPEMP
2025-05-02 12:54:59,850 - INFO - Thread 35288 - Sessão 2 - Verificando link com texto: 1010393542621
2025-05-02 12:54:59,851 - INFO - Thread 11476 - Sessão 1 - Verificando link com texto: 28141000021976197
2025-05-02 12:54:59,851 - INFO - Thread 35288 - Sessão 2 - Verificando link com texto: 20/04/24
2025-05-02 12:54:59,851 - INFO - Thread 11476 - Sessão 1 - Verificando link com texto: 20/04/25
2025-05-02 12:54:59,851 - INFO - Thread 35288 - Sessão 2 - Verificando link com texto: 771
2025-05-02 12:54:59,851 - INFO - Thread 11476 - Sessão 1 - Verificando link com texto: 1134,5
2025-05-02 12:54:59,852 - INFO - Thread 35288 - Sessão 2 - Verificando link com texto: 0CPDD
2025-05-02 12:54:59,852 - INFO - Thread 11476 - Sessão 1 - Verificando link com texto: 0DTY7
2025-05-02 12:54:59,852 - INFO - Thread 35288 - Sessão 2 - Verificando link com texto: 44.537.597 EVANIA FERREIRA DA SILVA SINTICLEPEMP
2025-05-02 12:54:59,852 - INFO - Thread 11476 - Sessão 1 - Verificando link com texto: 37.233.759 MARIA GENEROZA H SECUNDES SINTICLEPEMP
2025-05-02 12:54:59,852 - INFO - Thread 35288 - Sessão 2 - Verificando link com texto: 1010380493481
2025-05-02 12:54:59,852 - INFO - Thread 11476 - Sessão 1 - Verificando link com texto: 28141000021956316
2025-05-02 12:54:59,853 - INFO - Thread 35288 - Sessão 2 - Verificando link com texto: 20/03/24
2025-05-02 12:54:59,853 - INFO - Thread 11476 - Sessão 1 - Verificando link com texto: 20/03/25
2025-05-02 12:54:59,853 - INFO - Thread 35288 - Sessão 2 - Verificando link com texto: 771
2025-05-02 12:54:59,853 - INFO - Thread 11476 - Sessão 1 - Verificando link com texto: 1134,5
2025-05-02 12:54:59,853 - INFO - Thread 35288 - Sessão 2 - Verificando link com texto: 0CPDD
2025-05-02 12:54:59,853 - INFO - Thread 11476 - Sessão 1 - Verificando link com texto: 0DTY7
2025-05-02 12:54:59,854 - INFO - Thread 35288 - Sessão 2 - Verificando link com texto: 44.537.597 EVANIA FERREIRA DA SILVA SINTICLEPEMP
2025-05-02 12:54:59,854 - INFO - Thread 11476 - Sessão 1 - Verificando link com texto: 37.233.759 MARIA GENEROZA H SECUNDES SINTICLEPEMP
2025-05-02 12:54:59,854 - INFO - Thread 35288 - Sessão 2 - Verificando link com texto: 1010368370200
2025-05-02 12:54:59,854 - INFO - Thread 11476 - Sessão 1 - Verificando link com texto: 28141000021930377
2025-05-02 12:54:59,854 - INFO - Thread 35288 - Sessão 2 - Verificando link com texto: 20/02/24
2025-05-02 12:54:59,854 - INFO - Thread 11476 - Sessão 1 - Verificando link com texto: 20/02/25
2025-05-02 12:54:59,854 - INFO - Thread 35288 - Sessão 2 - Verificando link com texto: 924,72
2025-05-02 12:54:59,854 - INFO - Thread 11476 - Sessão 1 - Verificando link com texto: 1317,15
2025-05-02 12:54:59,854 - INFO - Thread 35288 - Sessão 2 - Verificando link com texto: 0CPDD
2025-05-02 12:54:59,855 - INFO - Thread 11476 - Sessão 1 - Verificando link com texto: 0DTY7
2025-05-02 12:54:59,855 - INFO - Thread 35288 - Sessão 2 - Verificando link com texto: 44.537.597 EVANIA FERREIRA DA SILVA SINTICLEPEMP
2025-05-02 12:54:59,855 - INFO - Thread 11476 - Sessão 1 - Verificando link com texto: 37.233.759 MARIA GENEROZA H SECUNDES SINTICLEPEMP
2025-05-02 12:54:59,855 - INFO - Thread 35288 - Sessão 2 - Verificando link com texto: 1010360940555
2025-05-02 12:54:59,855 - INFO - Thread 11476 - Sessão 1 - Verificando link com texto: 28141000021908626
2025-05-02 12:54:59,855 - INFO - Thread 35288 - Sessão 2 - Verificando link com texto: 20/01/24
2025-05-02 12:54:59,855 - INFO - Thread 11476 - Sessão 1 - Verificando link com texto: 20/01/25
2025-05-02 12:54:59,855 - INFO - Thread 35288 - Sessão 2 - Verificando link com texto: 771
2025-05-02 12:54:59,855 - INFO - Thread 11476 - Sessão 1 - Verificando link com texto: 924,41
2025-05-02 12:54:59,856 - INFO - Thread 35288 - Sessão 2 - Verificando link com texto: 0CPDD
2025-05-02 12:54:59,856 - INFO - Thread 11476 - Sessão 1 - Verificando link com texto: 0DTY7
2025-05-02 12:54:59,856 - INFO - Thread 35288 - Sessão 2 - Verificando link com texto: 44.537.597 EVANIA FERREIRA DA SILVA SINTICLEPEMP
2025-05-02 12:54:59,856 - INFO - Thread 11476 - Sessão 1 - Verificando link com texto: 37.233.759 MARIA GENEROZA H SECUNDES SINTICLEPEMP
2025-05-02 12:54:59,856 - INFO - Thread 35288 - Sessão 2 - Verificando link com texto: 1010347715349
2025-05-02 12:54:59,856 - INFO - Thread 11476 - Sessão 1 - Verificando link com texto: 28141000021887251
2025-05-02 12:54:59,856 - INFO - Thread 35288 - Sessão 2 - Verificando link com texto: 20/12/23
2025-05-02 12:54:59,856 - INFO - Thread 11476 - Sessão 1 - Verificando link com texto: 20/12/24
2025-05-02 12:54:59,856 - INFO - Thread 35288 - Sessão 2 - Verificando link com texto: 1119
2025-05-02 12:54:59,857 - INFO - Thread 11476 - Sessão 1 - Verificando link com texto: 924,41
2025-05-02 12:54:59,857 - INFO - Thread 35288 - Sessão 2 - Verificando link com texto: 0CPDD
2025-05-02 12:54:59,857 - INFO - Thread 11476 - Sessão 1 - Verificando link com texto: 0DTY7
2025-05-02 12:54:59,857 - INFO - Thread 35288 - Sessão 2 - Verificando link com texto: 44.537.597 EVANIA FERREIRA DA SILVA SINTICLEPEMP
2025-05-02 12:54:59,857 - INFO - Thread 11476 - Sessão 1 - Verificando link com texto: 37.233.759 MARIA GENEROZA H SECUNDES SINTICLEPEMP
2025-05-02 12:54:59,857 - INFO - Thread 35288 - Sessão 2 - Verificando link com texto: 1010336992508
2025-05-02 12:54:59,857 - INFO - Thread 11476 - Sessão 1 - Verificando link com texto: 28141000021864258
2025-05-02 12:54:59,857 - INFO - Thread 35288 - Sessão 2 - Verificando link com texto: 20/11/23
2025-05-02 12:54:59,857 - INFO - Thread 11476 - Sessão 1 - Verificando link com texto: 20/11/24
2025-05-02 12:54:59,858 - INFO - Thread 35288 - Sessão 2 - Verificando link com texto: 385,5
2025-05-02 12:54:59,858 - INFO - Thread 11476 - Sessão 1 - Verificando link com texto: 924,41
2025-05-02 12:54:59,858 - INFO - Thread 35288 - Sessão 2 - Verificando link com texto: 0CPDD
2025-05-02 12:54:59,858 - INFO - Thread 11476 - Sessão 1 - Verificando link com texto: 0DTY7
2025-05-02 12:54:59,858 - INFO - Thread 35288 - Sessão 2 - Verificando link com texto: 44.537.597 EVANIA FERREIRA DA SILVA SINTICLEPEMP
2025-05-02 12:54:59,858 - INFO - Thread 11476 - Sessão 1 - Verificando link com texto: 37.233.759 MARIA GENEROZA H SECUNDES SINTICLEPEMP
2025-05-02 12:54:59,858 - INFO - Thread 35288 - Sessão 2 - Verificando link com texto: 1010326186835
2025-05-02 12:54:59,858 - INFO - Thread 11476 - Sessão 1 - Verificando link com texto: 28141000021842190
2025-05-02 12:54:59,859 - INFO - Thread 35288 - Sessão 2 - Verificando link com texto: 20/10/23
2025-05-02 12:54:59,859 - INFO - Thread 11476 - Sessão 1 - Verificando link com texto: 20/10/24
2025-05-02 12:54:59,859 - INFO - Thread 35288 - Sessão 2 - Verificando link com texto: 385,5
2025-05-02 12:54:59,859 - INFO - Thread 11476 - Sessão 1 - Verificando link com texto: 924,41
2025-05-02 12:54:59,859 - INFO - Thread 35288 - Sessão 2 - Verificando link com texto: 0CPDD
2025-05-02 12:54:59,859 - INFO - Thread 11476 - Sessão 1 - Verificando link com texto: 0DTY7
2025-05-02 12:54:59,859 - INFO - Thread 35288 - Sessão 2 - Verificando link com texto: 44.537.597 EVANIA FERREIRA DA SILVA SINTICLEPEMP
2025-05-02 12:54:59,859 - INFO - Thread 11476 - Sessão 1 - Verificando link com texto: 37.233.759 MARIA GENEROZA H SECUNDES SINTICLEPEMP
2025-05-02 12:54:59,859 - INFO - Thread 35288 - Sessão 2 - Verificando link com texto: 1010314586698
2025-05-02 12:54:59,860 - INFO - Thread 11476 - Sessão 1 - Verificando link com texto: 28141000021814795
2025-05-02 12:54:59,860 - INFO - Thread 35288 - Sessão 2 - Verificando link com texto: 20/09/23
2025-05-02 12:54:59,860 - INFO - Thread 11476 - Sessão 1 - Verificando link com texto: 20/09/24
2025-05-02 12:54:59,860 - INFO - Thread 35288 - Sessão 2 - Verificando link com texto: 385,5
2025-05-02 12:54:59,860 - INFO - Thread 11476 - Sessão 1 - Verificando link com texto: 924,41
2025-05-02 12:54:59,860 - INFO - Thread 35288 - Sessão 2 - Verificando link com texto: 0CPDD
2025-05-02 12:54:59,860 - INFO - Thread 11476 - Sessão 1 - Verificando link com texto: 0DTY7
2025-05-02 12:54:59,860 - INFO - Thread 35288 - Sessão 2 - Verificando link com texto: 44.537.597 EVANIA FERREIRA DA SILVA SINTICLEPEMP
2025-05-02 12:54:59,861 - INFO - Thread 11476 - Sessão 1 - Verificando link com texto: 37.233.759 MARIA GENEROZA H SECUNDES SINTICLEPEMP
2025-05-02 12:54:59,861 - INFO - Thread 35288 - Sessão 2 - Verificando link com texto: 1010304987894
2025-05-02 12:54:59,861 - INFO - Thread 11476 - Sessão 1 - Verificando link com texto: 28141000021787832
2025-05-02 12:54:59,861 - INFO - Thread 35288 - Sessão 2 - Verificando link com texto: 20/08/23
2025-05-02 12:54:59,861 - INFO - Thread 11476 - Sessão 1 - Verificando link com texto: 20/08/24
2025-05-02 12:54:59,861 - INFO - Thread 35288 - Sessão 2 - Verificando link com texto: 385,5
2025-05-02 12:54:59,861 - INFO - Thread 11476 - Sessão 1 - Verificando link com texto: 924,41
2025-05-02 12:54:59,861 - INFO - Thread 35288 - Sessão 2 - Verificando link com texto: 0CPDD
2025-05-02 12:54:59,861 - INFO - Thread 11476 - Sessão 1 - Verificando link com texto: 0DTY7
2025-05-02 12:54:59,862 - INFO - Thread 35288 - Sessão 2 - Verificando link com texto: 44.537.597 EVANIA FERREIRA DA SILVA SINTICLEPEMP
2025-05-02 12:54:59,862 - INFO - Thread 11476 - Sessão 1 - Verificando link com texto: 37.233.759 MARIA GENEROZA H SECUNDES SINTICLEPEMP
2025-05-02 12:54:59,862 - INFO - Thread 35288 - Sessão 2 - Verificando link com texto: 1010293090087
2025-05-02 12:54:59,862 - INFO - Thread 11476 - Sessão 1 - Verificando link com texto: 28141000021761826
2025-05-02 12:54:59,862 - INFO - Thread 35288 - Sessão 2 - Verificando link com texto: 20/07/23
2025-05-02 12:54:59,862 - INFO - Thread 11476 - Sessão 1 - Verificando link com texto: 20/07/24
2025-05-02 12:54:59,862 - INFO - Thread 35288 - Sessão 2 - Verificando link com texto: 385,5
2025-05-02 12:54:59,862 - INFO - Thread 11476 - Sessão 1 - Verificando link com texto: 924,41
2025-05-02 12:54:59,862 - INFO - Thread 35288 - Sessão 2 - Verificando link com texto: 0CPDD
2025-05-02 12:54:59,863 - INFO - Thread 11476 - Sessão 1 - Verificando link com texto: 0DTY7
2025-05-02 12:54:59,863 - INFO - Thread 35288 - Sessão 2 - Verificando link com texto: 44.537.597 EVANIA FERREIRA DA SILVA SINTICLEPEMP
2025-05-02 12:54:59,863 - INFO - Thread 11476 - Sessão 1 - Verificando link com texto: 37.233.759 MARIA GENEROZA H SECUNDES SINTICLEPEMP
2025-05-02 12:54:59,863 - INFO - Thread 35288 - Sessão 2 - Verificando link com texto: 1010282597096
2025-05-02 12:54:59,863 - INFO - Thread 11476 - Sessão 1 - Verificando link com texto: 28141000021732486
2025-05-02 12:54:59,863 - INFO - Thread 35288 - Sessão 2 - Verificando link com texto: 20/06/23
2025-05-02 12:54:59,863 - INFO - Thread 11476 - Sessão 1 - Verificando link com texto: 20/06/24
2025-05-02 12:54:59,864 - INFO - Thread 35288 - Sessão 2 - Verificando link com texto: 385,5
2025-05-02 12:54:59,864 - INFO - Thread 11476 - Sessão 1 - Verificando link com texto: 924,41
2025-05-02 12:54:59,864 - INFO - Thread 35288 - Sessão 2 - Verificando link com texto: 0CPDD
2025-05-02 12:54:59,864 - INFO - Thread 11476 - Sessão 1 - Verificando link com texto: 0DTY7
2025-05-02 12:54:59,864 - INFO - Thread 35288 - Sessão 2 - Verificando link com texto: 44.537.597 EVANIA FERREIRA DA SILVA SINTICLEPEMP
2025-05-02 12:54:59,864 - INFO - Thread 11476 - Sessão 1 - Verificando link com texto: 37.233.759 MARIA GENEROZA H SECUNDES SINTICLEPEMP
2025-05-02 12:54:59,864 - INFO - Thread 35288 - Sessão 2 - Verificando link com texto: 1010272478817
2025-05-02 12:54:59,864 - INFO - Thread 11476 - Sessão 1 - Verificando link com texto: 28141000021704712
2025-05-02 12:54:59,864 - INFO - Thread 35288 - Sessão 2 - Verificando link com texto: 20/05/23
2025-05-02 12:54:59,865 - INFO - Thread 11476 - Sessão 1 - Verificando link com texto: 20/05/24
2025-05-02 12:54:59,865 - INFO - Thread 35288 - Sessão 2 - Verificando link com texto: 472,34
2025-05-02 12:54:59,865 - INFO - Thread 11476 - Sessão 1 - Verificando link com texto: 984,3
2025-05-02 12:54:59,865 - INFO - Thread 35288 - Sessão 2 - Verificando link com texto: 0CPDD
2025-05-02 12:54:59,865 - INFO - Thread 11476 - Sessão 1 - Verificando link com texto: 0DTY7
2025-05-02 12:54:59,865 - INFO - Thread 35288 - Sessão 2 - Verificando link com texto: 44.537.597 EVANIA FERREIRA DA SILVA SINTICLEPEMP
2025-05-02 12:54:59,865 - INFO - Thread 11476 - Sessão 1 - Verificando link com texto: 37.233.759 MARIA GENEROZA H SECUNDES SINTICLEPEMP
2025-05-02 12:54:59,865 - INFO - Thread 35288 - Sessão 2 - Verificando link com texto: 1010262056650
2025-05-02 12:54:59,866 - INFO - Thread 11476 - Sessão 1 - Verificando link com texto: 28141000021679898
2025-05-02 12:54:59,866 - INFO - Thread 35288 - Sessão 2 - Verificando link com texto: 20/04/23
2025-05-02 12:54:59,866 - INFO - Thread 11476 - Sessão 1 - Verificando link com texto: 20/04/24
2025-05-02 12:54:59,866 - INFO - Thread 35288 - Sessão 2 - Verificando link com texto: 344,2
2025-05-02 12:54:59,866 - INFO - Thread 11476 - Sessão 1 - Verificando link com texto: 848,1
2025-05-02 12:54:59,866 - INFO - Thread 35288 - Sessão 2 - Verificando link com texto: 0CPDD
2025-05-02 12:54:59,866 - INFO - Thread 11476 - Sessão 1 - Verificando link com texto: 0DTY7
2025-05-02 12:54:59,866 - INFO - Thread 35288 - Sessão 2 - Verificando link com texto: 44.537.597 EVANIA FERREIRA DA SILVA SINTICLEPEMP
2025-05-02 12:54:59,866 - INFO - Thread 11476 - Sessão 1 - Verificando link com texto: 37.233.759 MARIA GENEROZA H SECUNDES SINTICLEPEMP
2025-05-02 12:54:59,867 - INFO - Thread 35288 - Sessão 2 - Verificando link com texto: 28141000021153611
2025-05-02 12:54:59,867 - INFO - Thread 11476 - Sessão 1 - Verificando link com texto: 28141000021651692
2025-05-02 12:54:59,867 - INFO - Thread 35288 - Sessão 2 - Verificando link com texto: 20/03/23
2025-05-02 12:54:59,867 - INFO - Thread 11476 - Sessão 1 - Verificando link com texto: 20/03/24
2025-05-02 12:54:59,867 - INFO - Thread 35288 - Sessão 2 - Verificando link com texto: 379,56
2025-05-02 12:54:59,867 - INFO - Thread 11476 - Sessão 1 - Verificando link com texto: 848,1
2025-05-02 12:54:59,868 - ERROR - Thread 35288 - Sessão 2 - Data de vencimento 20/05/25 não encontrada. Datas disponíveis: ['0CPDD', '44.537.597 EVANIA FERREIRA DA SILVA SINTICLEPEMP', '1010526365865', '20/04/25', '840,36', '0CPDD', '44.537.597 EVANIA FERREIRA DA SILVA SINTICLEPEMP', '1010517416100', '20/03/25', '840,36', '0CPDD', '44.537.597 EVANIA FERREIRA DA SILVA SINTICLEPEMP', '1010502973008', '20/02/25', '840,36', '0CPDD', '44.537.597 EVANIA FERREIRA DA SILVA SINTICLEPEMP', '1010492577407', '20/01/25', '840,36', '0CPDD', '44.537.597 EVANIA FERREIRA DA SILVA SINTICLEPEMP', '1010481536674', '20/12/24', '840,36', '0CPDD', '44.537.597 EVANIA FERREIRA DA SILVA SINTICLEPEMP', '1010468973136', '20/11/24', '840,36', '0CPDD', '44.537.597 EVANIA FERREIRA DA SILVA SINTICLEPEMP', '1010461020753', '20/10/24', '840,36', '0CPDD', '44.537.597 EVANIA FERREIRA DA SILVA SINTICLEPEMP', '1010447319305', '20/09/24', '840,36', '0CPDD', '44.537.597 EVANIA FERREIRA DA SILVA SINTICLEPEMP', '1010435254645', '20/08/24', '840,36', '0CPDD', '44.537.597 EVANIA FERREIRA DA SILVA SINTICLEPEMP', '1010425802801', '20/07/24', '840,36', '0CPDD', '44.537.597 EVANIA FERREIRA DA SILVA SINTICLEPEMP', '1010413641816', '20/06/24', '840,36', '0CPDD', '44.537.597 EVANIA FERREIRA DA SILVA SINTICLEPEMP', '1010402394405', '20/05/24', '894,8', '0CPDD', '44.537.597 EVANIA FERREIRA DA SILVA SINTICLEPEMP', '1010393542621', '20/04/24', '771', '0CPDD', '44.537.597 EVANIA FERREIRA DA SILVA SINTICLEPEMP', '1010380493481', '20/03/24', '771', '0CPDD', '44.537.597 EVANIA FERREIRA DA SILVA SINTICLEPEMP', '1010368370200', '20/02/24', '924,72', '0CPDD', '44.537.597 EVANIA FERREIRA DA SILVA SINTICLEPEMP', '1010360940555', '20/01/24', '771', '0CPDD', '44.537.597 EVANIA FERREIRA DA SILVA SINTICLEPEMP', '1010347715349', '20/12/23', '1119', '0CPDD', '44.537.597 EVANIA FERREIRA DA SILVA SINTICLEPEMP', '1010336992508', '20/11/23', '385,5', '0CPDD', '44.537.597 EVANIA FERREIRA DA SILVA SINTICLEPEMP', '1010326186835', '20/10/23', '385,5', '0CPDD', '44.537.597 EVANIA FERREIRA DA SILVA SINTICLEPEMP', '1010314586698', '20/09/23', '385,5', '0CPDD', '44.537.597 EVANIA FERREIRA DA SILVA SINTICLEPEMP', '1010304987894', '20/08/23', '385,5', '0CPDD', '44.537.597 EVANIA FERREIRA DA SILVA SINTICLEPEMP', '1010293090087', '20/07/23', '385,5', '0CPDD', '44.537.597 EVANIA FERREIRA DA SILVA SINTICLEPEMP', '1010282597096', '20/06/23', '385,5', '0CPDD', '44.537.597 EVANIA FERREIRA DA SILVA SINTICLEPEMP', '1010272478817', '20/05/23', '472,34', '0CPDD', '44.537.597 EVANIA FERREIRA DA SILVA SINTICLEPEMP', '1010262056650', '20/04/23', '344,2', '0CPDD', '44.537.597 EVANIA FERREIRA DA SILVA SINTICLEPEMP', '28141000021153611', '20/03/23', '379,56']
2025-05-02 12:54:59,868 - INFO - Thread 11476 - Sessão 1 - Verificando link com texto: 0DTY7
2025-05-02 12:54:59,868 - INFO - Thread 11476 - Sessão 1 - Verificando link com texto: 37.233.759 MARIA GENEROZA H SECUNDES SINTICLEPEMP
2025-05-02 12:54:59,868 - INFO - Thread 11476 - Sessão 1 - Verificando link com texto: 28141000021624463
2025-05-02 12:54:59,868 - INFO - Thread 11476 - Sessão 1 - Verificando link com texto: 20/02/24
2025-05-02 12:54:59,868 - INFO - Thread 11476 - Sessão 1 - Verificando link com texto: 1017,2
2025-05-02 12:54:59,868 - INFO - Thread 11476 - Sessão 1 - Verificando link com texto: 0DTY7
2025-05-02 12:54:59,868 - INFO - Thread 11476 - Sessão 1 - Verificando link com texto: 37.233.759 MARIA GENEROZA H SECUNDES SINTICLEPEMP
2025-05-02 12:54:59,869 - INFO - Thread 11476 - Sessão 1 - Verificando link com texto: 28141000021604275
2025-05-02 12:54:59,869 - INFO - Thread 11476 - Sessão 1 - Verificando link com texto: 20/01/24
2025-05-02 12:54:59,869 - INFO - Thread 31056 - Progresso: 2/3 (66%)
2025-05-02 12:54:59,869 - INFO - Thread 11476 - Sessão 1 - Verificando link com texto: 848,1
2025-05-02 12:54:59,869 - INFO - Thread 11476 - Sessão 1 - Verificando link com texto: 0DTY7
2025-05-02 12:54:59,869 - INFO - Thread 11476 - Sessão 1 - Verificando link com texto: 37.233.759 MARIA GENEROZA H SECUNDES SINTICLEPEMP
2025-05-02 12:54:59,869 - INFO - Thread 11476 - Sessão 1 - Verificando link com texto: 28141000021573441
2025-05-02 12:54:59,869 - INFO - Thread 11476 - Sessão 1 - Verificando link com texto: 20/12/23
2025-05-02 12:54:59,869 - INFO - Thread 11476 - Sessão 1 - Verificando link com texto: 848,1
2025-05-02 12:54:59,869 - INFO - Thread 11476 - Sessão 1 - Verificando link com texto: 0DTY7
2025-05-02 12:54:59,870 - INFO - Thread 11476 - Sessão 1 - Verificando link com texto: 37.233.759 MARIA GENEROZA H SECUNDES SINTICLEPEMP
2025-05-02 12:54:59,870 - INFO - Thread 11476 - Sessão 1 - Verificando link com texto: 28141000021545594
2025-05-02 12:54:59,870 - INFO - Thread 11476 - Sessão 1 - Verificando link com texto: 20/11/23
2025-05-02 12:54:59,870 - INFO - Thread 11476 - Sessão 1 - Verificando link com texto: 848,1
2025-05-02 12:54:59,870 - INFO - Thread 11476 - Sessão 1 - Verificando link com texto: 0DTY7
2025-05-02 12:54:59,870 - INFO - Thread 11476 - Sessão 1 - Verificando link com texto: 37.233.759 MARIA GENEROZA H SECUNDES SINTICLEPEMP
2025-05-02 12:54:59,870 - INFO - Thread 11476 - Sessão 1 - Verificando link com texto: 28141000021519067
2025-05-02 12:54:59,870 - INFO - Thread 11476 - Sessão 1 - Verificando link com texto: 20/10/23
2025-05-02 12:54:59,870 - INFO - Thread 11476 - Sessão 1 - Verificando link com texto: 848,1
2025-05-02 12:54:59,870 - INFO - Thread 11476 - Sessão 1 - Verificando link com texto: 0DTY7
2025-05-02 12:54:59,870 - INFO - Thread 11476 - Sessão 1 - Verificando link com texto: 37.233.759 MARIA GENEROZA H SECUNDES SINTICLEPEMP
2025-05-02 12:54:59,870 - INFO - Thread 11476 - Sessão 1 - Verificando link com texto: 28141000021488753
2025-05-02 12:54:59,870 - INFO - Thread 11476 - Sessão 1 - Verificando link com texto: 20/09/23
2025-05-02 12:54:59,871 - INFO - Thread 11476 - Sessão 1 - Verificando link com texto: 848,1
2025-05-02 12:54:59,871 - INFO - Thread 11476 - Sessão 1 - Verificando link com texto: 0DTY7
2025-05-02 12:54:59,871 - INFO - Thread 11476 - Sessão 1 - Verificando link com texto: 37.233.759 MARIA GENEROZA H SECUNDES SINTICLEPEMP
2025-05-02 12:54:59,871 - INFO - Thread 11476 - Sessão 1 - Verificando link com texto: 28141000021463491
2025-05-02 12:54:59,871 - INFO - Thread 11476 - Sessão 1 - Verificando link com texto: 20/08/23
2025-05-02 12:54:59,871 - INFO - Thread 11476 - Sessão 1 - Verificando link com texto: 848,1
2025-05-02 12:54:59,871 - INFO - Thread 11476 - Sessão 1 - Verificando link com texto: 0DTY7
2025-05-02 12:54:59,871 - INFO - Thread 11476 - Sessão 1 - Verificando link com texto: 37.233.759 MARIA GENEROZA H SECUNDES SINTICLEPEMP
2025-05-02 12:54:59,871 - INFO - Thread 11476 - Sessão 1 - Verificando link com texto: 28141000021434148
2025-05-02 12:54:59,871 - INFO - Thread 11476 - Sessão 1 - Verificando link com texto: 10/07/23
2025-05-02 12:54:59,871 - INFO - Thread 11476 - Sessão 1 - Verificando link com texto: 848,1
2025-05-02 12:54:59,871 - INFO - Thread 11476 - Sessão 1 - Verificando link com texto: 0DTY7
2025-05-02 12:54:59,871 - INFO - Thread 11476 - Sessão 1 - Verificando link com texto: 37.233.759 MARIA GENEROZA H SECUNDES SINTICLEPEMP
2025-05-02 12:54:59,871 - INFO - Thread 11476 - Sessão 1 - Verificando link com texto: 28141000021423401
2025-05-02 12:54:59,872 - INFO - Thread 11476 - Sessão 1 - Verificando link com texto: 10/06/23
2025-05-02 12:54:59,872 - INFO - Thread 11476 - Sessão 1 - Verificando link com texto: 927,3
2025-05-02 12:54:59,872 - ERROR - Thread 11476 - Sessão 1 - Data de vencimento 20/05/25 não encontrada. Datas disponíveis: ['0DTY7', '37.233.759 MARIA GENEROZA H SECUNDES SINTICLEPEMP', '28141000021976197', '20/04/25', '1134,5', '0DTY7', '37.233.759 MARIA GENEROZA H SECUNDES SINTICLEPEMP', '28141000021956316', '20/03/25', '1134,5', '0DTY7', '37.233.759 MARIA GENEROZA H SECUNDES SINTICLEPEMP', '28141000021930377', '20/02/25', '1317,15', '0DTY7', '37.233.759 MARIA GENEROZA H SECUNDES SINTICLEPEMP', '28141000021908626', '20/01/25', '924,41', '0DTY7', '37.233.759 MARIA GENEROZA H SECUNDES SINTICLEPEMP', '28141000021887251', '20/12/24', '924,41', '0DTY7', '37.233.759 MARIA GENEROZA H SECUNDES SINTICLEPEMP', '28141000021864258', '20/11/24', '924,41', '0DTY7', '37.233.759 MARIA GENEROZA H SECUNDES SINTICLEPEMP', '28141000021842190', '20/10/24', '924,41', '0DTY7', '37.233.759 MARIA GENEROZA H SECUNDES SINTICLEPEMP', '28141000021814795', '20/09/24', '924,41', '0DTY7', '37.233.759 MARIA GENEROZA H SECUNDES SINTICLEPEMP', '28141000021787832', '20/08/24', '924,41', '0DTY7', '37.233.759 MARIA GENEROZA H SECUNDES SINTICLEPEMP', '28141000021761826', '20/07/24', '924,41', '0DTY7', '37.233.759 MARIA GENEROZA H SECUNDES SINTICLEPEMP', '28141000021732486', '20/06/24', '924,41', '0DTY7', '37.233.759 MARIA GENEROZA H SECUNDES SINTICLEPEMP', '28141000021704712', '20/05/24', '984,3', '0DTY7', '37.233.759 MARIA GENEROZA H SECUNDES SINTICLEPEMP', '28141000021679898', '20/04/24', '848,1', '0DTY7', '37.233.759 MARIA GENEROZA H SECUNDES SINTICLEPEMP', '28141000021651692', '20/03/24', '848,1', '0DTY7', '37.233.759 MARIA GENEROZA H SECUNDES SINTICLEPEMP', '28141000021624463', '20/02/24', '1017,2', '0DTY7', '37.233.759 MARIA GENEROZA H SECUNDES SINTICLEPEMP', '28141000021604275', '20/01/24', '848,1', '0DTY7', '37.233.759 MARIA GENEROZA H SECUNDES SINTICLEPEMP', '28141000021573441', '20/12/23', '848,1', '0DTY7', '37.233.759 MARIA GENEROZA H SECUNDES SINTICLEPEMP', '28141000021545594', '20/11/23', '848,1', '0DTY7', '37.233.759 MARIA GENEROZA H SECUNDES SINTICLEPEMP', '28141000021519067', '20/10/23', '848,1', '0DTY7', '37.233.759 MARIA GENEROZA H SECUNDES SINTICLEPEMP', '28141000021488753', '20/09/23', '848,1', '0DTY7', '37.233.759 MARIA GENEROZA H SECUNDES SINTICLEPEMP', '28141000021463491', '20/08/23', '848,1', '0DTY7', '37.233.759 MARIA GENEROZA H SECUNDES SINTICLEPEMP', '28141000021434148', '10/07/23', '848,1', '0DTY7', '37.233.759 MARIA GENEROZA H SECUNDES SINTICLEPEMP', '28141000021423401', '10/06/23', '927,3']
2025-05-02 12:54:59,872 - INFO - Thread 31056 - Progresso: 3/3 (100%)
2025-05-02 12:54:59,888 - DEBUG - Thread 15620 - https://webhap.hapvida.com.br:443 "GET /pls/webhap/pk_nota_fiscal.listaNotasFiscais?pNoCache=1202552501&pIdSessao=55021205012516599191 HTTP/11" 200 None
2025-05-02 12:54:59,889 - INFO - Thread 15620 - Sessão 1 - Status do login: 200, URL: https://webhap.hapvida.com.br/pls/webhap/pk_nota_fiscal.listaNotasFiscais?pNoCache=1202552501&pIdSessao=55021205012516599191
2025-05-02 12:54:59,889 - INFO - Thread 15620 - Sessão 1 - Cookies após login: {}
2025-05-02 12:54:59,889 - INFO - Thread 15620 - Sessão 1 - Login bem-sucedido para empresa 0DTY7
2025-05-02 12:54:59,907 - INFO - Thread 15620 - Sessão 1 - pIdSessao extraído: 55021205012516599191
2025-05-02 12:54:59,909 - DEBUG - Thread 25532 - https://webhap.hapvida.com.br:443 "GET /pls/webhap/pk_nota_fiscal.listaNotasFiscais?pIdSessao=55021205002516599174 HTTP/11" 200 None
2025-05-02 12:54:59,909 - INFO - Thread 25532 - Sessão 3 - Status da requisição: 200, URL final: https://webhap.hapvida.com.br/pls/webhap/pk_nota_fiscal.listaNotasFiscais?pIdSessao=55021205002516599174
2025-05-02 12:54:59,909 - DEBUG - Thread 25532 - Sessão 3 - Primeiros 500 caracteres do HTML: 
    <head>
    <meta http-equiv="Content-Type" content="text/html; charset=utf-8" />
    <meta name="viewport" content="width=device-width, initial-scale=1.0">
    <title>Hapvida - Plano de Saúde</title>
    <link href="/hapvida/hapvida_avanz/sistema/css/simple-line-icons.css" rel="stylesheet" type="text/css" />
    <link href="/hapvida/hapvida_avanz/sistema/css/stlhapvida.css" rel="stylesheet" type="text/css" />
    <link href="/hapvida/hapvida_avanz/sistema/css/style-ie.css" rel="stylesheet" 
2025-05-02 12:54:59,915 - INFO - Thread 31056 - Status atualizados no Excel com sucesso
2025-05-02 12:54:59,915 - INFO - Thread 31056 - Extração de notas fiscais concluída
2025-05-02 12:54:59,917 - INFO - Thread 31056 - Sessão 1 fechada com sucesso
2025-05-02 12:54:59,918 - INFO - Thread 31056 - Sessão 2 fechada com sucesso
2025-05-02 12:54:59,920 - INFO - Thread 31056 - Sessão 3 fechada com sucesso
2025-05-02 12:54:59,920 - INFO - Thread 31056 - Sessão 4 fechada com sucesso
2025-05-02 12:54:59,920 - INFO - Thread 31056 - Sessão 5 fechada com sucesso
2025-05-02 12:54:59,920 - INFO - Thread 31056 - Sessão 6 fechada com sucesso
2025-05-02 12:54:59,920 - INFO - Thread 31056 - Sessão 7 fechada com sucesso
2025-05-02 12:54:59,920 - INFO - Thread 31056 - Sessão 8 fechada com sucesso
2025-05-02 12:54:59,920 - INFO - Thread 31056 - Extração de notas fiscais concluída. 6 notas geradas.
2025-05-02 12:54:59,927 - INFO - Thread 25532 - Sessão 3 - Buscando data de vencimento: 20/05/25
2025-05-02 12:54:59,928 - INFO - Thread 25532 - Sessão 3 - Verificando link com texto: 0CIX1
2025-05-02 12:54:59,928 - INFO - Thread 25532 - Sessão 3 - Verificando link com texto: 49.086.988 LUAN DE SOUSA FREIRE SINTICLEPEMP
2025-05-02 12:54:59,928 - INFO - Thread 25532 - Sessão 3 - Verificando link com texto: 1010526363579
2025-05-02 12:54:59,928 - INFO - Thread 25532 - Sessão 3 - Verificando link com texto: 20/04/25
2025-05-02 12:54:59,928 - INFO - Thread 25532 - Sessão 3 - Verificando link com texto: 1470,63
2025-05-02 12:54:59,928 - INFO - Thread 25532 - Sessão 3 - Verificando link com texto: 0CIX1
2025-05-02 12:54:59,928 - INFO - Thread 25532 - Sessão 3 - Verificando link com texto: 49.086.988 LUAN DE SOUSA FREIRE SINTICLEPEMP
2025-05-02 12:54:59,928 - INFO - Thread 25532 - Sessão 3 - Verificando link com texto: 1010517414018
2025-05-02 12:54:59,928 - INFO - Thread 25532 - Sessão 3 - Verificando link com texto: 20/03/25
2025-05-02 12:54:59,928 - INFO - Thread 25532 - Sessão 3 - Verificando link com texto: 1470,63
2025-05-02 12:54:59,928 - INFO - Thread 25532 - Sessão 3 - Verificando link com texto: 0CIX1
2025-05-02 12:54:59,929 - DEBUG - Thread 3300 - https://webhap.hapvida.com.br:443 "GET /pls/webhap/pk_nota_fiscal.listaNotasFiscais?pNoCache=1202552501&pIdSessao=55021205012516599142 HTTP/11" 200 None
2025-05-02 12:54:59,929 - INFO - Thread 25532 - Sessão 3 - Verificando link com texto: 49.086.988 LUAN DE SOUSA FREIRE SINTICLEPEMP
2025-05-02 12:54:59,929 - INFO - Thread 25532 - Sessão 3 - Verificando link com texto: 1010502970726
2025-05-02 12:54:59,929 - INFO - Thread 25532 - Sessão 3 - Verificando link com texto: 20/02/25
2025-05-02 12:54:59,930 - INFO - Thread 25532 - Sessão 3 - Verificando link com texto: 1470,63
2025-05-02 12:54:59,930 - INFO - Thread 25532 - Sessão 3 - Verificando link com texto: 0CIX1
2025-05-02 12:54:59,930 - INFO - Thread 25532 - Sessão 3 - Verificando link com texto: 49.086.988 LUAN DE SOUSA FREIRE SINTICLEPEMP
2025-05-02 12:54:59,930 - INFO - Thread 25532 - Sessão 3 - Verificando link com texto: 1010492575129
2025-05-02 12:54:59,930 - INFO - Thread 25532 - Sessão 3 - Verificando link com texto: 20/01/25
2025-05-02 12:54:59,930 - INFO - Thread 25532 - Sessão 3 - Verificando link com texto: 1470,63
2025-05-02 12:54:59,930 - INFO - Thread 3300 - Sessão 2 - Status do login: 200, URL: https://webhap.hapvida.com.br/pls/webhap/pk_nota_fiscal.listaNotasFiscais?pNoCache=1202552501&pIdSessao=55021205012516599142
2025-05-02 12:54:59,931 - INFO - Thread 25532 - Sessão 3 - Verificando link com texto: 0CIX1
2025-05-02 12:54:59,931 - INFO - Thread 3300 - Sessão 2 - Cookies após login: {}
2025-05-02 12:54:59,931 - INFO - Thread 25532 - Sessão 3 - Verificando link com texto: 49.086.988 LUAN DE SOUSA FREIRE SINTICLEPEMP
2025-05-02 12:54:59,931 - INFO - Thread 3300 - Sessão 2 - Login bem-sucedido para empresa 0CPDD
2025-05-02 12:54:59,931 - INFO - Thread 25532 - Sessão 3 - Verificando link com texto: 1010481534388
2025-05-02 12:54:59,949 - INFO - Thread 3300 - Sessão 2 - pIdSessao extraído: 55021205012516599142
2025-05-02 12:54:59,949 - INFO - Thread 25532 - Sessão 3 - Verificando link com texto: 20/12/24
2025-05-02 12:54:59,950 - INFO - Thread 25532 - Sessão 3 - Verificando link com texto: 1470,63
2025-05-02 12:54:59,950 - INFO - Thread 25532 - Sessão 3 - Verificando link com texto: 0CIX1
2025-05-02 12:54:59,950 - INFO - Thread 25532 - Sessão 3 - Verificando link com texto: 49.086.988 LUAN DE SOUSA FREIRE SINTICLEPEMP
2025-05-02 12:54:59,950 - INFO - Thread 25532 - Sessão 3 - Verificando link com texto: 1010468970790
2025-05-02 12:54:59,950 - INFO - Thread 25532 - Sessão 3 - Verificando link com texto: 20/11/24
2025-05-02 12:54:59,950 - INFO - Thread 25532 - Sessão 3 - Verificando link com texto: 1470,63
2025-05-02 12:54:59,950 - INFO - Thread 25532 - Sessão 3 - Verificando link com texto: 0CIX1
2025-05-02 12:54:59,950 - INFO - Thread 25532 - Sessão 3 - Verificando link com texto: 49.086.988 LUAN DE SOUSA FREIRE SINTICLEPEMP
2025-05-02 12:54:59,950 - INFO - Thread 25532 - Sessão 3 - Verificando link com texto: 1010461018392
2025-05-02 12:54:59,950 - INFO - Thread 25532 - Sessão 3 - Verificando link com texto: 20/10/24
2025-05-02 12:54:59,950 - INFO - Thread 25532 - Sessão 3 - Verificando link com texto: 1470,63
2025-05-02 12:54:59,951 - INFO - Thread 25532 - Sessão 3 - Verificando link com texto: 0CIX1
2025-05-02 12:54:59,951 - INFO - Thread 25532 - Sessão 3 - Verificando link com texto: 49.086.988 LUAN DE SOUSA FREIRE SINTICLEPEMP
2025-05-02 12:54:59,951 - INFO - Thread 25532 - Sessão 3 - Verificando link com texto: 1010447316861
2025-05-02 12:54:59,952 - INFO - Thread 25532 - Sessão 3 - Verificando link com texto: 20/09/24
2025-05-02 12:54:59,952 - INFO - Thread 25532 - Sessão 3 - Verificando link com texto: 1470,63
2025-05-02 12:54:59,952 - INFO - Thread 25532 - Sessão 3 - Verificando link com texto: 0CIX1
2025-05-02 12:54:59,952 - INFO - Thread 25532 - Sessão 3 - Verificando link com texto: 49.086.988 LUAN DE SOUSA FREIRE SINTICLEPEMP
2025-05-02 12:54:59,952 - INFO - Thread 25532 - Sessão 3 - Verificando link com texto: 1010435252200
2025-05-02 12:54:59,952 - INFO - Thread 25532 - Sessão 3 - Verificando link com texto: 20/08/24
2025-05-02 12:54:59,952 - INFO - Thread 25532 - Sessão 3 - Verificando link com texto: 1470,63
2025-05-02 12:54:59,953 - INFO - Thread 25532 - Sessão 3 - Verificando link com texto: 0CIX1
2025-05-02 12:54:59,953 - INFO - Thread 25532 - Sessão 3 - Verificando link com texto: 49.086.988 LUAN DE SOUSA FREIRE SINTICLEPEMP
2025-05-02 12:54:59,953 - INFO - Thread 25532 - Sessão 3 - Verificando link com texto: 1010425800329
2025-05-02 12:54:59,953 - INFO - Thread 25532 - Sessão 3 - Verificando link com texto: 20/07/24
2025-05-02 12:54:59,953 - INFO - Thread 25532 - Sessão 3 - Verificando link com texto: 1470,63
2025-05-02 12:54:59,953 - INFO - Thread 25532 - Sessão 3 - Verificando link com texto: 0CIX1
2025-05-02 12:54:59,954 - INFO - Thread 25532 - Sessão 3 - Verificando link com texto: 49.086.988 LUAN DE SOUSA FREIRE SINTICLEPEMP
2025-05-02 12:54:59,954 - INFO - Thread 25532 - Sessão 3 - Verificando link com texto: 1010413639420
2025-05-02 12:54:59,954 - INFO - Thread 25532 - Sessão 3 - Verificando link com texto: 20/06/24
2025-05-02 12:54:59,954 - INFO - Thread 25532 - Sessão 3 - Verificando link com texto: 1470,63
2025-05-02 12:54:59,954 - INFO - Thread 25532 - Sessão 3 - Verificando link com texto: 0CIX1
2025-05-02 12:54:59,954 - INFO - Thread 25532 - Sessão 3 - Verificando link com texto: 49.086.988 LUAN DE SOUSA FREIRE SINTICLEPEMP
2025-05-02 12:54:59,954 - INFO - Thread 25532 - Sessão 3 - Verificando link com texto: 1010402391970
2025-05-02 12:54:59,954 - INFO - Thread 25532 - Sessão 3 - Verificando link com texto: 20/05/24
2025-05-02 12:54:59,954 - INFO - Thread 25532 - Sessão 3 - Verificando link com texto: 1565,9
2025-05-02 12:54:59,955 - INFO - Thread 25532 - Sessão 3 - Verificando link com texto: 0CIX1
2025-05-02 12:54:59,955 - INFO - Thread 25532 - Sessão 3 - Verificando link com texto: 49.086.988 LUAN DE SOUSA FREIRE SINTICLEPEMP
2025-05-02 12:54:59,955 - INFO - Thread 25532 - Sessão 3 - Verificando link com texto: 1010393540041
2025-05-02 12:54:59,955 - INFO - Thread 25532 - Sessão 3 - Verificando link com texto: 20/04/24
2025-05-02 12:54:59,955 - INFO - Thread 25532 - Sessão 3 - Verificando link com texto: 1349,25
2025-05-02 12:54:59,955 - INFO - Thread 25532 - Sessão 3 - Verificando link com texto: 0CIX1
2025-05-02 12:54:59,955 - INFO - Thread 25532 - Sessão 3 - Verificando link com texto: 49.086.988 LUAN DE SOUSA FREIRE SINTICLEPEMP
2025-05-02 12:54:59,955 - INFO - Thread 25532 - Sessão 3 - Verificando link com texto: 1010380490717
2025-05-02 12:54:59,955 - INFO - Thread 25532 - Sessão 3 - Verificando link com texto: 20/03/24
2025-05-02 12:54:59,955 - INFO - Thread 25532 - Sessão 3 - Verificando link com texto: 1349,25
2025-05-02 12:54:59,955 - INFO - Thread 25532 - Sessão 3 - Verificando link com texto: 0CIX1
2025-05-02 12:54:59,956 - INFO - Thread 25532 - Sessão 3 - Verificando link com texto: 49.086.988 LUAN DE SOUSA FREIRE SINTICLEPEMP
2025-05-02 12:54:59,956 - INFO - Thread 25532 - Sessão 3 - Verificando link com texto: 1010368367099
2025-05-02 12:54:59,956 - INFO - Thread 25532 - Sessão 3 - Verificando link com texto: 20/02/24
2025-05-02 12:54:59,956 - INFO - Thread 25532 - Sessão 3 - Verificando link com texto: 1618,26
2025-05-02 12:54:59,956 - INFO - Thread 25532 - Sessão 3 - Verificando link com texto: 0CIX1
2025-05-02 12:54:59,956 - INFO - Thread 25532 - Sessão 3 - Verificando link com texto: 49.086.988 LUAN DE SOUSA FREIRE SINTICLEPEMP
2025-05-02 12:54:59,956 - INFO - Thread 25532 - Sessão 3 - Verificando link com texto: 1010360937376
2025-05-02 12:54:59,956 - INFO - Thread 25532 - Sessão 3 - Verificando link com texto: 20/01/24
2025-05-02 12:54:59,956 - INFO - Thread 25532 - Sessão 3 - Verificando link com texto: 1349,25
2025-05-02 12:54:59,956 - INFO - Thread 25532 - Sessão 3 - Verificando link com texto: 0CIX1
2025-05-02 12:54:59,956 - INFO - Thread 25532 - Sessão 3 - Verificando link com texto: 49.086.988 LUAN DE SOUSA FREIRE SINTICLEPEMP
2025-05-02 12:54:59,956 - INFO - Thread 25532 - Sessão 3 - Verificando link com texto: 1010347712110
2025-05-02 12:54:59,956 - INFO - Thread 25532 - Sessão 3 - Verificando link com texto: 20/12/23
2025-05-02 12:54:59,956 - INFO - Thread 25532 - Sessão 3 - Verificando link com texto: 1349,25
2025-05-02 12:54:59,957 - INFO - Thread 25532 - Sessão 3 - Verificando link com texto: 0CIX1
2025-05-02 12:54:59,957 - INFO - Thread 25532 - Sessão 3 - Verificando link com texto: 49.086.988 LUAN DE SOUSA FREIRE SINTICLEPEMP
2025-05-02 12:54:59,957 - INFO - Thread 25532 - Sessão 3 - Verificando link com texto: 1010336989175
2025-05-02 12:54:59,957 - INFO - Thread 25532 - Sessão 3 - Verificando link com texto: 20/11/23
2025-05-02 12:54:59,957 - INFO - Thread 25532 - Sessão 3 - Verificando link com texto: 1349,25
2025-05-02 12:54:59,957 - INFO - Thread 25532 - Sessão 3 - Verificando link com texto: 0CIX1
2025-05-02 12:54:59,957 - INFO - Thread 25532 - Sessão 3 - Verificando link com texto: 49.086.988 LUAN DE SOUSA FREIRE SINTICLEPEMP
2025-05-02 12:54:59,957 - INFO - Thread 25532 - Sessão 3 - Verificando link com texto: 1010326183488
2025-05-02 12:54:59,957 - INFO - Thread 25532 - Sessão 3 - Verificando link com texto: 20/10/23
2025-05-02 12:54:59,957 - INFO - Thread 25532 - Sessão 3 - Verificando link com texto: 2199,45
2025-05-02 12:54:59,957 - INFO - Thread 25532 - Sessão 3 - Verificando link com texto: 0CIX1
2025-05-02 12:54:59,957 - INFO - Thread 25532 - Sessão 3 - Verificando link com texto: 49.086.988 LUAN DE SOUSA FREIRE SINTICLEPEMP
2025-05-02 12:54:59,957 - INFO - Thread 25532 - Sessão 3 - Verificando link com texto: 1010314583281
2025-05-02 12:54:59,957 - INFO - Thread 25532 - Sessão 3 - Verificando link com texto: 20/09/23
2025-05-02 12:54:59,957 - INFO - Thread 25532 - Sessão 3 - Verificando link com texto: 578,25
2025-05-02 12:54:59,957 - INFO - Thread 25532 - Sessão 3 - Verificando link com texto: 0CIX1
2025-05-02 12:54:59,958 - INFO - Thread 25532 - Sessão 3 - Verificando link com texto: 49.086.988 LUAN DE SOUSA FREIRE SINTICLEPEMP
2025-05-02 12:54:59,958 - INFO - Thread 25532 - Sessão 3 - Verificando link com texto: 1010304984364
2025-05-02 12:54:59,958 - INFO - Thread 25532 - Sessão 3 - Verificando link com texto: 20/08/23
2025-05-02 12:54:59,958 - INFO - Thread 25532 - Sessão 3 - Verificando link com texto: 578,25
2025-05-02 12:54:59,958 - INFO - Thread 25532 - Sessão 3 - Verificando link com texto: 0CIX1
2025-05-02 12:54:59,958 - INFO - Thread 25532 - Sessão 3 - Verificando link com texto: 49.086.988 LUAN DE SOUSA FREIRE SINTICLEPEMP
2025-05-02 12:54:59,958 - INFO - Thread 25532 - Sessão 3 - Verificando link com texto: 1010293086403
2025-05-02 12:54:59,958 - INFO - Thread 25532 - Sessão 3 - Verificando link com texto: 20/07/23
2025-05-02 12:54:59,958 - INFO - Thread 25532 - Sessão 3 - Verificando link com texto: 578,25
2025-05-02 12:54:59,958 - INFO - Thread 25532 - Sessão 3 - Verificando link com texto: 0CIX1
2025-05-02 12:54:59,958 - INFO - Thread 25532 - Sessão 3 - Verificando link com texto: 49.086.988 LUAN DE SOUSA FREIRE SINTICLEPEMP
2025-05-02 12:54:59,958 - INFO - Thread 25532 - Sessão 3 - Verificando link com texto: 1010282593325
2025-05-02 12:54:59,958 - INFO - Thread 25532 - Sessão 3 - Verificando link com texto: 20/06/23
2025-05-02 12:54:59,958 - INFO - Thread 25532 - Sessão 3 - Verificando link com texto: 578,25
2025-05-02 12:54:59,958 - INFO - Thread 25532 - Sessão 3 - Verificando link com texto: 0CIX1
2025-05-02 12:54:59,959 - INFO - Thread 25532 - Sessão 3 - Verificando link com texto: 49.086.988 LUAN DE SOUSA FREIRE SINTICLEPEMP
2025-05-02 12:54:59,959 - INFO - Thread 25532 - Sessão 3 - Verificando link com texto: 1010272474935
2025-05-02 12:54:59,959 - INFO - Thread 25532 - Sessão 3 - Verificando link com texto: 20/05/23
2025-05-02 12:54:59,959 - INFO - Thread 25532 - Sessão 3 - Verificando link com texto: 729,18
2025-05-02 12:54:59,959 - INFO - Thread 25532 - Sessão 3 - Verificando link com texto: 0CIX1
2025-05-02 12:54:59,959 - INFO - Thread 25532 - Sessão 3 - Verificando link com texto: 49.086.988 LUAN DE SOUSA FREIRE SINTICLEPEMP
2025-05-02 12:54:59,959 - INFO - Thread 25532 - Sessão 3 - Verificando link com texto: 1010262052990
2025-05-02 12:54:59,959 - INFO - Thread 25532 - Sessão 3 - Verificando link com texto: 20/04/23
2025-05-02 12:54:59,959 - INFO - Thread 25532 - Sessão 3 - Verificando link com texto: 614,29
2025-05-02 12:54:59,959 - INFO - Thread 25532 - Sessão 3 - Verificando link com texto: 0CIX1
2025-05-02 12:54:59,959 - INFO - Thread 25532 - Sessão 3 - Verificando link com texto: 49.086.988 LUAN DE SOUSA FREIRE SINTICLEPEMP
2025-05-02 12:54:59,959 - INFO - Thread 25532 - Sessão 3 - Verificando link com texto: 28141000020799519
2025-05-02 12:54:59,959 - INFO - Thread 25532 - Sessão 3 - Verificando link com texto: 20/03/23
2025-05-02 12:54:59,959 - INFO - Thread 25532 - Sessão 3 - Verificando link com texto: 643,44
2025-05-02 12:54:59,960 - ERROR - Thread 25532 - Sessão 3 - Data de vencimento 20/05/25 não encontrada. Datas disponíveis: ['0CIX1', '49.086.988 LUAN DE SOUSA FREIRE SINTICLEPEMP', '1010526363579', '20/04/25', '1470,63', '0CIX1', '49.086.988 LUAN DE SOUSA FREIRE SINTICLEPEMP', '1010517414018', '20/03/25', '1470,63', '0CIX1', '49.086.988 LUAN DE SOUSA FREIRE SINTICLEPEMP', '1010502970726', '20/02/25', '1470,63', '0CIX1', '49.086.988 LUAN DE SOUSA FREIRE SINTICLEPEMP', '1010492575129', '20/01/25', '1470,63', '0CIX1', '49.086.988 LUAN DE SOUSA FREIRE SINTICLEPEMP', '1010481534388', '20/12/24', '1470,63', '0CIX1', '49.086.988 LUAN DE SOUSA FREIRE SINTICLEPEMP', '1010468970790', '20/11/24', '1470,63', '0CIX1', '49.086.988 LUAN DE SOUSA FREIRE SINTICLEPEMP', '1010461018392', '20/10/24', '1470,63', '0CIX1', '49.086.988 LUAN DE SOUSA FREIRE SINTICLEPEMP', '1010447316861', '20/09/24', '1470,63', '0CIX1', '49.086.988 LUAN DE SOUSA FREIRE SINTICLEPEMP', '1010435252200', '20/08/24', '1470,63', '0CIX1', '49.086.988 LUAN DE SOUSA FREIRE SINTICLEPEMP', '1010425800329', '20/07/24', '1470,63', '0CIX1', '49.086.988 LUAN DE SOUSA FREIRE SINTICLEPEMP', '1010413639420', '20/06/24', '1470,63', '0CIX1', '49.086.988 LUAN DE SOUSA FREIRE SINTICLEPEMP', '1010402391970', '20/05/24', '1565,9', '0CIX1', '49.086.988 LUAN DE SOUSA FREIRE SINTICLEPEMP', '1010393540041', '20/04/24', '1349,25', '0CIX1', '49.086.988 LUAN DE SOUSA FREIRE SINTICLEPEMP', '1010380490717', '20/03/24', '1349,25', '0CIX1', '49.086.988 LUAN DE SOUSA FREIRE SINTICLEPEMP', '1010368367099', '20/02/24', '1618,26', '0CIX1', '49.086.988 LUAN DE SOUSA FREIRE SINTICLEPEMP', '1010360937376', '20/01/24', '1349,25', '0CIX1', '49.086.988 LUAN DE SOUSA FREIRE SINTICLEPEMP', '1010347712110', '20/12/23', '1349,25', '0CIX1', '49.086.988 LUAN DE SOUSA FREIRE SINTICLEPEMP', '1010336989175', '20/11/23', '1349,25', '0CIX1', '49.086.988 LUAN DE SOUSA FREIRE SINTICLEPEMP', '1010326183488', '20/10/23', '2199,45', '0CIX1', '49.086.988 LUAN DE SOUSA FREIRE SINTICLEPEMP', '1010314583281', '20/09/23', '578,25', '0CIX1', '49.086.988 LUAN DE SOUSA FREIRE SINTICLEPEMP', '1010304984364', '20/08/23', '578,25', '0CIX1', '49.086.988 LUAN DE SOUSA FREIRE SINTICLEPEMP', '1010293086403', '20/07/23', '578,25', '0CIX1', '49.086.988 LUAN DE SOUSA FREIRE SINTICLEPEMP', '1010282593325', '20/06/23', '578,25', '0CIX1', '49.086.988 LUAN DE SOUSA FREIRE SINTICLEPEMP', '1010272474935', '20/05/23', '729,18', '0CIX1', '49.086.988 LUAN DE SOUSA FREIRE SINTICLEPEMP', '1010262052990', '20/04/23', '614,29', '0CIX1', '49.086.988 LUAN DE SOUSA FREIRE SINTICLEPEMP', '28141000020799519', '20/03/23', '643,44']
2025-05-02 12:54:59,960 - INFO - Thread 34132 - Progresso: 1/3 (33%)
2025-05-02 12:55:00,012 - DEBUG - Thread 15620 - https://webhap.hapvida.com.br:443 "GET /pls/webhap/pk_nota_fiscal.listaNotasFiscais?pIdSessao=55021205012516599191 HTTP/11" 200 None
2025-05-02 12:55:00,012 - INFO - Thread 15620 - Sessão 1 - Status da requisição: 200, URL final: https://webhap.hapvida.com.br/pls/webhap/pk_nota_fiscal.listaNotasFiscais?pIdSessao=55021205012516599191
2025-05-02 12:55:00,012 - DEBUG - Thread 15620 - Sessão 1 - Primeiros 500 caracteres do HTML: 
    <head>
    <meta http-equiv="Content-Type" content="text/html; charset=utf-8" />
    <meta name="viewport" content="width=device-width, initial-scale=1.0">
    <title>Hapvida - Plano de Saúde</title>
    <link href="/hapvida/hapvida_avanz/sistema/css/simple-line-icons.css" rel="stylesheet" type="text/css" />
    <link href="/hapvida/hapvida_avanz/sistema/css/stlhapvida.css" rel="stylesheet" type="text/css" />
    <link href="/hapvida/hapvida_avanz/sistema/css/style-ie.css" rel="stylesheet" 
2025-05-02 12:55:00,028 - INFO - Thread 15620 - Sessão 1 - Buscando data de vencimento: 20/05/25
2025-05-02 12:55:00,029 - INFO - Thread 15620 - Sessão 1 - Verificando link com texto: 0DTY7
2025-05-02 12:55:00,029 - INFO - Thread 15620 - Sessão 1 - Verificando link com texto: 37.233.759 MARIA GENEROZA H SECUNDES SINTICLEPEMP
2025-05-02 12:55:00,029 - INFO - Thread 15620 - Sessão 1 - Verificando link com texto: 28141000021976197
2025-05-02 12:55:00,029 - INFO - Thread 15620 - Sessão 1 - Verificando link com texto: 20/04/25
2025-05-02 12:55:00,029 - INFO - Thread 15620 - Sessão 1 - Verificando link com texto: 1134,5
2025-05-02 12:55:00,029 - INFO - Thread 15620 - Sessão 1 - Verificando link com texto: 0DTY7
2025-05-02 12:55:00,029 - INFO - Thread 15620 - Sessão 1 - Verificando link com texto: 37.233.759 MARIA GENEROZA H SECUNDES SINTICLEPEMP
2025-05-02 12:55:00,029 - INFO - Thread 15620 - Sessão 1 - Verificando link com texto: 28141000021956316
2025-05-02 12:55:00,029 - INFO - Thread 15620 - Sessão 1 - Verificando link com texto: 20/03/25
2025-05-02 12:55:00,029 - INFO - Thread 15620 - Sessão 1 - Verificando link com texto: 1134,5
2025-05-02 12:55:00,029 - INFO - Thread 15620 - Sessão 1 - Verificando link com texto: 0DTY7
2025-05-02 12:55:00,030 - INFO - Thread 15620 - Sessão 1 - Verificando link com texto: 37.233.759 MARIA GENEROZA H SECUNDES SINTICLEPEMP
2025-05-02 12:55:00,030 - INFO - Thread 15620 - Sessão 1 - Verificando link com texto: 28141000021930377
2025-05-02 12:55:00,030 - INFO - Thread 15620 - Sessão 1 - Verificando link com texto: 20/02/25
2025-05-02 12:55:00,030 - INFO - Thread 15620 - Sessão 1 - Verificando link com texto: 1317,15
2025-05-02 12:55:00,030 - INFO - Thread 15620 - Sessão 1 - Verificando link com texto: 0DTY7
2025-05-02 12:55:00,030 - INFO - Thread 15620 - Sessão 1 - Verificando link com texto: 37.233.759 MARIA GENEROZA H SECUNDES SINTICLEPEMP
2025-05-02 12:55:00,030 - INFO - Thread 15620 - Sessão 1 - Verificando link com texto: 28141000021908626
2025-05-02 12:55:00,030 - INFO - Thread 15620 - Sessão 1 - Verificando link com texto: 20/01/25
2025-05-02 12:55:00,030 - INFO - Thread 15620 - Sessão 1 - Verificando link com texto: 924,41
2025-05-02 12:55:00,030 - INFO - Thread 15620 - Sessão 1 - Verificando link com texto: 0DTY7
2025-05-02 12:55:00,030 - INFO - Thread 15620 - Sessão 1 - Verificando link com texto: 37.233.759 MARIA GENEROZA H SECUNDES SINTICLEPEMP
2025-05-02 12:55:00,030 - INFO - Thread 15620 - Sessão 1 - Verificando link com texto: 28141000021887251
2025-05-02 12:55:00,030 - INFO - Thread 15620 - Sessão 1 - Verificando link com texto: 20/12/24
2025-05-02 12:55:00,030 - INFO - Thread 15620 - Sessão 1 - Verificando link com texto: 924,41
2025-05-02 12:55:00,031 - INFO - Thread 15620 - Sessão 1 - Verificando link com texto: 0DTY7
2025-05-02 12:55:00,031 - INFO - Thread 15620 - Sessão 1 - Verificando link com texto: 37.233.759 MARIA GENEROZA H SECUNDES SINTICLEPEMP
2025-05-02 12:55:00,031 - INFO - Thread 15620 - Sessão 1 - Verificando link com texto: 28141000021864258
2025-05-02 12:55:00,031 - INFO - Thread 15620 - Sessão 1 - Verificando link com texto: 20/11/24
2025-05-02 12:55:00,031 - INFO - Thread 15620 - Sessão 1 - Verificando link com texto: 924,41
2025-05-02 12:55:00,031 - INFO - Thread 15620 - Sessão 1 - Verificando link com texto: 0DTY7
2025-05-02 12:55:00,031 - INFO - Thread 15620 - Sessão 1 - Verificando link com texto: 37.233.759 MARIA GENEROZA H SECUNDES SINTICLEPEMP
2025-05-02 12:55:00,031 - INFO - Thread 15620 - Sessão 1 - Verificando link com texto: 28141000021842190
2025-05-02 12:55:00,031 - INFO - Thread 15620 - Sessão 1 - Verificando link com texto: 20/10/24
2025-05-02 12:55:00,031 - INFO - Thread 15620 - Sessão 1 - Verificando link com texto: 924,41
2025-05-02 12:55:00,031 - INFO - Thread 15620 - Sessão 1 - Verificando link com texto: 0DTY7
2025-05-02 12:55:00,031 - INFO - Thread 15620 - Sessão 1 - Verificando link com texto: 37.233.759 MARIA GENEROZA H SECUNDES SINTICLEPEMP
2025-05-02 12:55:00,031 - INFO - Thread 15620 - Sessão 1 - Verificando link com texto: 28141000021814795
2025-05-02 12:55:00,031 - INFO - Thread 15620 - Sessão 1 - Verificando link com texto: 20/09/24
2025-05-02 12:55:00,031 - INFO - Thread 15620 - Sessão 1 - Verificando link com texto: 924,41
2025-05-02 12:55:00,032 - INFO - Thread 15620 - Sessão 1 - Verificando link com texto: 0DTY7
2025-05-02 12:55:00,032 - INFO - Thread 15620 - Sessão 1 - Verificando link com texto: 37.233.759 MARIA GENEROZA H SECUNDES SINTICLEPEMP
2025-05-02 12:55:00,032 - INFO - Thread 15620 - Sessão 1 - Verificando link com texto: 28141000021787832
2025-05-02 12:55:00,032 - INFO - Thread 15620 - Sessão 1 - Verificando link com texto: 20/08/24
2025-05-02 12:55:00,032 - INFO - Thread 15620 - Sessão 1 - Verificando link com texto: 924,41
2025-05-02 12:55:00,032 - INFO - Thread 15620 - Sessão 1 - Verificando link com texto: 0DTY7
2025-05-02 12:55:00,032 - INFO - Thread 15620 - Sessão 1 - Verificando link com texto: 37.233.759 MARIA GENEROZA H SECUNDES SINTICLEPEMP
2025-05-02 12:55:00,032 - INFO - Thread 15620 - Sessão 1 - Verificando link com texto: 28141000021761826
2025-05-02 12:55:00,032 - INFO - Thread 15620 - Sessão 1 - Verificando link com texto: 20/07/24
2025-05-02 12:55:00,032 - INFO - Thread 15620 - Sessão 1 - Verificando link com texto: 924,41
2025-05-02 12:55:00,032 - INFO - Thread 15620 - Sessão 1 - Verificando link com texto: 0DTY7
2025-05-02 12:55:00,032 - INFO - Thread 15620 - Sessão 1 - Verificando link com texto: 37.233.759 MARIA GENEROZA H SECUNDES SINTICLEPEMP
2025-05-02 12:55:00,033 - INFO - Thread 15620 - Sessão 1 - Verificando link com texto: 28141000021732486
2025-05-02 12:55:00,033 - INFO - Thread 15620 - Sessão 1 - Verificando link com texto: 20/06/24
2025-05-02 12:55:00,033 - INFO - Thread 15620 - Sessão 1 - Verificando link com texto: 924,41
2025-05-02 12:55:00,033 - INFO - Thread 15620 - Sessão 1 - Verificando link com texto: 0DTY7
2025-05-02 12:55:00,033 - INFO - Thread 15620 - Sessão 1 - Verificando link com texto: 37.233.759 MARIA GENEROZA H SECUNDES SINTICLEPEMP
2025-05-02 12:55:00,033 - INFO - Thread 15620 - Sessão 1 - Verificando link com texto: 28141000021704712
2025-05-02 12:55:00,033 - INFO - Thread 15620 - Sessão 1 - Verificando link com texto: 20/05/24
2025-05-02 12:55:00,033 - INFO - Thread 15620 - Sessão 1 - Verificando link com texto: 984,3
2025-05-02 12:55:00,033 - INFO - Thread 15620 - Sessão 1 - Verificando link com texto: 0DTY7
2025-05-02 12:55:00,033 - INFO - Thread 15620 - Sessão 1 - Verificando link com texto: 37.233.759 MARIA GENEROZA H SECUNDES SINTICLEPEMP
2025-05-02 12:55:00,033 - INFO - Thread 15620 - Sessão 1 - Verificando link com texto: 28141000021679898
2025-05-02 12:55:00,033 - INFO - Thread 15620 - Sessão 1 - Verificando link com texto: 20/04/24
2025-05-02 12:55:00,034 - INFO - Thread 15620 - Sessão 1 - Verificando link com texto: 848,1
2025-05-02 12:55:00,034 - INFO - Thread 15620 - Sessão 1 - Verificando link com texto: 0DTY7
2025-05-02 12:55:00,034 - INFO - Thread 15620 - Sessão 1 - Verificando link com texto: 37.233.759 MARIA GENEROZA H SECUNDES SINTICLEPEMP
2025-05-02 12:55:00,034 - INFO - Thread 15620 - Sessão 1 - Verificando link com texto: 28141000021651692
2025-05-02 12:55:00,034 - INFO - Thread 15620 - Sessão 1 - Verificando link com texto: 20/03/24
2025-05-02 12:55:00,034 - INFO - Thread 15620 - Sessão 1 - Verificando link com texto: 848,1
2025-05-02 12:55:00,034 - INFO - Thread 15620 - Sessão 1 - Verificando link com texto: 0DTY7
2025-05-02 12:55:00,034 - INFO - Thread 15620 - Sessão 1 - Verificando link com texto: 37.233.759 MARIA GENEROZA H SECUNDES SINTICLEPEMP
2025-05-02 12:55:00,034 - INFO - Thread 15620 - Sessão 1 - Verificando link com texto: 28141000021624463
2025-05-02 12:55:00,034 - INFO - Thread 15620 - Sessão 1 - Verificando link com texto: 20/02/24
2025-05-02 12:55:00,034 - INFO - Thread 15620 - Sessão 1 - Verificando link com texto: 1017,2
2025-05-02 12:55:00,034 - INFO - Thread 15620 - Sessão 1 - Verificando link com texto: 0DTY7
2025-05-02 12:55:00,035 - INFO - Thread 15620 - Sessão 1 - Verificando link com texto: 37.233.759 MARIA GENEROZA H SECUNDES SINTICLEPEMP
2025-05-02 12:55:00,035 - INFO - Thread 15620 - Sessão 1 - Verificando link com texto: 28141000021604275
2025-05-02 12:55:00,035 - INFO - Thread 15620 - Sessão 1 - Verificando link com texto: 20/01/24
2025-05-02 12:55:00,035 - INFO - Thread 15620 - Sessão 1 - Verificando link com texto: 848,1
2025-05-02 12:55:00,035 - INFO - Thread 15620 - Sessão 1 - Verificando link com texto: 0DTY7
2025-05-02 12:55:00,035 - INFO - Thread 15620 - Sessão 1 - Verificando link com texto: 37.233.759 MARIA GENEROZA H SECUNDES SINTICLEPEMP
2025-05-02 12:55:00,035 - INFO - Thread 15620 - Sessão 1 - Verificando link com texto: 28141000021573441
2025-05-02 12:55:00,035 - INFO - Thread 15620 - Sessão 1 - Verificando link com texto: 20/12/23
2025-05-02 12:55:00,035 - INFO - Thread 15620 - Sessão 1 - Verificando link com texto: 848,1
2025-05-02 12:55:00,035 - INFO - Thread 15620 - Sessão 1 - Verificando link com texto: 0DTY7
2025-05-02 12:55:00,035 - INFO - Thread 15620 - Sessão 1 - Verificando link com texto: 37.233.759 MARIA GENEROZA H SECUNDES SINTICLEPEMP
2025-05-02 12:55:00,035 - INFO - Thread 15620 - Sessão 1 - Verificando link com texto: 28141000021545594
2025-05-02 12:55:00,035 - INFO - Thread 15620 - Sessão 1 - Verificando link com texto: 20/11/23
2025-05-02 12:55:00,035 - INFO - Thread 15620 - Sessão 1 - Verificando link com texto: 848,1
2025-05-02 12:55:00,035 - INFO - Thread 15620 - Sessão 1 - Verificando link com texto: 0DTY7
2025-05-02 12:55:00,036 - INFO - Thread 15620 - Sessão 1 - Verificando link com texto: 37.233.759 MARIA GENEROZA H SECUNDES SINTICLEPEMP
2025-05-02 12:55:00,036 - INFO - Thread 15620 - Sessão 1 - Verificando link com texto: 28141000021519067
2025-05-02 12:55:00,036 - INFO - Thread 15620 - Sessão 1 - Verificando link com texto: 20/10/23
2025-05-02 12:55:00,036 - INFO - Thread 15620 - Sessão 1 - Verificando link com texto: 848,1
2025-05-02 12:55:00,036 - INFO - Thread 15620 - Sessão 1 - Verificando link com texto: 0DTY7
2025-05-02 12:55:00,036 - INFO - Thread 15620 - Sessão 1 - Verificando link com texto: 37.233.759 MARIA GENEROZA H SECUNDES SINTICLEPEMP
2025-05-02 12:55:00,036 - INFO - Thread 15620 - Sessão 1 - Verificando link com texto: 28141000021488753
2025-05-02 12:55:00,036 - INFO - Thread 15620 - Sessão 1 - Verificando link com texto: 20/09/23
2025-05-02 12:55:00,036 - INFO - Thread 15620 - Sessão 1 - Verificando link com texto: 848,1
2025-05-02 12:55:00,036 - INFO - Thread 15620 - Sessão 1 - Verificando link com texto: 0DTY7
2025-05-02 12:55:00,036 - INFO - Thread 15620 - Sessão 1 - Verificando link com texto: 37.233.759 MARIA GENEROZA H SECUNDES SINTICLEPEMP
2025-05-02 12:55:00,036 - INFO - Thread 15620 - Sessão 1 - Verificando link com texto: 28141000021463491
2025-05-02 12:55:00,036 - INFO - Thread 15620 - Sessão 1 - Verificando link com texto: 20/08/23
2025-05-02 12:55:00,036 - INFO - Thread 15620 - Sessão 1 - Verificando link com texto: 848,1
2025-05-02 12:55:00,036 - INFO - Thread 15620 - Sessão 1 - Verificando link com texto: 0DTY7
2025-05-02 12:55:00,036 - INFO - Thread 15620 - Sessão 1 - Verificando link com texto: 37.233.759 MARIA GENEROZA H SECUNDES SINTICLEPEMP
2025-05-02 12:55:00,037 - INFO - Thread 15620 - Sessão 1 - Verificando link com texto: 28141000021434148
2025-05-02 12:55:00,037 - INFO - Thread 15620 - Sessão 1 - Verificando link com texto: 10/07/23
2025-05-02 12:55:00,037 - INFO - Thread 15620 - Sessão 1 - Verificando link com texto: 848,1
2025-05-02 12:55:00,037 - INFO - Thread 15620 - Sessão 1 - Verificando link com texto: 0DTY7
2025-05-02 12:55:00,037 - INFO - Thread 15620 - Sessão 1 - Verificando link com texto: 37.233.759 MARIA GENEROZA H SECUNDES SINTICLEPEMP
2025-05-02 12:55:00,037 - INFO - Thread 15620 - Sessão 1 - Verificando link com texto: 28141000021423401
2025-05-02 12:55:00,037 - INFO - Thread 15620 - Sessão 1 - Verificando link com texto: 10/06/23
2025-05-02 12:55:00,037 - INFO - Thread 15620 - Sessão 1 - Verificando link com texto: 927,3
2025-05-02 12:55:00,037 - ERROR - Thread 15620 - Sessão 1 - Data de vencimento 20/05/25 não encontrada. Datas disponíveis: ['0DTY7', '37.233.759 MARIA GENEROZA H SECUNDES SINTICLEPEMP', '28141000021976197', '20/04/25', '1134,5', '0DTY7', '37.233.759 MARIA GENEROZA H SECUNDES SINTICLEPEMP', '28141000021956316', '20/03/25', '1134,5', '0DTY7', '37.233.759 MARIA GENEROZA H SECUNDES SINTICLEPEMP', '28141000021930377', '20/02/25', '1317,15', '0DTY7', '37.233.759 MARIA GENEROZA H SECUNDES SINTICLEPEMP', '28141000021908626', '20/01/25', '924,41', '0DTY7', '37.233.759 MARIA GENEROZA H SECUNDES SINTICLEPEMP', '28141000021887251', '20/12/24', '924,41', '0DTY7', '37.233.759 MARIA GENEROZA H SECUNDES SINTICLEPEMP', '28141000021864258', '20/11/24', '924,41', '0DTY7', '37.233.759 MARIA GENEROZA H SECUNDES SINTICLEPEMP', '28141000021842190', '20/10/24', '924,41', '0DTY7', '37.233.759 MARIA GENEROZA H SECUNDES SINTICLEPEMP', '28141000021814795', '20/09/24', '924,41', '0DTY7', '37.233.759 MARIA GENEROZA H SECUNDES SINTICLEPEMP', '28141000021787832', '20/08/24', '924,41', '0DTY7', '37.233.759 MARIA GENEROZA H SECUNDES SINTICLEPEMP', '28141000021761826', '20/07/24', '924,41', '0DTY7', '37.233.759 MARIA GENEROZA H SECUNDES SINTICLEPEMP', '28141000021732486', '20/06/24', '924,41', '0DTY7', '37.233.759 MARIA GENEROZA H SECUNDES SINTICLEPEMP', '28141000021704712', '20/05/24', '984,3', '0DTY7', '37.233.759 MARIA GENEROZA H SECUNDES SINTICLEPEMP', '28141000021679898', '20/04/24', '848,1', '0DTY7', '37.233.759 MARIA GENEROZA H SECUNDES SINTICLEPEMP', '28141000021651692', '20/03/24', '848,1', '0DTY7', '37.233.759 MARIA GENEROZA H SECUNDES SINTICLEPEMP', '28141000021624463', '20/02/24', '1017,2', '0DTY7', '37.233.759 MARIA GENEROZA H SECUNDES SINTICLEPEMP', '28141000021604275', '20/01/24', '848,1', '0DTY7', '37.233.759 MARIA GENEROZA H SECUNDES SINTICLEPEMP', '28141000021573441', '20/12/23', '848,1', '0DTY7', '37.233.759 MARIA GENEROZA H SECUNDES SINTICLEPEMP', '28141000021545594', '20/11/23', '848,1', '0DTY7', '37.233.759 MARIA GENEROZA H SECUNDES SINTICLEPEMP', '28141000021519067', '20/10/23', '848,1', '0DTY7', '37.233.759 MARIA GENEROZA H SECUNDES SINTICLEPEMP', '28141000021488753', '20/09/23', '848,1', '0DTY7', '37.233.759 MARIA GENEROZA H SECUNDES SINTICLEPEMP', '28141000021463491', '20/08/23', '848,1', '0DTY7', '37.233.759 MARIA GENEROZA H SECUNDES SINTICLEPEMP', '28141000021434148', '10/07/23', '848,1', '0DTY7', '37.233.759 MARIA GENEROZA H SECUNDES SINTICLEPEMP', '28141000021423401', '10/06/23', '927,3']
2025-05-02 12:55:00,038 - INFO - Thread 34132 - Progresso: 2/3 (66%)
2025-05-02 12:55:00,058 - DEBUG - Thread 3300 - https://webhap.hapvida.com.br:443 "GET /pls/webhap/pk_nota_fiscal.listaNotasFiscais?pIdSessao=55021205012516599142 HTTP/11" 200 None
2025-05-02 12:55:00,058 - INFO - Thread 3300 - Sessão 2 - Status da requisição: 200, URL final: https://webhap.hapvida.com.br/pls/webhap/pk_nota_fiscal.listaNotasFiscais?pIdSessao=55021205012516599142
2025-05-02 12:55:00,058 - DEBUG - Thread 3300 - Sessão 2 - Primeiros 500 caracteres do HTML: 
    <head>
    <meta http-equiv="Content-Type" content="text/html; charset=utf-8" />
    <meta name="viewport" content="width=device-width, initial-scale=1.0">
    <title>Hapvida - Plano de Saúde</title>
    <link href="/hapvida/hapvida_avanz/sistema/css/simple-line-icons.css" rel="stylesheet" type="text/css" />
    <link href="/hapvida/hapvida_avanz/sistema/css/stlhapvida.css" rel="stylesheet" type="text/css" />
    <link href="/hapvida/hapvida_avanz/sistema/css/style-ie.css" rel="stylesheet" 
2025-05-02 12:55:00,076 - INFO - Thread 3300 - Sessão 2 - Buscando data de vencimento: 20/05/25
2025-05-02 12:55:00,076 - INFO - Thread 3300 - Sessão 2 - Verificando link com texto: 0CPDD
2025-05-02 12:55:00,076 - INFO - Thread 3300 - Sessão 2 - Verificando link com texto: 44.537.597 EVANIA FERREIRA DA SILVA SINTICLEPEMP
2025-05-02 12:55:00,076 - INFO - Thread 3300 - Sessão 2 - Verificando link com texto: 1010526365865
2025-05-02 12:55:00,076 - INFO - Thread 3300 - Sessão 2 - Verificando link com texto: 20/04/25
2025-05-02 12:55:00,076 - INFO - Thread 3300 - Sessão 2 - Verificando link com texto: 840,36
2025-05-02 12:55:00,076 - INFO - Thread 3300 - Sessão 2 - Verificando link com texto: 0CPDD
2025-05-02 12:55:00,077 - INFO - Thread 3300 - Sessão 2 - Verificando link com texto: 44.537.597 EVANIA FERREIRA DA SILVA SINTICLEPEMP
2025-05-02 12:55:00,077 - INFO - Thread 3300 - Sessão 2 - Verificando link com texto: 1010517416100
2025-05-02 12:55:00,077 - INFO - Thread 3300 - Sessão 2 - Verificando link com texto: 20/03/25
2025-05-02 12:55:00,077 - INFO - Thread 3300 - Sessão 2 - Verificando link com texto: 840,36
2025-05-02 12:55:00,077 - INFO - Thread 3300 - Sessão 2 - Verificando link com texto: 0CPDD
2025-05-02 12:55:00,077 - INFO - Thread 3300 - Sessão 2 - Verificando link com texto: 44.537.597 EVANIA FERREIRA DA SILVA SINTICLEPEMP
2025-05-02 12:55:00,077 - INFO - Thread 3300 - Sessão 2 - Verificando link com texto: 1010502973008
2025-05-02 12:55:00,077 - INFO - Thread 3300 - Sessão 2 - Verificando link com texto: 20/02/25
2025-05-02 12:55:00,077 - INFO - Thread 3300 - Sessão 2 - Verificando link com texto: 840,36
2025-05-02 12:55:00,077 - INFO - Thread 3300 - Sessão 2 - Verificando link com texto: 0CPDD
2025-05-02 12:55:00,077 - INFO - Thread 3300 - Sessão 2 - Verificando link com texto: 44.537.597 EVANIA FERREIRA DA SILVA SINTICLEPEMP
2025-05-02 12:55:00,077 - INFO - Thread 3300 - Sessão 2 - Verificando link com texto: 1010492577407
2025-05-02 12:55:00,077 - INFO - Thread 3300 - Sessão 2 - Verificando link com texto: 20/01/25
2025-05-02 12:55:00,077 - INFO - Thread 3300 - Sessão 2 - Verificando link com texto: 840,36
2025-05-02 12:55:00,077 - INFO - Thread 3300 - Sessão 2 - Verificando link com texto: 0CPDD
2025-05-02 12:55:00,077 - INFO - Thread 3300 - Sessão 2 - Verificando link com texto: 44.537.597 EVANIA FERREIRA DA SILVA SINTICLEPEMP
2025-05-02 12:55:00,078 - INFO - Thread 3300 - Sessão 2 - Verificando link com texto: 1010481536674
2025-05-02 12:55:00,078 - INFO - Thread 3300 - Sessão 2 - Verificando link com texto: 20/12/24
2025-05-02 12:55:00,078 - INFO - Thread 3300 - Sessão 2 - Verificando link com texto: 840,36
2025-05-02 12:55:00,078 - INFO - Thread 3300 - Sessão 2 - Verificando link com texto: 0CPDD
2025-05-02 12:55:00,078 - INFO - Thread 3300 - Sessão 2 - Verificando link com texto: 44.537.597 EVANIA FERREIRA DA SILVA SINTICLEPEMP
2025-05-02 12:55:00,078 - INFO - Thread 3300 - Sessão 2 - Verificando link com texto: 1010468973136
2025-05-02 12:55:00,078 - INFO - Thread 3300 - Sessão 2 - Verificando link com texto: 20/11/24
2025-05-02 12:55:00,078 - INFO - Thread 3300 - Sessão 2 - Verificando link com texto: 840,36
2025-05-02 12:55:00,078 - INFO - Thread 3300 - Sessão 2 - Verificando link com texto: 0CPDD
2025-05-02 12:55:00,078 - INFO - Thread 3300 - Sessão 2 - Verificando link com texto: 44.537.597 EVANIA FERREIRA DA SILVA SINTICLEPEMP
2025-05-02 12:55:00,078 - INFO - Thread 3300 - Sessão 2 - Verificando link com texto: 1010461020753
2025-05-02 12:55:00,078 - INFO - Thread 3300 - Sessão 2 - Verificando link com texto: 20/10/24
2025-05-02 12:55:00,078 - INFO - Thread 3300 - Sessão 2 - Verificando link com texto: 840,36
2025-05-02 12:55:00,078 - INFO - Thread 3300 - Sessão 2 - Verificando link com texto: 0CPDD
2025-05-02 12:55:00,079 - INFO - Thread 3300 - Sessão 2 - Verificando link com texto: 44.537.597 EVANIA FERREIRA DA SILVA SINTICLEPEMP
2025-05-02 12:55:00,079 - INFO - Thread 3300 - Sessão 2 - Verificando link com texto: 1010447319305
2025-05-02 12:55:00,079 - INFO - Thread 3300 - Sessão 2 - Verificando link com texto: 20/09/24
2025-05-02 12:55:00,079 - INFO - Thread 3300 - Sessão 2 - Verificando link com texto: 840,36
2025-05-02 12:55:00,079 - INFO - Thread 3300 - Sessão 2 - Verificando link com texto: 0CPDD
2025-05-02 12:55:00,079 - INFO - Thread 3300 - Sessão 2 - Verificando link com texto: 44.537.597 EVANIA FERREIRA DA SILVA SINTICLEPEMP
2025-05-02 12:55:00,079 - INFO - Thread 3300 - Sessão 2 - Verificando link com texto: 1010435254645
2025-05-02 12:55:00,079 - INFO - Thread 3300 - Sessão 2 - Verificando link com texto: 20/08/24
2025-05-02 12:55:00,079 - INFO - Thread 3300 - Sessão 2 - Verificando link com texto: 840,36
2025-05-02 12:55:00,079 - INFO - Thread 3300 - Sessão 2 - Verificando link com texto: 0CPDD
2025-05-02 12:55:00,079 - INFO - Thread 3300 - Sessão 2 - Verificando link com texto: 44.537.597 EVANIA FERREIRA DA SILVA SINTICLEPEMP
2025-05-02 12:55:00,079 - INFO - Thread 3300 - Sessão 2 - Verificando link com texto: 1010425802801
2025-05-02 12:55:00,079 - INFO - Thread 3300 - Sessão 2 - Verificando link com texto: 20/07/24
2025-05-02 12:55:00,079 - INFO - Thread 3300 - Sessão 2 - Verificando link com texto: 840,36
2025-05-02 12:55:00,079 - INFO - Thread 3300 - Sessão 2 - Verificando link com texto: 0CPDD
2025-05-02 12:55:00,080 - INFO - Thread 3300 - Sessão 2 - Verificando link com texto: 44.537.597 EVANIA FERREIRA DA SILVA SINTICLEPEMP
2025-05-02 12:55:00,080 - INFO - Thread 3300 - Sessão 2 - Verificando link com texto: 1010413641816
2025-05-02 12:55:00,080 - INFO - Thread 3300 - Sessão 2 - Verificando link com texto: 20/06/24
2025-05-02 12:55:00,080 - INFO - Thread 3300 - Sessão 2 - Verificando link com texto: 840,36
2025-05-02 12:55:00,080 - INFO - Thread 3300 - Sessão 2 - Verificando link com texto: 0CPDD
2025-05-02 12:55:00,080 - INFO - Thread 3300 - Sessão 2 - Verificando link com texto: 44.537.597 EVANIA FERREIRA DA SILVA SINTICLEPEMP
2025-05-02 12:55:00,080 - INFO - Thread 3300 - Sessão 2 - Verificando link com texto: 1010402394405
2025-05-02 12:55:00,080 - INFO - Thread 3300 - Sessão 2 - Verificando link com texto: 20/05/24
2025-05-02 12:55:00,080 - INFO - Thread 3300 - Sessão 2 - Verificando link com texto: 894,8
2025-05-02 12:55:00,080 - INFO - Thread 3300 - Sessão 2 - Verificando link com texto: 0CPDD
2025-05-02 12:55:00,080 - INFO - Thread 3300 - Sessão 2 - Verificando link com texto: 44.537.597 EVANIA FERREIRA DA SILVA SINTICLEPEMP
2025-05-02 12:55:00,080 - INFO - Thread 3300 - Sessão 2 - Verificando link com texto: 1010393542621
2025-05-02 12:55:00,080 - INFO - Thread 3300 - Sessão 2 - Verificando link com texto: 20/04/24
2025-05-02 12:55:00,080 - INFO - Thread 3300 - Sessão 2 - Verificando link com texto: 771
2025-05-02 12:55:00,081 - INFO - Thread 3300 - Sessão 2 - Verificando link com texto: 0CPDD
2025-05-02 12:55:00,081 - INFO - Thread 3300 - Sessão 2 - Verificando link com texto: 44.537.597 EVANIA FERREIRA DA SILVA SINTICLEPEMP
2025-05-02 12:55:00,081 - INFO - Thread 3300 - Sessão 2 - Verificando link com texto: 1010380493481
2025-05-02 12:55:00,081 - INFO - Thread 3300 - Sessão 2 - Verificando link com texto: 20/03/24
2025-05-02 12:55:00,081 - INFO - Thread 3300 - Sessão 2 - Verificando link com texto: 771
2025-05-02 12:55:00,081 - INFO - Thread 3300 - Sessão 2 - Verificando link com texto: 0CPDD
2025-05-02 12:55:00,081 - INFO - Thread 3300 - Sessão 2 - Verificando link com texto: 44.537.597 EVANIA FERREIRA DA SILVA SINTICLEPEMP
2025-05-02 12:55:00,081 - INFO - Thread 3300 - Sessão 2 - Verificando link com texto: 1010368370200
2025-05-02 12:55:00,081 - INFO - Thread 3300 - Sessão 2 - Verificando link com texto: 20/02/24
2025-05-02 12:55:00,081 - INFO - Thread 3300 - Sessão 2 - Verificando link com texto: 924,72
2025-05-02 12:55:00,081 - INFO - Thread 3300 - Sessão 2 - Verificando link com texto: 0CPDD
2025-05-02 12:55:00,081 - INFO - Thread 3300 - Sessão 2 - Verificando link com texto: 44.537.597 EVANIA FERREIRA DA SILVA SINTICLEPEMP
2025-05-02 12:55:00,081 - INFO - Thread 3300 - Sessão 2 - Verificando link com texto: 1010360940555
2025-05-02 12:55:00,081 - INFO - Thread 3300 - Sessão 2 - Verificando link com texto: 20/01/24
2025-05-02 12:55:00,081 - INFO - Thread 3300 - Sessão 2 - Verificando link com texto: 771
2025-05-02 12:55:00,081 - INFO - Thread 3300 - Sessão 2 - Verificando link com texto: 0CPDD
2025-05-02 12:55:00,082 - INFO - Thread 3300 - Sessão 2 - Verificando link com texto: 44.537.597 EVANIA FERREIRA DA SILVA SINTICLEPEMP
2025-05-02 12:55:00,082 - INFO - Thread 3300 - Sessão 2 - Verificando link com texto: 1010347715349
2025-05-02 12:55:00,082 - INFO - Thread 3300 - Sessão 2 - Verificando link com texto: 20/12/23
2025-05-02 12:55:00,082 - INFO - Thread 3300 - Sessão 2 - Verificando link com texto: 1119
2025-05-02 12:55:00,082 - INFO - Thread 3300 - Sessão 2 - Verificando link com texto: 0CPDD
2025-05-02 12:55:00,082 - INFO - Thread 3300 - Sessão 2 - Verificando link com texto: 44.537.597 EVANIA FERREIRA DA SILVA SINTICLEPEMP
2025-05-02 12:55:00,082 - INFO - Thread 3300 - Sessão 2 - Verificando link com texto: 1010336992508
2025-05-02 12:55:00,082 - INFO - Thread 3300 - Sessão 2 - Verificando link com texto: 20/11/23
2025-05-02 12:55:00,082 - INFO - Thread 3300 - Sessão 2 - Verificando link com texto: 385,5
2025-05-02 12:55:00,082 - INFO - Thread 3300 - Sessão 2 - Verificando link com texto: 0CPDD
2025-05-02 12:55:00,082 - INFO - Thread 3300 - Sessão 2 - Verificando link com texto: 44.537.597 EVANIA FERREIRA DA SILVA SINTICLEPEMP
2025-05-02 12:55:00,082 - INFO - Thread 3300 - Sessão 2 - Verificando link com texto: 1010326186835
2025-05-02 12:55:00,082 - INFO - Thread 3300 - Sessão 2 - Verificando link com texto: 20/10/23
2025-05-02 12:55:00,082 - INFO - Thread 3300 - Sessão 2 - Verificando link com texto: 385,5
2025-05-02 12:55:00,082 - INFO - Thread 3300 - Sessão 2 - Verificando link com texto: 0CPDD
2025-05-02 12:55:00,082 - INFO - Thread 3300 - Sessão 2 - Verificando link com texto: 44.537.597 EVANIA FERREIRA DA SILVA SINTICLEPEMP
2025-05-02 12:55:00,083 - INFO - Thread 3300 - Sessão 2 - Verificando link com texto: 1010314586698
2025-05-02 12:55:00,083 - INFO - Thread 3300 - Sessão 2 - Verificando link com texto: 20/09/23
2025-05-02 12:55:00,083 - INFO - Thread 3300 - Sessão 2 - Verificando link com texto: 385,5
2025-05-02 12:55:00,083 - INFO - Thread 3300 - Sessão 2 - Verificando link com texto: 0CPDD
2025-05-02 12:55:00,083 - INFO - Thread 3300 - Sessão 2 - Verificando link com texto: 44.537.597 EVANIA FERREIRA DA SILVA SINTICLEPEMP
2025-05-02 12:55:00,083 - INFO - Thread 3300 - Sessão 2 - Verificando link com texto: 1010304987894
2025-05-02 12:55:00,083 - INFO - Thread 3300 - Sessão 2 - Verificando link com texto: 20/08/23
2025-05-02 12:55:00,083 - INFO - Thread 3300 - Sessão 2 - Verificando link com texto: 385,5
2025-05-02 12:55:00,083 - INFO - Thread 3300 - Sessão 2 - Verificando link com texto: 0CPDD
2025-05-02 12:55:00,083 - INFO - Thread 3300 - Sessão 2 - Verificando link com texto: 44.537.597 EVANIA FERREIRA DA SILVA SINTICLEPEMP
2025-05-02 12:55:00,083 - INFO - Thread 3300 - Sessão 2 - Verificando link com texto: 1010293090087
2025-05-02 12:55:00,083 - INFO - Thread 3300 - Sessão 2 - Verificando link com texto: 20/07/23
2025-05-02 12:55:00,083 - INFO - Thread 3300 - Sessão 2 - Verificando link com texto: 385,5
2025-05-02 12:55:00,083 - INFO - Thread 3300 - Sessão 2 - Verificando link com texto: 0CPDD
2025-05-02 12:55:00,084 - INFO - Thread 3300 - Sessão 2 - Verificando link com texto: 44.537.597 EVANIA FERREIRA DA SILVA SINTICLEPEMP
2025-05-02 12:55:00,084 - INFO - Thread 3300 - Sessão 2 - Verificando link com texto: 1010282597096
2025-05-02 12:55:00,084 - INFO - Thread 3300 - Sessão 2 - Verificando link com texto: 20/06/23
2025-05-02 12:55:00,084 - INFO - Thread 3300 - Sessão 2 - Verificando link com texto: 385,5
2025-05-02 12:55:00,084 - INFO - Thread 3300 - Sessão 2 - Verificando link com texto: 0CPDD
2025-05-02 12:55:00,084 - INFO - Thread 3300 - Sessão 2 - Verificando link com texto: 44.537.597 EVANIA FERREIRA DA SILVA SINTICLEPEMP
2025-05-02 12:55:00,084 - INFO - Thread 3300 - Sessão 2 - Verificando link com texto: 1010272478817
2025-05-02 12:55:00,084 - INFO - Thread 3300 - Sessão 2 - Verificando link com texto: 20/05/23
2025-05-02 12:55:00,084 - INFO - Thread 3300 - Sessão 2 - Verificando link com texto: 472,34
2025-05-02 12:55:00,084 - INFO - Thread 3300 - Sessão 2 - Verificando link com texto: 0CPDD
2025-05-02 12:55:00,084 - INFO - Thread 3300 - Sessão 2 - Verificando link com texto: 44.537.597 EVANIA FERREIRA DA SILVA SINTICLEPEMP
2025-05-02 12:55:00,084 - INFO - Thread 3300 - Sessão 2 - Verificando link com texto: 1010262056650
2025-05-02 12:55:00,084 - INFO - Thread 3300 - Sessão 2 - Verificando link com texto: 20/04/23
2025-05-02 12:55:00,084 - INFO - Thread 3300 - Sessão 2 - Verificando link com texto: 344,2
2025-05-02 12:55:00,084 - INFO - Thread 3300 - Sessão 2 - Verificando link com texto: 0CPDD
2025-05-02 12:55:00,085 - INFO - Thread 3300 - Sessão 2 - Verificando link com texto: 44.537.597 EVANIA FERREIRA DA SILVA SINTICLEPEMP
2025-05-02 12:55:00,085 - INFO - Thread 3300 - Sessão 2 - Verificando link com texto: 28141000021153611
2025-05-02 12:55:00,085 - INFO - Thread 3300 - Sessão 2 - Verificando link com texto: 20/03/23
2025-05-02 12:55:00,085 - INFO - Thread 3300 - Sessão 2 - Verificando link com texto: 379,56
2025-05-02 12:55:00,085 - ERROR - Thread 3300 - Sessão 2 - Data de vencimento 20/05/25 não encontrada. Datas disponíveis: ['0CPDD', '44.537.597 EVANIA FERREIRA DA SILVA SINTICLEPEMP', '1010526365865', '20/04/25', '840,36', '0CPDD', '44.537.597 EVANIA FERREIRA DA SILVA SINTICLEPEMP', '1010517416100', '20/03/25', '840,36', '0CPDD', '44.537.597 EVANIA FERREIRA DA SILVA SINTICLEPEMP', '1010502973008', '20/02/25', '840,36', '0CPDD', '44.537.597 EVANIA FERREIRA DA SILVA SINTICLEPEMP', '1010492577407', '20/01/25', '840,36', '0CPDD', '44.537.597 EVANIA FERREIRA DA SILVA SINTICLEPEMP', '1010481536674', '20/12/24', '840,36', '0CPDD', '44.537.597 EVANIA FERREIRA DA SILVA SINTICLEPEMP', '1010468973136', '20/11/24', '840,36', '0CPDD', '44.537.597 EVANIA FERREIRA DA SILVA SINTICLEPEMP', '1010461020753', '20/10/24', '840,36', '0CPDD', '44.537.597 EVANIA FERREIRA DA SILVA SINTICLEPEMP', '1010447319305', '20/09/24', '840,36', '0CPDD', '44.537.597 EVANIA FERREIRA DA SILVA SINTICLEPEMP', '1010435254645', '20/08/24', '840,36', '0CPDD', '44.537.597 EVANIA FERREIRA DA SILVA SINTICLEPEMP', '1010425802801', '20/07/24', '840,36', '0CPDD', '44.537.597 EVANIA FERREIRA DA SILVA SINTICLEPEMP', '1010413641816', '20/06/24', '840,36', '0CPDD', '44.537.597 EVANIA FERREIRA DA SILVA SINTICLEPEMP', '1010402394405', '20/05/24', '894,8', '0CPDD', '44.537.597 EVANIA FERREIRA DA SILVA SINTICLEPEMP', '1010393542621', '20/04/24', '771', '0CPDD', '44.537.597 EVANIA FERREIRA DA SILVA SINTICLEPEMP', '1010380493481', '20/03/24', '771', '0CPDD', '44.537.597 EVANIA FERREIRA DA SILVA SINTICLEPEMP', '1010368370200', '20/02/24', '924,72', '0CPDD', '44.537.597 EVANIA FERREIRA DA SILVA SINTICLEPEMP', '1010360940555', '20/01/24', '771', '0CPDD', '44.537.597 EVANIA FERREIRA DA SILVA SINTICLEPEMP', '1010347715349', '20/12/23', '1119', '0CPDD', '44.537.597 EVANIA FERREIRA DA SILVA SINTICLEPEMP', '1010336992508', '20/11/23', '385,5', '0CPDD', '44.537.597 EVANIA FERREIRA DA SILVA SINTICLEPEMP', '1010326186835', '20/10/23', '385,5', '0CPDD', '44.537.597 EVANIA FERREIRA DA SILVA SINTICLEPEMP', '1010314586698', '20/09/23', '385,5', '0CPDD', '44.537.597 EVANIA FERREIRA DA SILVA SINTICLEPEMP', '1010304987894', '20/08/23', '385,5', '0CPDD', '44.537.597 EVANIA FERREIRA DA SILVA SINTICLEPEMP', '1010293090087', '20/07/23', '385,5', '0CPDD', '44.537.597 EVANIA FERREIRA DA SILVA SINTICLEPEMP', '1010282597096', '20/06/23', '385,5', '0CPDD', '44.537.597 EVANIA FERREIRA DA SILVA SINTICLEPEMP', '1010272478817', '20/05/23', '472,34', '0CPDD', '44.537.597 EVANIA FERREIRA DA SILVA SINTICLEPEMP', '1010262056650', '20/04/23', '344,2', '0CPDD', '44.537.597 EVANIA FERREIRA DA SILVA SINTICLEPEMP', '28141000021153611', '20/03/23', '379,56']
2025-05-02 12:55:00,085 - INFO - Thread 34132 - Progresso: 3/3 (100%)
2025-05-02 12:55:00,111 - INFO - Thread 34132 - Status atualizados no Excel com sucesso
2025-05-02 12:55:00,111 - INFO - Thread 34132 - Extração de notas fiscais concluída
2025-05-02 12:55:00,113 - INFO - Thread 34132 - Sessão 1 fechada com sucesso
2025-05-02 12:55:00,114 - INFO - Thread 34132 - Sessão 2 fechada com sucesso
2025-05-02 12:55:00,116 - INFO - Thread 34132 - Sessão 3 fechada com sucesso
2025-05-02 12:55:00,116 - INFO - Thread 34132 - Sessão 4 fechada com sucesso
2025-05-02 12:55:00,116 - INFO - Thread 34132 - Sessão 5 fechada com sucesso
2025-05-02 12:55:00,116 - INFO - Thread 34132 - Sessão 6 fechada com sucesso
2025-05-02 12:55:00,116 - INFO - Thread 34132 - Sessão 7 fechada com sucesso
2025-05-02 12:55:00,116 - INFO - Thread 34132 - Sessão 8 fechada com sucesso
2025-05-02 12:55:00,116 - INFO - Thread 34132 - Extração de notas fiscais concluída. 6 notas geradas.
